mode: atomic
github.com/saredigital/sarepost/cmd/postflow/main.go:10.13,12.2 1 0
github.com/saredigital/sarepost/cmd/postflow-server/main.go:28.13,30.16 2 0
github.com/saredigital/sarepost/cmd/postflow-server/main.go:30.16,31.45 1 0
github.com/saredigital/sarepost/cmd/postflow-server/main.go:33.2,35.56 2 0
github.com/saredigital/sarepost/cmd/postflow-server/main.go:35.56,38.3 2 0
github.com/saredigital/sarepost/cmd/postflow-server/main.go:40.2,41.16 2 0
github.com/saredigital/sarepost/cmd/postflow-server/main.go:41.16,44.3 2 0
github.com/saredigital/sarepost/cmd/postflow-server/main.go:45.2,47.57 2 0
github.com/saredigital/sarepost/cmd/postflow-server/main.go:47.57,48.58 1 0
github.com/saredigital/sarepost/cmd/postflow-server/main.go:48.58,51.4 2 0
github.com/saredigital/sarepost/cmd/postflow-server/main.go:52.3,52.121 1 0
github.com/saredigital/sarepost/cmd/postflow-server/main.go:52.121,55.4 2 0
github.com/saredigital/sarepost/cmd/postflow-server/main.go:57.2,58.16 2 0
github.com/saredigital/sarepost/cmd/postflow-server/main.go:58.16,61.3 2 0
github.com/saredigital/sarepost/cmd/postflow-server/main.go:63.2,64.16 2 0
github.com/saredigital/sarepost/cmd/postflow-server/main.go:64.16,67.3 2 0
github.com/saredigital/sarepost/cmd/postflow-server/main.go:69.2,70.16 2 0
github.com/saredigital/sarepost/cmd/postflow-server/main.go:70.16,73.3 2 0
github.com/saredigital/sarepost/cmd/postflow-server/main.go:75.2,110.12 7 0
github.com/saredigital/sarepost/cmd/postflow-server/main.go:110.12,115.3 4 0
github.com/saredigital/sarepost/cmd/postflow-server/main.go:117.2,118.83 2 0
github.com/saredigital/sarepost/cmd/postflow-server/main.go:118.83,121.3 2 0
github.com/saredigital/sarepost/cmd/postflow-server/main.go:124.106,126.16 2 0
github.com/saredigital/sarepost/cmd/postflow-server/main.go:127.18,133.9 1 0
github.com/saredigital/sarepost/cmd/postflow-server/main.go:134.27,154.109 6 0
github.com/saredigital/sarepost/cmd/postflow-server/main.go:155.10,156.99 1 0
github.com/saredigital/sarepost/cmd/postflow-server/main.go:160.90,162.16 2 1
github.com/saredigital/sarepost/cmd/postflow-server/main.go:162.16,164.3 1 0
github.com/saredigital/sarepost/cmd/postflow-server/main.go:165.2,165.50 1 1
github.com/saredigital/sarepost/cmd/postflow-server/main.go:165.50,167.20 2 1
github.com/saredigital/sarepost/cmd/postflow-server/main.go:167.20,169.4 1 0
github.com/saredigital/sarepost/cmd/postflow-server/main.go:170.3,176.9 2 1
github.com/saredigital/sarepost/cmd/postflow-server/main.go:180.53,182.19 2 2
github.com/saredigital/sarepost/cmd/postflow-server/main.go:182.19,184.3 1 0
github.com/saredigital/sarepost/cmd/postflow-server/main.go:185.2,185.55 1 2
github.com/saredigital/sarepost/cmd/postflow-server/main.go:188.63,190.47 2 2
github.com/saredigital/sarepost/cmd/postflow-server/main.go:190.47,192.3 1 0
github.com/saredigital/sarepost/cmd/postflow-server/main.go:193.2,193.18 1 2
github.com/saredigital/sarepost/cmd/postflow-server/main.go:194.48,195.16 1 1
github.com/saredigital/sarepost/cmd/postflow-server/main.go:196.19,197.16 1 0
github.com/saredigital/sarepost/cmd/postflow-server/main.go:198.19,199.16 1 0
github.com/saredigital/sarepost/cmd/postflow-server/main.go:200.25,201.16 1 0
github.com/saredigital/sarepost/cmd/postflow-server/main.go:203.2,203.70 1 1
github.com/saredigital/sarepost/cmd/postflow-server/main.go:203.70,205.38 2 1
github.com/saredigital/sarepost/cmd/postflow-server/main.go:205.38,207.4 1 1
github.com/saredigital/sarepost/cmd/postflow-server/main.go:209.2,209.11 1 0
github.com/saredigital/sarepost/cmd/postflow-server/main.go:212.50,213.47 1 1
github.com/saredigital/sarepost/cmd/postflow-server/main.go:213.47,215.3 1 0
github.com/saredigital/sarepost/cmd/postflow-server/main.go:216.2,216.28 1 1
github.com/saredigital/sarepost/cmd/postflow-server/main.go:216.28,217.55 1 3
github.com/saredigital/sarepost/cmd/postflow-server/main.go:217.55,218.12 1 3
github.com/saredigital/sarepost/cmd/postflow-server/main.go:220.3,220.15 1 0
github.com/saredigital/sarepost/cmd/postflow-server/main.go:222.2,222.13 1 1
github.com/saredigital/sarepost/internal/observability/logger.go:9.39,15.2 3 0
github.com/saredigital/sarepost/internal/observability/logger.go:17.42,18.51 1 0
github.com/saredigital/sarepost/internal/observability/logger.go:19.15,20.25 1 0
github.com/saredigital/sarepost/internal/observability/logger.go:21.25,22.24 1 0
github.com/saredigital/sarepost/internal/observability/logger.go:23.15,24.25 1 0
github.com/saredigital/sarepost/internal/observability/logger.go:25.10,26.24 1 0
github.com/saredigital/sarepost/internal/domain/domain.go:29.75,30.18 1 0
github.com/saredigital/sarepost/internal/domain/domain.go:31.24,32.14 1 0
github.com/saredigital/sarepost/internal/domain/domain.go:33.52,34.30 1 0
github.com/saredigital/sarepost/internal/domain/domain.go:35.32,36.34 1 0
github.com/saredigital/sarepost/internal/domain/domain.go:37.11,38.13 1 0
github.com/saredigital/sarepost/internal/domain/domain.go:40.10,41.14 1 0
github.com/saredigital/sarepost/internal/domain/domain.go:42.31,43.29 1 0
github.com/saredigital/sarepost/internal/domain/domain.go:44.11,45.13 1 0
github.com/saredigital/sarepost/internal/capabilities/registry.go:41.48,66.2 1 0
github.com/saredigital/sarepost/scripts/hash-password.go:10.13,11.22 1 0
github.com/saredigital/sarepost/scripts/hash-password.go:11.22,14.3 2 0
github.com/saredigital/sarepost/scripts/hash-password.go:16.2,17.16 2 0
github.com/saredigital/sarepost/scripts/hash-password.go:17.16,20.3 2 0
github.com/saredigital/sarepost/scripts/hash-password.go:22.2,22.27 1 0
github.com/saredigital/sarepost/internal/application/media/service.go:35.36,36.16 1 5
github.com/saredigital/sarepost/internal/application/media/service.go:36.16,38.3 1 2
github.com/saredigital/sarepost/internal/application/media/service.go:39.2,39.26 1 3
github.com/saredigital/sarepost/internal/application/media/service.go:39.26,41.3 1 2
github.com/saredigital/sarepost/internal/application/media/service.go:42.2,42.14 1 1
github.com/saredigital/sarepost/internal/application/media/service.go:45.84,47.2 1 1
github.com/saredigital/sarepost/internal/application/media/service.go:49.84,51.19 2 3
github.com/saredigital/sarepost/internal/application/media/service.go:51.19,53.3 1 1
github.com/saredigital/sarepost/internal/application/media/service.go:55.2,56.16 2 2
github.com/saredigital/sarepost/internal/application/media/service.go:56.16,58.3 1 0
github.com/saredigital/sarepost/internal/application/media/service.go:60.2,61.21 2 2
github.com/saredigital/sarepost/internal/application/media/service.go:64.89,66.16 2 1
github.com/saredigital/sarepost/internal/application/media/service.go:66.16,68.3 1 0
github.com/saredigital/sarepost/internal/application/media/service.go:69.2,69.31 1 1
github.com/saredigital/sarepost/internal/application/media/service.go:69.31,71.3 1 2
github.com/saredigital/sarepost/internal/application/media/service.go:72.2,72.21 1 1
github.com/saredigital/sarepost/internal/application/media/service.go:75.42,76.16 1 4
github.com/saredigital/sarepost/internal/application/media/service.go:76.16,78.3 1 0
github.com/saredigital/sarepost/internal/application/media/service.go:79.2,80.19 2 4
github.com/saredigital/sarepost/internal/application/media/service.go:80.19,82.3 1 4
github.com/saredigital/sarepost/internal/application/media/service.go:83.2,84.51 2 4
github.com/saredigital/sarepost/internal/application/media/service.go:84.52,85.3 0 0
github.com/saredigital/sarepost/internal/application/publishcycle/runner.go:35.46,37.19 2 7
github.com/saredigital/sarepost/internal/application/publishcycle/runner.go:37.19,39.3 1 7
github.com/saredigital/sarepost/internal/application/publishcycle/runner.go:41.2,42.16 2 7
github.com/saredigital/sarepost/internal/application/publishcycle/runner.go:42.16,45.3 2 0
github.com/saredigital/sarepost/internal/application/publishcycle/runner.go:46.2,46.20 1 7
github.com/saredigital/sarepost/internal/application/publishcycle/runner.go:46.20,48.3 1 7
github.com/saredigital/sarepost/internal/application/publishcycle/runner.go:50.2,50.29 1 7
github.com/saredigital/sarepost/internal/application/publishcycle/runner.go:50.29,52.74 2 7
github.com/saredigital/sarepost/internal/application/publishcycle/runner.go:52.74,54.4 1 0
github.com/saredigital/sarepost/internal/application/publishcycle/runner.go:55.3,56.26 2 7
github.com/saredigital/sarepost/internal/application/publishcycle/runner.go:56.26,58.4 1 7
github.com/saredigital/sarepost/internal/application/publishcycle/runner.go:59.3,61.17 3 7
github.com/saredigital/sarepost/internal/application/publishcycle/runner.go:61.17,65.12 4 0
github.com/saredigital/sarepost/internal/application/publishcycle/runner.go:68.3,69.10 2 7
github.com/saredigital/sarepost/internal/application/publishcycle/runner.go:69.10,74.12 5 1
github.com/saredigital/sarepost/internal/application/publishcycle/runner.go:77.3,78.17 2 6
github.com/saredigital/sarepost/internal/application/publishcycle/runner.go:78.17,82.12 4 0
github.com/saredigital/sarepost/internal/application/publishcycle/runner.go:85.3,86.17 2 6
github.com/saredigital/sarepost/internal/application/publishcycle/runner.go:86.17,91.12 5 0
github.com/saredigital/sarepost/internal/application/publishcycle/runner.go:94.3,97.78 2 6
github.com/saredigital/sarepost/internal/application/publishcycle/runner.go:97.78,100.61 3 2
github.com/saredigital/sarepost/internal/application/publishcycle/runner.go:100.61,102.5 1 1
github.com/saredigital/sarepost/internal/application/publishcycle/runner.go:103.4,104.18 2 2
github.com/saredigital/sarepost/internal/application/publishcycle/runner.go:104.18,108.13 4 1
github.com/saredigital/sarepost/internal/application/publishcycle/runner.go:110.4,110.79 1 1
github.com/saredigital/sarepost/internal/application/publishcycle/runner.go:110.79,115.13 5 1
github.com/saredigital/sarepost/internal/application/publishcycle/runner.go:117.4,118.41 2 0
github.com/saredigital/sarepost/internal/application/publishcycle/runner.go:118.41,120.5 1 0
github.com/saredigital/sarepost/internal/application/publishcycle/runner.go:120.10,122.5 1 0
github.com/saredigital/sarepost/internal/application/publishcycle/runner.go:125.3,126.39 2 4
github.com/saredigital/sarepost/internal/application/publishcycle/runner.go:126.39,128.18 2 2
github.com/saredigital/sarepost/internal/application/publishcycle/runner.go:128.18,130.5 1 2
github.com/saredigital/sarepost/internal/application/publishcycle/runner.go:132.3,132.17 1 4
github.com/saredigital/sarepost/internal/application/publishcycle/runner.go:132.17,133.44 1 2
github.com/saredigital/sarepost/internal/application/publishcycle/runner.go:133.44,136.13 3 1
github.com/saredigital/sarepost/internal/application/publishcycle/runner.go:138.4,140.26 3 1
github.com/saredigital/sarepost/internal/application/publishcycle/runner.go:140.26,142.5 1 1
github.com/saredigital/sarepost/internal/application/publishcycle/runner.go:143.4,144.12 2 1
github.com/saredigital/sarepost/internal/application/publishcycle/runner.go:147.3,149.87 3 2
github.com/saredigital/sarepost/internal/application/publishcycle/runner.go:149.87,151.12 2 0
github.com/saredigital/sarepost/internal/application/publishcycle/runner.go:153.3,154.241 2 2
github.com/saredigital/sarepost/internal/application/publishcycle/runner.go:158.143,159.30 1 4
github.com/saredigital/sarepost/internal/application/publishcycle/runner.go:159.30,161.3 1 3
github.com/saredigital/sarepost/internal/application/publishcycle/runner.go:162.2,163.16 2 1
github.com/saredigital/sarepost/internal/application/publishcycle/runner.go:163.16,165.3 1 0
github.com/saredigital/sarepost/internal/application/publishcycle/runner.go:166.2,170.34 1 1
github.com/saredigital/sarepost/internal/application/publishcycle/runner.go:170.34,172.3 1 0
github.com/saredigital/sarepost/internal/application/publishcycle/runner.go:175.188,176.11 1 8
github.com/saredigital/sarepost/internal/application/publishcycle/runner.go:176.11,179.3 2 2
github.com/saredigital/sarepost/internal/application/publishcycle/runner.go:180.2,181.16 2 8
github.com/saredigital/sarepost/internal/application/publishcycle/runner.go:181.16,183.3 1 0
github.com/saredigital/sarepost/internal/application/publishcycle/runner.go:184.2,184.13 1 8
github.com/saredigital/sarepost/internal/application/publishcycle/runner.go:184.13,185.81 1 0
github.com/saredigital/sarepost/internal/application/publishcycle/runner.go:185.81,187.4 1 0
github.com/saredigital/sarepost/internal/application/publishcycle/runner.go:189.2,189.21 1 8
github.com/saredigital/sarepost/internal/application/publishcycle/runner.go:192.36,193.16 1 4
github.com/saredigital/sarepost/internal/application/publishcycle/runner.go:193.16,195.3 1 0
github.com/saredigital/sarepost/internal/application/publishcycle/runner.go:196.2,197.120 2 4
github.com/saredigital/sarepost/internal/application/publishcycle/runner.go:200.54,201.16 1 2
github.com/saredigital/sarepost/internal/application/publishcycle/runner.go:201.16,203.3 1 0
github.com/saredigital/sarepost/internal/application/publishcycle/runner.go:204.2,205.41 2 2
github.com/saredigital/sarepost/internal/application/publishcycle/runner.go:205.41,207.3 1 1
github.com/saredigital/sarepost/internal/application/publishcycle/runner.go:208.2,208.92 1 1
github.com/saredigital/sarepost/internal/application/publishcycle/runner.go:208.92,210.3 1 1
github.com/saredigital/sarepost/internal/application/publishcycle/runner.go:211.2,211.79 1 0
github.com/saredigital/sarepost/internal/application/publishcycle/runner.go:214.61,216.2 1 2
github.com/saredigital/sarepost/internal/application/publishcycle/runner.go:222.51,224.2 1 1
github.com/saredigital/sarepost/internal/application/publishcycle/runner.go:226.32,228.19 2 5
github.com/saredigital/sarepost/internal/application/publishcycle/runner.go:228.19,230.3 1 1
github.com/saredigital/sarepost/internal/application/publishcycle/runner.go:231.2,231.17 1 4
github.com/saredigital/sarepost/internal/db/accounts.go:32.110,35.20 3 35
github.com/saredigital/sarepost/internal/db/accounts.go:35.20,37.3 1 0
github.com/saredigital/sarepost/internal/db/accounts.go:38.2,39.23 2 35
github.com/saredigital/sarepost/internal/db/accounts.go:39.23,41.3 1 0
github.com/saredigital/sarepost/internal/db/accounts.go:42.2,42.22 1 35
github.com/saredigital/sarepost/internal/db/accounts.go:42.22,44.3 1 0
github.com/saredigital/sarepost/internal/db/accounts.go:45.2,46.23 2 35
github.com/saredigital/sarepost/internal/db/accounts.go:46.23,48.3 1 0
github.com/saredigital/sarepost/internal/db/accounts.go:49.2,50.49 2 35
github.com/saredigital/sarepost/internal/db/accounts.go:50.49,52.3 1 0
github.com/saredigital/sarepost/internal/db/accounts.go:53.2,54.45 2 35
github.com/saredigital/sarepost/internal/db/accounts.go:54.45,56.3 1 0
github.com/saredigital/sarepost/internal/db/accounts.go:57.2,58.60 2 35
github.com/saredigital/sarepost/internal/db/accounts.go:58.60,60.3 1 0
github.com/saredigital/sarepost/internal/db/accounts.go:61.2,64.50 3 35
github.com/saredigital/sarepost/internal/db/accounts.go:64.50,66.3 1 0
github.com/saredigital/sarepost/internal/db/accounts.go:67.2,67.16 1 35
github.com/saredigital/sarepost/internal/db/accounts.go:67.16,69.35 2 0
github.com/saredigital/sarepost/internal/db/accounts.go:69.35,71.4 1 0
github.com/saredigital/sarepost/internal/db/accounts.go:72.3,72.61 1 0
github.com/saredigital/sarepost/internal/db/accounts.go:72.61,74.4 1 0
github.com/saredigital/sarepost/internal/db/accounts.go:75.3,80.23 2 0
github.com/saredigital/sarepost/internal/db/accounts.go:80.23,82.4 1 0
github.com/saredigital/sarepost/internal/db/accounts.go:83.3,83.40 1 0
github.com/saredigital/sarepost/internal/db/accounts.go:86.2,87.16 2 35
github.com/saredigital/sarepost/internal/db/accounts.go:87.16,89.3 1 0
github.com/saredigital/sarepost/internal/db/accounts.go:90.2,94.16 2 35
github.com/saredigital/sarepost/internal/db/accounts.go:94.16,96.3 1 0
github.com/saredigital/sarepost/internal/db/accounts.go:97.2,97.30 1 35
github.com/saredigital/sarepost/internal/db/accounts.go:100.117,102.21 2 5
github.com/saredigital/sarepost/internal/db/accounts.go:102.21,104.3 1 1
github.com/saredigital/sarepost/internal/db/accounts.go:105.2,105.65 1 4
github.com/saredigital/sarepost/internal/db/accounts.go:105.65,107.3 1 2
github.com/saredigital/sarepost/internal/db/accounts.go:108.2,109.24 2 2
github.com/saredigital/sarepost/internal/db/accounts.go:109.24,111.3 1 0
github.com/saredigital/sarepost/internal/db/accounts.go:112.2,121.12 2 2
github.com/saredigital/sarepost/internal/db/accounts.go:124.108,132.16 4 1
github.com/saredigital/sarepost/internal/db/accounts.go:132.16,134.3 1 0
github.com/saredigital/sarepost/internal/db/accounts.go:135.2,136.19 2 1
github.com/saredigital/sarepost/internal/db/accounts.go:139.90,149.16 6 45
github.com/saredigital/sarepost/internal/db/accounts.go:149.16,150.36 1 0
github.com/saredigital/sarepost/internal/db/accounts.go:150.36,152.4 1 0
github.com/saredigital/sarepost/internal/db/accounts.go:153.3,153.37 1 0
github.com/saredigital/sarepost/internal/db/accounts.go:155.2,155.21 1 45
github.com/saredigital/sarepost/internal/db/accounts.go:155.21,157.18 2 1
github.com/saredigital/sarepost/internal/db/accounts.go:157.18,159.4 1 1
github.com/saredigital/sarepost/internal/db/accounts.go:161.2,165.17 5 45
github.com/saredigital/sarepost/internal/db/accounts.go:168.183,171.26 3 35
github.com/saredigital/sarepost/internal/db/accounts.go:171.26,173.3 1 0
github.com/saredigital/sarepost/internal/db/accounts.go:174.2,181.16 2 35
github.com/saredigital/sarepost/internal/db/accounts.go:181.16,183.3 1 35
github.com/saredigital/sarepost/internal/db/accounts.go:184.2,184.30 1 0
github.com/saredigital/sarepost/internal/db/accounts.go:187.83,193.16 2 1
github.com/saredigital/sarepost/internal/db/accounts.go:193.16,195.3 1 0
github.com/saredigital/sarepost/internal/db/accounts.go:196.2,198.18 3 1
github.com/saredigital/sarepost/internal/db/accounts.go:198.18,203.199 5 2
github.com/saredigital/sarepost/internal/db/accounts.go:203.199,205.4 1 0
github.com/saredigital/sarepost/internal/db/accounts.go:206.3,206.22 1 2
github.com/saredigital/sarepost/internal/db/accounts.go:206.22,208.19 2 0
github.com/saredigital/sarepost/internal/db/accounts.go:208.19,210.5 1 0
github.com/saredigital/sarepost/internal/db/accounts.go:212.3,216.26 5 2
github.com/saredigital/sarepost/internal/db/accounts.go:218.2,218.24 1 1
github.com/saredigital/sarepost/internal/db/accounts.go:221.91,223.14 2 3
github.com/saredigital/sarepost/internal/db/accounts.go:223.14,225.3 1 0
github.com/saredigital/sarepost/internal/db/accounts.go:226.2,227.16 2 3
github.com/saredigital/sarepost/internal/db/accounts.go:227.16,229.3 1 0
github.com/saredigital/sarepost/internal/db/accounts.go:230.2,230.42 1 3
github.com/saredigital/sarepost/internal/db/accounts.go:230.42,232.3 1 1
github.com/saredigital/sarepost/internal/db/accounts.go:233.2,238.16 2 2
github.com/saredigital/sarepost/internal/db/accounts.go:238.16,240.3 1 0
github.com/saredigital/sarepost/internal/db/accounts.go:241.2,242.19 2 2
github.com/saredigital/sarepost/internal/db/accounts.go:242.19,244.3 1 0
github.com/saredigital/sarepost/internal/db/accounts.go:245.2,245.12 1 2
github.com/saredigital/sarepost/internal/db/accounts.go:248.38,249.11 1 37
github.com/saredigital/sarepost/internal/db/accounts.go:249.11,251.3 1 1
github.com/saredigital/sarepost/internal/db/accounts.go:252.2,252.10 1 36
github.com/saredigital/sarepost/internal/db/accounts.go:255.73,262.16 3 2
github.com/saredigital/sarepost/internal/db/accounts.go:262.16,264.3 1 0
github.com/saredigital/sarepost/internal/db/accounts.go:265.2,266.19 2 2
github.com/saredigital/sarepost/internal/db/accounts.go:266.19,268.3 1 0
github.com/saredigital/sarepost/internal/db/accounts.go:269.2,269.12 1 2
github.com/saredigital/sarepost/internal/db/accounts.go:272.123,279.16 3 2
github.com/saredigital/sarepost/internal/db/accounts.go:279.16,281.3 1 0
github.com/saredigital/sarepost/internal/db/accounts.go:282.2,283.19 2 2
github.com/saredigital/sarepost/internal/db/accounts.go:283.19,285.3 1 0
github.com/saredigital/sarepost/internal/db/accounts.go:286.2,286.12 1 2
github.com/saredigital/sarepost/internal/db/accounts.go:289.69,291.14 2 2
github.com/saredigital/sarepost/internal/db/accounts.go:291.14,293.3 1 0
github.com/saredigital/sarepost/internal/db/accounts.go:294.2,295.16 2 2
github.com/saredigital/sarepost/internal/db/accounts.go:295.16,297.3 1 0
github.com/saredigital/sarepost/internal/db/accounts.go:298.2,298.56 1 2
github.com/saredigital/sarepost/internal/db/accounts.go:298.56,300.3 1 0
github.com/saredigital/sarepost/internal/db/accounts.go:301.2,306.40 2 2
github.com/saredigital/sarepost/internal/db/accounts.go:306.40,308.3 1 0
github.com/saredigital/sarepost/internal/db/accounts.go:309.2,309.21 1 2
github.com/saredigital/sarepost/internal/db/accounts.go:309.21,311.3 1 2
github.com/saredigital/sarepost/internal/db/accounts.go:312.2,313.16 2 0
github.com/saredigital/sarepost/internal/db/accounts.go:313.16,315.3 1 0
github.com/saredigital/sarepost/internal/db/accounts.go:316.2,318.107 2 0
github.com/saredigital/sarepost/internal/db/accounts.go:318.107,320.3 1 0
github.com/saredigital/sarepost/internal/db/accounts.go:321.2,322.16 2 0
github.com/saredigital/sarepost/internal/db/accounts.go:322.16,324.3 1 0
github.com/saredigital/sarepost/internal/db/accounts.go:325.2,326.19 2 0
github.com/saredigital/sarepost/internal/db/accounts.go:326.19,328.3 1 0
github.com/saredigital/sarepost/internal/db/accounts.go:329.2,329.20 1 0
github.com/saredigital/sarepost/internal/db/accounts.go:332.107,333.39 1 2
github.com/saredigital/sarepost/internal/db/accounts.go:333.39,335.17 2 2
github.com/saredigital/sarepost/internal/db/accounts.go:335.17,337.4 1 0
github.com/saredigital/sarepost/internal/db/accounts.go:338.3,338.16 1 2
github.com/saredigital/sarepost/internal/db/accounts.go:340.2,340.42 1 2
github.com/saredigital/sarepost/internal/db/accounts.go:340.42,342.3 1 0
github.com/saredigital/sarepost/internal/db/accounts.go:343.2,343.53 1 2
github.com/saredigital/sarepost/internal/db/accounts.go:343.53,345.3 1 0
github.com/saredigital/sarepost/internal/db/accounts.go:346.2,346.30 1 2
github.com/saredigital/sarepost/internal/db/accounts.go:346.30,348.3 1 0
github.com/saredigital/sarepost/internal/db/accounts.go:349.2,354.16 3 2
github.com/saredigital/sarepost/internal/db/accounts.go:354.16,356.3 1 0
github.com/saredigital/sarepost/internal/db/accounts.go:357.2,357.19 1 2
github.com/saredigital/sarepost/internal/db/accounts.go:360.100,362.20 2 4
github.com/saredigital/sarepost/internal/db/accounts.go:362.20,364.3 1 0
github.com/saredigital/sarepost/internal/db/accounts.go:365.2,366.16 2 4
github.com/saredigital/sarepost/internal/db/accounts.go:366.16,368.3 1 0
github.com/saredigital/sarepost/internal/db/accounts.go:369.2,378.16 5 4
github.com/saredigital/sarepost/internal/db/accounts.go:378.16,380.3 1 2
github.com/saredigital/sarepost/internal/db/accounts.go:381.2,383.46 3 2
github.com/saredigital/sarepost/internal/db/accounts.go:383.46,384.99 1 1
github.com/saredigital/sarepost/internal/db/accounts.go:384.99,386.4 1 0
github.com/saredigital/sarepost/internal/db/accounts.go:387.3,387.37 1 1
github.com/saredigital/sarepost/internal/db/accounts.go:387.37,389.4 1 0
github.com/saredigital/sarepost/internal/db/accounts.go:390.3,390.64 1 1
github.com/saredigital/sarepost/internal/db/accounts.go:392.2,392.98 1 1
github.com/saredigital/sarepost/internal/db/accounts.go:392.98,394.3 1 0
github.com/saredigital/sarepost/internal/db/accounts.go:395.2,395.36 1 1
github.com/saredigital/sarepost/internal/db/accounts.go:395.36,397.3 1 0
github.com/saredigital/sarepost/internal/db/accounts.go:398.2,398.19 1 1
github.com/saredigital/sarepost/internal/db/accounts.go:401.128,409.16 3 2
github.com/saredigital/sarepost/internal/db/accounts.go:409.16,410.36 1 1
github.com/saredigital/sarepost/internal/db/accounts.go:410.36,412.4 1 1
github.com/saredigital/sarepost/internal/db/accounts.go:413.3,413.37 1 0
github.com/saredigital/sarepost/internal/db/accounts.go:415.2,415.30 1 1
github.com/saredigital/sarepost/internal/db/db.go:14.100,18.42 4 43
github.com/saredigital/sarepost/internal/db/db.go:18.42,20.3 1 0
github.com/saredigital/sarepost/internal/db/db.go:22.2,22.26 1 43
github.com/saredigital/sarepost/internal/db/db.go:22.26,24.17 2 2
github.com/saredigital/sarepost/internal/db/db.go:24.17,26.4 1 1
github.com/saredigital/sarepost/internal/db/db.go:27.3,27.37 1 1
github.com/saredigital/sarepost/internal/db/db.go:27.37,29.4 1 0
github.com/saredigital/sarepost/internal/db/db.go:32.2,32.16 1 42
github.com/saredigital/sarepost/internal/db/db.go:32.16,34.17 2 42
github.com/saredigital/sarepost/internal/db/db.go:34.17,36.4 1 0
github.com/saredigital/sarepost/internal/db/db.go:37.3,37.12 1 42
github.com/saredigital/sarepost/internal/db/db.go:39.2,39.46 1 42
github.com/saredigital/sarepost/internal/db/db.go:39.46,41.3 1 35
github.com/saredigital/sarepost/internal/db/db.go:42.2,42.27 1 42
github.com/saredigital/sarepost/internal/db/db.go:42.27,44.3 1 35
github.com/saredigital/sarepost/internal/db/db.go:45.2,45.67 1 42
github.com/saredigital/sarepost/internal/db/db.go:45.67,47.3 1 38
github.com/saredigital/sarepost/internal/db/db.go:48.2,48.27 1 42
github.com/saredigital/sarepost/internal/db/db.go:48.27,50.3 1 38
github.com/saredigital/sarepost/internal/db/db.go:51.2,54.20 4 42
github.com/saredigital/sarepost/internal/db/db.go:54.20,55.29 1 1
github.com/saredigital/sarepost/internal/db/db.go:55.29,57.4 1 1
github.com/saredigital/sarepost/internal/db/db.go:57.9,59.4 1 0
github.com/saredigital/sarepost/internal/db/db.go:61.2,61.24 1 42
github.com/saredigital/sarepost/internal/db/db.go:61.24,63.3 1 0
github.com/saredigital/sarepost/internal/db/db.go:64.2,64.26 1 42
github.com/saredigital/sarepost/internal/db/db.go:64.26,66.3 1 1
github.com/saredigital/sarepost/internal/db/db.go:68.2,69.16 2 42
github.com/saredigital/sarepost/internal/db/db.go:69.16,71.3 1 0
github.com/saredigital/sarepost/internal/db/db.go:72.2,78.16 3 42
github.com/saredigital/sarepost/internal/db/db.go:78.16,79.87 1 0
github.com/saredigital/sarepost/internal/db/db.go:79.87,81.22 2 0
github.com/saredigital/sarepost/internal/db/db.go:81.22,83.5 1 0
github.com/saredigital/sarepost/internal/db/db.go:84.4,84.64 1 0
github.com/saredigital/sarepost/internal/db/db.go:86.3,86.33 1 0
github.com/saredigital/sarepost/internal/db/db.go:89.2,89.35 1 42
github.com/saredigital/sarepost/internal/db/db.go:89.35,90.142 1 24
github.com/saredigital/sarepost/internal/db/db.go:90.142,92.4 1 0
github.com/saredigital/sarepost/internal/db/db.go:94.2,94.36 1 42
github.com/saredigital/sarepost/internal/db/db.go:94.36,96.3 1 0
github.com/saredigital/sarepost/internal/db/db.go:97.2,98.16 2 42
github.com/saredigital/sarepost/internal/db/db.go:98.16,100.3 1 0
github.com/saredigital/sarepost/internal/db/db.go:101.2,101.64 1 42
github.com/saredigital/sarepost/internal/db/db.go:104.78,120.16 11 85
github.com/saredigital/sarepost/internal/db/db.go:120.16,122.3 1 5
github.com/saredigital/sarepost/internal/db/db.go:123.2,126.27 4 80
github.com/saredigital/sarepost/internal/db/db.go:126.27,128.3 1 0
github.com/saredigital/sarepost/internal/db/db.go:129.2,129.54 1 80
github.com/saredigital/sarepost/internal/db/db.go:129.54,131.3 1 80
github.com/saredigital/sarepost/internal/db/db.go:131.8,133.3 1 0
github.com/saredigital/sarepost/internal/db/db.go:134.2,134.24 1 80
github.com/saredigital/sarepost/internal/db/db.go:134.24,135.71 1 12
github.com/saredigital/sarepost/internal/db/db.go:135.71,137.4 1 12
github.com/saredigital/sarepost/internal/db/db.go:139.2,139.22 1 80
github.com/saredigital/sarepost/internal/db/db.go:139.22,140.69 1 80
github.com/saredigital/sarepost/internal/db/db.go:140.69,142.4 1 80
github.com/saredigital/sarepost/internal/db/db.go:144.2,144.25 1 80
github.com/saredigital/sarepost/internal/db/db.go:144.25,146.3 1 0
github.com/saredigital/sarepost/internal/db/db.go:147.2,147.66 1 80
github.com/saredigital/sarepost/internal/db/db.go:147.66,150.3 2 3
github.com/saredigital/sarepost/internal/db/db.go:151.2,151.26 1 80
github.com/saredigital/sarepost/internal/db/db.go:151.26,153.18 2 2
github.com/saredigital/sarepost/internal/db/db.go:153.18,155.4 1 2
github.com/saredigital/sarepost/internal/db/db.go:157.2,157.66 1 80
github.com/saredigital/sarepost/internal/db/db.go:157.66,160.3 2 2
github.com/saredigital/sarepost/internal/db/db.go:161.2,161.20 1 80
github.com/saredigital/sarepost/internal/db/db.go:161.20,163.18 2 2
github.com/saredigital/sarepost/internal/db/db.go:163.18,165.4 1 2
github.com/saredigital/sarepost/internal/db/db.go:167.2,167.24 1 80
github.com/saredigital/sarepost/internal/db/db.go:167.24,169.18 2 1
github.com/saredigital/sarepost/internal/db/db.go:169.18,171.4 1 1
github.com/saredigital/sarepost/internal/db/db.go:173.2,173.18 1 80
github.com/saredigital/sarepost/internal/db/db.go:173.18,175.18 2 8
github.com/saredigital/sarepost/internal/db/db.go:175.18,177.4 1 8
github.com/saredigital/sarepost/internal/db/db.go:179.2,189.16 4 80
github.com/saredigital/sarepost/internal/db/db.go:189.16,191.3 1 0
github.com/saredigital/sarepost/internal/db/db.go:192.2,194.18 2 80
github.com/saredigital/sarepost/internal/db/db.go:194.18,197.115 3 33
github.com/saredigital/sarepost/internal/db/db.go:197.115,199.4 1 0
github.com/saredigital/sarepost/internal/db/db.go:200.3,201.31 2 33
github.com/saredigital/sarepost/internal/db/db.go:203.2,203.22 1 80
github.com/saredigital/sarepost/internal/db/db.go:206.106,209.16 3 2
github.com/saredigital/sarepost/internal/db/db.go:209.16,211.3 1 1
github.com/saredigital/sarepost/internal/db/db.go:212.2,212.27 1 1
github.com/saredigital/sarepost/internal/db/db.go:215.96,217.22 2 4
github.com/saredigital/sarepost/internal/db/db.go:217.22,219.3 1 0
github.com/saredigital/sarepost/internal/db/db.go:220.2,226.16 2 4
github.com/saredigital/sarepost/internal/db/db.go:226.16,228.3 1 0
github.com/saredigital/sarepost/internal/db/db.go:229.2,232.18 3 4
github.com/saredigital/sarepost/internal/db/db.go:232.18,234.40 2 9
github.com/saredigital/sarepost/internal/db/db.go:234.40,236.4 1 0
github.com/saredigital/sarepost/internal/db/db.go:237.3,237.24 1 9
github.com/saredigital/sarepost/internal/db/db.go:239.2,239.35 1 4
github.com/saredigital/sarepost/internal/db/db.go:239.35,241.3 1 0
github.com/saredigital/sarepost/internal/db/db.go:243.2,244.25 2 4
github.com/saredigital/sarepost/internal/db/db.go:244.25,246.17 2 9
github.com/saredigital/sarepost/internal/db/db.go:246.17,248.4 1 0
github.com/saredigital/sarepost/internal/db/db.go:249.3,249.30 1 9
github.com/saredigital/sarepost/internal/db/db.go:251.2,251.19 1 4
github.com/saredigital/sarepost/internal/db/db.go:254.94,261.16 2 1
github.com/saredigital/sarepost/internal/db/db.go:261.16,263.3 1 0
github.com/saredigital/sarepost/internal/db/db.go:264.2,267.18 3 1
github.com/saredigital/sarepost/internal/db/db.go:267.18,269.40 2 2
github.com/saredigital/sarepost/internal/db/db.go:269.40,271.4 1 0
github.com/saredigital/sarepost/internal/db/db.go:272.3,272.24 1 2
github.com/saredigital/sarepost/internal/db/db.go:274.2,274.35 1 1
github.com/saredigital/sarepost/internal/db/db.go:274.35,276.3 1 0
github.com/saredigital/sarepost/internal/db/db.go:278.2,279.25 2 1
github.com/saredigital/sarepost/internal/db/db.go:279.25,281.17 2 2
github.com/saredigital/sarepost/internal/db/db.go:281.17,283.4 1 0
github.com/saredigital/sarepost/internal/db/db.go:284.3,284.23 1 2
github.com/saredigital/sarepost/internal/db/db.go:286.2,286.17 1 1
github.com/saredigital/sarepost/internal/db/db.go:289.87,297.38 3 2
github.com/saredigital/sarepost/internal/db/db.go:297.38,300.3 2 1
github.com/saredigital/sarepost/internal/db/db.go:301.2,302.16 2 2
github.com/saredigital/sarepost/internal/db/db.go:302.16,304.3 1 0
github.com/saredigital/sarepost/internal/db/db.go:305.2,308.18 3 2
github.com/saredigital/sarepost/internal/db/db.go:308.18,310.40 2 3
github.com/saredigital/sarepost/internal/db/db.go:310.40,312.4 1 0
github.com/saredigital/sarepost/internal/db/db.go:313.3,313.24 1 3
github.com/saredigital/sarepost/internal/db/db.go:315.2,315.35 1 2
github.com/saredigital/sarepost/internal/db/db.go:315.35,317.3 1 0
github.com/saredigital/sarepost/internal/db/db.go:319.2,320.25 2 2
github.com/saredigital/sarepost/internal/db/db.go:320.25,322.17 2 3
github.com/saredigital/sarepost/internal/db/db.go:322.17,324.4 1 0
github.com/saredigital/sarepost/internal/db/db.go:325.3,325.23 1 3
github.com/saredigital/sarepost/internal/db/db.go:327.2,327.17 1 2
github.com/saredigital/sarepost/internal/db/db.go:330.96,332.16 2 1
github.com/saredigital/sarepost/internal/db/db.go:332.16,334.3 1 0
github.com/saredigital/sarepost/internal/db/db.go:335.2,341.16 2 1
github.com/saredigital/sarepost/internal/db/db.go:341.16,343.3 1 0
github.com/saredigital/sarepost/internal/db/db.go:344.2,345.12 2 1
github.com/saredigital/sarepost/internal/db/db.go:345.12,347.3 1 0
github.com/saredigital/sarepost/internal/db/db.go:348.2,348.12 1 1
github.com/saredigital/sarepost/internal/db/db.go:351.66,353.16 2 1
github.com/saredigital/sarepost/internal/db/db.go:353.16,355.3 1 0
github.com/saredigital/sarepost/internal/db/db.go:356.2,362.16 2 1
github.com/saredigital/sarepost/internal/db/db.go:362.16,364.3 1 0
github.com/saredigital/sarepost/internal/db/db.go:365.2,366.12 2 1
github.com/saredigital/sarepost/internal/db/db.go:366.12,368.3 1 0
github.com/saredigital/sarepost/internal/db/db.go:369.2,369.12 1 1
github.com/saredigital/sarepost/internal/db/db.go:372.74,374.14 2 3
github.com/saredigital/sarepost/internal/db/db.go:374.14,376.3 1 0
github.com/saredigital/sarepost/internal/db/db.go:378.2,379.16 2 3
github.com/saredigital/sarepost/internal/db/db.go:379.16,381.3 1 0
github.com/saredigital/sarepost/internal/db/db.go:382.2,385.16 3 3
github.com/saredigital/sarepost/internal/db/db.go:385.16,386.36 1 0
github.com/saredigital/sarepost/internal/db/db.go:386.36,388.4 1 0
github.com/saredigital/sarepost/internal/db/db.go:389.3,389.13 1 0
github.com/saredigital/sarepost/internal/db/db.go:392.2,397.16 2 3
github.com/saredigital/sarepost/internal/db/db.go:397.16,399.3 1 0
github.com/saredigital/sarepost/internal/db/db.go:400.2,403.18 3 3
github.com/saredigital/sarepost/internal/db/db.go:403.18,406.53 3 3
github.com/saredigital/sarepost/internal/db/db.go:406.53,408.4 1 0
github.com/saredigital/sarepost/internal/db/db.go:409.3,409.17 1 3
github.com/saredigital/sarepost/internal/db/db.go:410.111,410.111 0 2
github.com/saredigital/sarepost/internal/db/db.go:411.11,412.30 1 1
github.com/saredigital/sarepost/internal/db/db.go:414.3,414.28 1 2
github.com/saredigital/sarepost/internal/db/db.go:416.2,416.35 1 2
github.com/saredigital/sarepost/internal/db/db.go:416.35,418.3 1 0
github.com/saredigital/sarepost/internal/db/db.go:419.2,419.19 1 2
github.com/saredigital/sarepost/internal/db/db.go:419.19,421.3 1 0
github.com/saredigital/sarepost/internal/db/db.go:423.2,423.29 1 2
github.com/saredigital/sarepost/internal/db/db.go:423.29,424.100 1 2
github.com/saredigital/sarepost/internal/db/db.go:424.100,426.4 1 0
github.com/saredigital/sarepost/internal/db/db.go:427.3,427.102 1 2
github.com/saredigital/sarepost/internal/db/db.go:427.102,429.4 1 0
github.com/saredigital/sarepost/internal/db/db.go:430.3,430.90 1 2
github.com/saredigital/sarepost/internal/db/db.go:430.90,432.4 1 0
github.com/saredigital/sarepost/internal/db/db.go:434.2,434.20 1 2
github.com/saredigital/sarepost/internal/db/db.go:437.84,439.2 1 1
github.com/saredigital/sarepost/internal/db/db.go:441.141,443.14 2 2
github.com/saredigital/sarepost/internal/db/db.go:443.14,445.3 1 0
github.com/saredigital/sarepost/internal/db/db.go:447.2,448.27 2 2
github.com/saredigital/sarepost/internal/db/db.go:448.27,450.3 1 0
github.com/saredigital/sarepost/internal/db/db.go:452.2,453.16 2 2
github.com/saredigital/sarepost/internal/db/db.go:453.16,455.3 1 0
github.com/saredigital/sarepost/internal/db/db.go:456.2,464.16 3 2
github.com/saredigital/sarepost/internal/db/db.go:464.16,466.3 1 0
github.com/saredigital/sarepost/internal/db/db.go:467.2,467.49 1 2
github.com/saredigital/sarepost/internal/db/db.go:467.49,469.3 1 0
github.com/saredigital/sarepost/internal/db/db.go:471.2,471.18 1 2
github.com/saredigital/sarepost/internal/db/db.go:471.18,472.96 1 2
github.com/saredigital/sarepost/internal/db/db.go:472.96,474.4 1 0
github.com/saredigital/sarepost/internal/db/db.go:475.3,475.36 1 2
github.com/saredigital/sarepost/internal/db/db.go:475.36,477.21 2 1
github.com/saredigital/sarepost/internal/db/db.go:477.21,478.13 1 0
github.com/saredigital/sarepost/internal/db/db.go:480.4,480.122 1 1
github.com/saredigital/sarepost/internal/db/db.go:480.122,482.5 1 0
github.com/saredigital/sarepost/internal/db/db.go:486.2,486.20 1 2
github.com/saredigital/sarepost/internal/db/db.go:489.110,491.22 2 2
github.com/saredigital/sarepost/internal/db/db.go:491.22,493.3 1 0
github.com/saredigital/sarepost/internal/db/db.go:494.2,494.21 1 2
github.com/saredigital/sarepost/internal/db/db.go:494.21,496.3 1 0
github.com/saredigital/sarepost/internal/db/db.go:498.2,499.16 2 2
github.com/saredigital/sarepost/internal/db/db.go:499.16,501.3 1 0
github.com/saredigital/sarepost/internal/db/db.go:502.2,505.16 3 2
github.com/saredigital/sarepost/internal/db/db.go:505.16,507.3 1 0
github.com/saredigital/sarepost/internal/db/db.go:509.2,522.16 3 2
github.com/saredigital/sarepost/internal/db/db.go:522.16,524.3 1 0
github.com/saredigital/sarepost/internal/db/db.go:525.2,528.18 3 2
github.com/saredigital/sarepost/internal/db/db.go:528.18,530.116 2 5
github.com/saredigital/sarepost/internal/db/db.go:530.116,532.4 1 0
github.com/saredigital/sarepost/internal/db/db.go:533.3,533.41 1 5
github.com/saredigital/sarepost/internal/db/db.go:533.41,535.4 1 0
github.com/saredigital/sarepost/internal/db/db.go:536.3,536.36 1 5
github.com/saredigital/sarepost/internal/db/db.go:538.2,538.35 1 2
github.com/saredigital/sarepost/internal/db/db.go:538.35,540.3 1 0
github.com/saredigital/sarepost/internal/db/db.go:541.2,541.24 1 2
github.com/saredigital/sarepost/internal/db/db.go:541.24,543.3 1 0
github.com/saredigital/sarepost/internal/db/db.go:545.2,546.21 2 2
github.com/saredigital/sarepost/internal/db/db.go:546.21,548.3 1 0
github.com/saredigital/sarepost/internal/db/db.go:549.2,550.25 2 2
github.com/saredigital/sarepost/internal/db/db.go:550.25,552.3 1 0
github.com/saredigital/sarepost/internal/db/db.go:553.2,554.22 2 2
github.com/saredigital/sarepost/internal/db/db.go:554.22,556.3 1 0
github.com/saredigital/sarepost/internal/db/db.go:557.2,560.51 3 2
github.com/saredigital/sarepost/internal/db/db.go:560.51,562.19 2 2
github.com/saredigital/sarepost/internal/db/db.go:562.19,563.12 1 0
github.com/saredigital/sarepost/internal/db/db.go:565.3,565.100 1 2
github.com/saredigital/sarepost/internal/db/db.go:565.100,567.4 1 0
github.com/saredigital/sarepost/internal/db/db.go:568.3,568.102 1 2
github.com/saredigital/sarepost/internal/db/db.go:568.102,570.4 1 0
github.com/saredigital/sarepost/internal/db/db.go:571.3,571.90 1 2
github.com/saredigital/sarepost/internal/db/db.go:571.90,573.4 1 0
github.com/saredigital/sarepost/internal/db/db.go:576.2,577.101 2 2
github.com/saredigital/sarepost/internal/db/db.go:577.101,579.33 2 1
github.com/saredigital/sarepost/internal/db/db.go:579.33,581.4 1 1
github.com/saredigital/sarepost/internal/db/db.go:582.3,585.194 1 1
github.com/saredigital/sarepost/internal/db/db.go:585.194,587.4 1 0
github.com/saredigital/sarepost/internal/db/db.go:588.3,588.41 1 1
github.com/saredigital/sarepost/internal/db/db.go:588.41,590.21 2 1
github.com/saredigital/sarepost/internal/db/db.go:590.21,591.13 1 0
github.com/saredigital/sarepost/internal/db/db.go:593.4,593.126 1 1
github.com/saredigital/sarepost/internal/db/db.go:593.126,595.5 1 0
github.com/saredigital/sarepost/internal/db/db.go:597.3,597.13 1 1
github.com/saredigital/sarepost/internal/db/db.go:600.2,600.31 1 2
github.com/saredigital/sarepost/internal/db/db.go:600.31,603.26 3 4
github.com/saredigital/sarepost/internal/db/db.go:603.26,605.4 1 2
github.com/saredigital/sarepost/internal/db/db.go:607.3,607.26 1 4
github.com/saredigital/sarepost/internal/db/db.go:607.26,610.34 3 3
github.com/saredigital/sarepost/internal/db/db.go:610.34,612.5 1 1
github.com/saredigital/sarepost/internal/db/db.go:613.4,617.163 1 3
github.com/saredigital/sarepost/internal/db/db.go:617.163,619.5 1 0
github.com/saredigital/sarepost/internal/db/db.go:620.4,620.101 1 3
github.com/saredigital/sarepost/internal/db/db.go:620.101,622.5 1 0
github.com/saredigital/sarepost/internal/db/db.go:623.4,623.42 1 3
github.com/saredigital/sarepost/internal/db/db.go:623.42,625.22 2 3
github.com/saredigital/sarepost/internal/db/db.go:625.22,626.14 1 0
github.com/saredigital/sarepost/internal/db/db.go:628.5,628.127 1 3
github.com/saredigital/sarepost/internal/db/db.go:628.127,630.6 1 0
github.com/saredigital/sarepost/internal/db/db.go:632.4,633.12 2 3
github.com/saredigital/sarepost/internal/db/db.go:636.3,637.17 2 1
github.com/saredigital/sarepost/internal/db/db.go:637.17,639.4 1 0
github.com/saredigital/sarepost/internal/db/db.go:640.3,640.73 1 1
github.com/saredigital/sarepost/internal/db/db.go:640.73,642.4 1 0
github.com/saredigital/sarepost/internal/db/db.go:643.3,643.41 1 1
github.com/saredigital/sarepost/internal/db/db.go:646.2,646.26 1 2
github.com/saredigital/sarepost/internal/db/db.go:646.26,648.3 1 0
github.com/saredigital/sarepost/internal/db/db.go:650.2,654.70 1 2
github.com/saredigital/sarepost/internal/db/db.go:654.70,656.3 1 0
github.com/saredigital/sarepost/internal/db/db.go:657.2,657.45 1 2
github.com/saredigital/sarepost/internal/db/db.go:657.45,662.99 1 2
github.com/saredigital/sarepost/internal/db/db.go:662.99,664.4 1 0
github.com/saredigital/sarepost/internal/db/db.go:667.2,667.20 1 2
github.com/saredigital/sarepost/internal/db/db.go:670.86,690.16 3 8
github.com/saredigital/sarepost/internal/db/db.go:690.16,692.3 1 0
github.com/saredigital/sarepost/internal/db/db.go:693.2,696.18 3 8
github.com/saredigital/sarepost/internal/db/db.go:696.18,698.40 2 8
github.com/saredigital/sarepost/internal/db/db.go:698.40,700.4 1 0
github.com/saredigital/sarepost/internal/db/db.go:701.3,701.24 1 8
github.com/saredigital/sarepost/internal/db/db.go:703.2,703.35 1 8
github.com/saredigital/sarepost/internal/db/db.go:703.35,705.3 1 0
github.com/saredigital/sarepost/internal/db/db.go:707.2,708.25 2 8
github.com/saredigital/sarepost/internal/db/db.go:708.25,714.17 2 8
github.com/saredigital/sarepost/internal/db/db.go:714.17,716.4 1 0
github.com/saredigital/sarepost/internal/db/db.go:717.3,718.13 2 8
github.com/saredigital/sarepost/internal/db/db.go:718.13,720.18 2 8
github.com/saredigital/sarepost/internal/db/db.go:720.18,722.5 1 0
github.com/saredigital/sarepost/internal/db/db.go:723.4,723.32 1 8
github.com/saredigital/sarepost/internal/db/db.go:726.2,726.21 1 8
github.com/saredigital/sarepost/internal/db/db.go:729.105,730.21 1 2
github.com/saredigital/sarepost/internal/db/db.go:730.21,732.3 1 0
github.com/saredigital/sarepost/internal/db/db.go:733.2,738.16 5 2
github.com/saredigital/sarepost/internal/db/db.go:738.16,740.3 1 0
github.com/saredigital/sarepost/internal/db/db.go:741.2,749.16 3 2
github.com/saredigital/sarepost/internal/db/db.go:749.16,751.3 1 0
github.com/saredigital/sarepost/internal/db/db.go:752.2,759.18 4 2
github.com/saredigital/sarepost/internal/db/db.go:759.18,761.58 2 1
github.com/saredigital/sarepost/internal/db/db.go:761.58,763.4 1 0
github.com/saredigital/sarepost/internal/db/db.go:764.3,764.30 1 1
github.com/saredigital/sarepost/internal/db/db.go:766.2,766.35 1 2
github.com/saredigital/sarepost/internal/db/db.go:766.35,768.3 1 0
github.com/saredigital/sarepost/internal/db/db.go:769.2,769.21 1 2
github.com/saredigital/sarepost/internal/db/db.go:769.21,770.37 1 1
github.com/saredigital/sarepost/internal/db/db.go:770.37,772.4 1 0
github.com/saredigital/sarepost/internal/db/db.go:773.3,773.16 1 1
github.com/saredigital/sarepost/internal/db/db.go:776.2,777.29 2 1
github.com/saredigital/sarepost/internal/db/db.go:777.29,779.20 2 1
github.com/saredigital/sarepost/internal/db/db.go:779.20,781.4 1 1
github.com/saredigital/sarepost/internal/db/db.go:783.3,788.17 2 1
github.com/saredigital/sarepost/internal/db/db.go:788.17,790.4 1 0
github.com/saredigital/sarepost/internal/db/db.go:791.3,792.13 2 1
github.com/saredigital/sarepost/internal/db/db.go:792.13,793.12 1 0
github.com/saredigital/sarepost/internal/db/db.go:795.3,798.17 3 1
github.com/saredigital/sarepost/internal/db/db.go:798.17,800.4 1 0
github.com/saredigital/sarepost/internal/db/db.go:801.3,805.90 1 1
github.com/saredigital/sarepost/internal/db/db.go:805.90,807.4 1 0
github.com/saredigital/sarepost/internal/db/db.go:810.2,810.36 1 1
github.com/saredigital/sarepost/internal/db/db.go:810.36,812.3 1 0
github.com/saredigital/sarepost/internal/db/db.go:813.2,813.23 1 1
github.com/saredigital/sarepost/internal/db/db.go:816.95,824.2 3 2
github.com/saredigital/sarepost/internal/db/db.go:826.119,827.23 1 5
github.com/saredigital/sarepost/internal/db/db.go:827.23,829.3 1 0
github.com/saredigital/sarepost/internal/db/db.go:830.2,832.16 3 5
github.com/saredigital/sarepost/internal/db/db.go:832.16,834.3 1 0
github.com/saredigital/sarepost/internal/db/db.go:835.2,844.16 5 5
github.com/saredigital/sarepost/internal/db/db.go:844.16,846.3 1 0
github.com/saredigital/sarepost/internal/db/db.go:847.2,851.18 5 5
github.com/saredigital/sarepost/internal/db/db.go:851.18,853.3 1 0
github.com/saredigital/sarepost/internal/db/db.go:854.2,854.25 1 5
github.com/saredigital/sarepost/internal/db/db.go:854.25,856.3 1 0
github.com/saredigital/sarepost/internal/db/db.go:858.2,858.29 1 5
github.com/saredigital/sarepost/internal/db/db.go:858.29,863.86 1 4
github.com/saredigital/sarepost/internal/db/db.go:863.86,865.4 1 0
github.com/saredigital/sarepost/internal/db/db.go:866.3,866.111 1 4
github.com/saredigital/sarepost/internal/db/db.go:866.111,868.4 1 0
github.com/saredigital/sarepost/internal/db/db.go:869.3,869.122 1 4
github.com/saredigital/sarepost/internal/db/db.go:869.122,871.4 1 0
github.com/saredigital/sarepost/internal/db/db.go:872.3,872.21 1 4
github.com/saredigital/sarepost/internal/db/db.go:875.2,880.124 2 1
github.com/saredigital/sarepost/internal/db/db.go:880.124,882.3 1 0
github.com/saredigital/sarepost/internal/db/db.go:883.2,883.20 1 1
github.com/saredigital/sarepost/internal/db/db.go:886.128,887.21 1 1
github.com/saredigital/sarepost/internal/db/db.go:887.21,889.3 1 0
github.com/saredigital/sarepost/internal/db/db.go:890.2,897.12 4 1
github.com/saredigital/sarepost/internal/db/db.go:900.111,902.16 2 5
github.com/saredigital/sarepost/internal/db/db.go:902.16,904.3 1 0
github.com/saredigital/sarepost/internal/db/db.go:905.2,910.12 2 5
github.com/saredigital/sarepost/internal/db/db.go:913.160,916.45 3 4
github.com/saredigital/sarepost/internal/db/db.go:916.45,918.3 1 0
github.com/saredigital/sarepost/internal/db/db.go:920.2,921.24 2 4
github.com/saredigital/sarepost/internal/db/db.go:921.24,923.3 1 0
github.com/saredigital/sarepost/internal/db/db.go:923.8,925.3 1 4
github.com/saredigital/sarepost/internal/db/db.go:927.2,936.16 2 4
github.com/saredigital/sarepost/internal/db/db.go:936.16,938.3 1 0
github.com/saredigital/sarepost/internal/db/db.go:939.2,942.18 3 4
github.com/saredigital/sarepost/internal/db/db.go:942.18,944.50 2 1
github.com/saredigital/sarepost/internal/db/db.go:944.50,946.4 1 0
github.com/saredigital/sarepost/internal/db/db.go:947.3,947.73 1 1
github.com/saredigital/sarepost/internal/db/db.go:949.2,949.35 1 4
github.com/saredigital/sarepost/internal/db/db.go:949.35,951.3 1 0
github.com/saredigital/sarepost/internal/db/db.go:953.2,953.45 1 4
github.com/saredigital/sarepost/internal/db/db.go:953.45,954.25 1 1
github.com/saredigital/sarepost/internal/db/db.go:954.25,955.12 1 0
github.com/saredigital/sarepost/internal/db/db.go:957.3,961.84 1 1
github.com/saredigital/sarepost/internal/db/db.go:961.84,963.4 1 0
github.com/saredigital/sarepost/internal/db/db.go:964.3,964.122 1 1
github.com/saredigital/sarepost/internal/db/db.go:964.122,966.4 1 0
github.com/saredigital/sarepost/internal/db/db.go:969.2,969.12 1 4
github.com/saredigital/sarepost/internal/db/db.go:972.87,979.42 3 2
github.com/saredigital/sarepost/internal/db/db.go:979.42,981.3 1 0
github.com/saredigital/sarepost/internal/db/db.go:982.2,982.39 1 2
github.com/saredigital/sarepost/internal/db/db.go:985.90,992.42 3 5
github.com/saredigital/sarepost/internal/db/db.go:992.42,994.3 1 0
github.com/saredigital/sarepost/internal/db/db.go:995.2,995.39 1 5
github.com/saredigital/sarepost/internal/db/db.go:998.58,999.16 1 5
github.com/saredigital/sarepost/internal/db/db.go:1000.110,1001.14 1 5
github.com/saredigital/sarepost/internal/db/db.go:1002.10,1003.15 1 0
github.com/saredigital/sarepost/internal/db/db.go:1007.35,1008.45 1 169
github.com/saredigital/sarepost/internal/db/db.go:1008.45,1010.3 1 118
github.com/saredigital/sarepost/internal/db/db.go:1011.2,1011.30 1 51
github.com/saredigital/sarepost/internal/db/db.go:1014.42,1015.14 1 42
github.com/saredigital/sarepost/internal/db/db.go:1015.14,1017.3 1 42
github.com/saredigital/sarepost/internal/db/db.go:1018.2,1018.41 1 0
github.com/saredigital/sarepost/internal/db/db.go:1021.44,1022.16 1 49
github.com/saredigital/sarepost/internal/db/db.go:1022.16,1024.3 1 21
github.com/saredigital/sarepost/internal/db/db.go:1025.2,1025.41 1 28
github.com/saredigital/sarepost/internal/db/db.go:1028.43,1030.19 2 42
github.com/saredigital/sarepost/internal/db/db.go:1030.19,1032.3 1 1
github.com/saredigital/sarepost/internal/db/db.go:1033.2,1033.17 1 41
github.com/saredigital/sarepost/internal/db/db_media.go:14.88,15.35 1 28
github.com/saredigital/sarepost/internal/db/db_media.go:15.35,17.17 2 28
github.com/saredigital/sarepost/internal/db/db_media.go:17.17,19.4 1 0
github.com/saredigital/sarepost/internal/db/db_media.go:20.3,20.12 1 28
github.com/saredigital/sarepost/internal/db/db_media.go:22.2,27.16 3 28
github.com/saredigital/sarepost/internal/db/db_media.go:27.16,29.3 1 0
github.com/saredigital/sarepost/internal/db/db_media.go:30.2,30.15 1 28
github.com/saredigital/sarepost/internal/db/db_media.go:33.90,34.19 1 2
github.com/saredigital/sarepost/internal/db/db_media.go:34.19,36.3 1 0
github.com/saredigital/sarepost/internal/db/db_media.go:37.2,38.25 2 2
github.com/saredigital/sarepost/internal/db/db_media.go:38.25,45.17 4 3
github.com/saredigital/sarepost/internal/db/db_media.go:45.17,46.37 1 1
github.com/saredigital/sarepost/internal/db/db_media.go:46.37,48.5 1 1
github.com/saredigital/sarepost/internal/db/db_media.go:49.4,49.19 1 0
github.com/saredigital/sarepost/internal/db/db_media.go:51.3,52.23 2 2
github.com/saredigital/sarepost/internal/db/db_media.go:54.2,54.17 1 1
github.com/saredigital/sarepost/internal/db/db_migration_local_auth.go:8.67,68.32 2 41
github.com/saredigital/sarepost/internal/db/db_migration_local_auth.go:68.32,69.55 1 369
github.com/saredigital/sarepost/internal/db/db_migration_local_auth.go:69.55,71.4 1 0
github.com/saredigital/sarepost/internal/db/db_migration_local_auth.go:73.2,73.12 1 41
github.com/saredigital/sarepost/internal/db/db_migrations.go:60.73,62.16 2 41
github.com/saredigital/sarepost/internal/db/db_migrations.go:62.16,64.3 1 0
github.com/saredigital/sarepost/internal/db/db_migrations.go:65.2,65.25 1 41
github.com/saredigital/sarepost/internal/db/db_migrations.go:65.25,67.3 1 41
github.com/saredigital/sarepost/internal/db/db_migrations.go:69.2,70.16 2 0
github.com/saredigital/sarepost/internal/db/db_migrations.go:70.16,72.3 1 0
github.com/saredigital/sarepost/internal/db/db_migrations.go:73.2,73.33 1 0
github.com/saredigital/sarepost/internal/db/db_migrations.go:73.33,74.39 1 0
github.com/saredigital/sarepost/internal/db/db_migrations.go:74.39,76.4 1 0
github.com/saredigital/sarepost/internal/db/db_migrations.go:78.2,78.19 1 0
github.com/saredigital/sarepost/internal/db/db_migrations.go:81.60,82.53 1 41
github.com/saredigital/sarepost/internal/db/db_migrations.go:82.53,84.3 1 0
github.com/saredigital/sarepost/internal/db/db_migrations.go:86.2,87.16 2 41
github.com/saredigital/sarepost/internal/db/db_migrations.go:87.16,89.3 1 0
github.com/saredigital/sarepost/internal/db/db_migrations.go:91.2,91.33 1 41
github.com/saredigital/sarepost/internal/db/db_migrations.go:91.33,92.38 1 287
github.com/saredigital/sarepost/internal/db/db_migrations.go:92.38,93.12 1 0
github.com/saredigital/sarepost/internal/db/db_migrations.go:96.3,97.17 2 287
github.com/saredigital/sarepost/internal/db/db_migrations.go:97.17,99.4 1 0
github.com/saredigital/sarepost/internal/db/db_migrations.go:100.3,100.27 1 287
github.com/saredigital/sarepost/internal/db/db_migrations.go:100.27,101.81 1 41
github.com/saredigital/sarepost/internal/db/db_migrations.go:101.81,104.5 2 0
github.com/saredigital/sarepost/internal/db/db_migrations.go:106.3,107.17 2 287
github.com/saredigital/sarepost/internal/db/db_migrations.go:107.17,108.28 1 0
github.com/saredigital/sarepost/internal/db/db_migrations.go:108.28,110.5 1 0
github.com/saredigital/sarepost/internal/db/db_migrations.go:111.4,112.14 2 0
github.com/saredigital/sarepost/internal/db/db_migrations.go:114.3,114.39 1 287
github.com/saredigital/sarepost/internal/db/db_migrations.go:114.39,116.28 2 0
github.com/saredigital/sarepost/internal/db/db_migrations.go:116.28,118.5 1 0
github.com/saredigital/sarepost/internal/db/db_migrations.go:119.4,120.76 2 0
github.com/saredigital/sarepost/internal/db/db_migrations.go:122.3,128.17 1 287
github.com/saredigital/sarepost/internal/db/db_migrations.go:128.17,130.28 2 0
github.com/saredigital/sarepost/internal/db/db_migrations.go:130.28,132.5 1 0
github.com/saredigital/sarepost/internal/db/db_migrations.go:133.4,134.14 2 0
github.com/saredigital/sarepost/internal/db/db_migrations.go:136.3,136.37 1 287
github.com/saredigital/sarepost/internal/db/db_migrations.go:136.37,137.28 1 0
github.com/saredigital/sarepost/internal/db/db_migrations.go:137.28,139.5 1 0
github.com/saredigital/sarepost/internal/db/db_migrations.go:140.4,141.14 2 0
github.com/saredigital/sarepost/internal/db/db_migrations.go:143.3,143.27 1 287
github.com/saredigital/sarepost/internal/db/db_migrations.go:143.27,144.80 1 41
github.com/saredigital/sarepost/internal/db/db_migrations.go:144.80,147.5 2 0
github.com/saredigital/sarepost/internal/db/db_migrations.go:149.3,149.38 1 287
github.com/saredigital/sarepost/internal/db/db_migrations.go:149.38,151.4 1 0
github.com/saredigital/sarepost/internal/db/db_migrations.go:153.2,153.12 1 41
github.com/saredigital/sarepost/internal/db/db_migrations.go:156.81,158.16 2 41
github.com/saredigital/sarepost/internal/db/db_migrations.go:158.16,160.3 1 0
github.com/saredigital/sarepost/internal/db/db_migrations.go:161.2,161.14 1 41
github.com/saredigital/sarepost/internal/db/db_migrations.go:161.14,163.3 1 0
github.com/saredigital/sarepost/internal/db/db_migrations.go:164.2,169.16 3 41
github.com/saredigital/sarepost/internal/db/db_migrations.go:169.16,171.3 1 0
github.com/saredigital/sarepost/internal/db/db_migrations.go:172.2,172.23 1 41
github.com/saredigital/sarepost/internal/db/db_migrations.go:175.66,182.2 2 41
github.com/saredigital/sarepost/internal/db/db_migrations.go:184.82,186.16 2 41
github.com/saredigital/sarepost/internal/db/db_migrations.go:186.16,188.3 1 0
github.com/saredigital/sarepost/internal/db/db_migrations.go:189.2,192.18 3 41
github.com/saredigital/sarepost/internal/db/db_migrations.go:192.18,194.45 2 0
github.com/saredigital/sarepost/internal/db/db_migrations.go:194.45,196.4 1 0
github.com/saredigital/sarepost/internal/db/db_migrations.go:197.3,197.28 1 0
github.com/saredigital/sarepost/internal/db/db_migrations.go:199.2,199.35 1 41
github.com/saredigital/sarepost/internal/db/db_migrations.go:199.35,201.3 1 0
github.com/saredigital/sarepost/internal/db/db_migrations.go:202.2,202.17 1 41
github.com/saredigital/sarepost/internal/db/db_migrations.go:205.79,212.16 3 41
github.com/saredigital/sarepost/internal/db/db_migrations.go:212.16,214.3 1 0
github.com/saredigital/sarepost/internal/db/db_migrations.go:215.2,215.23 1 41
github.com/saredigital/sarepost/internal/db/db_migrations.go:218.68,303.32 2 41
github.com/saredigital/sarepost/internal/db/db_migrations.go:303.32,304.55 1 533
github.com/saredigital/sarepost/internal/db/db_migrations.go:304.55,306.4 1 0
github.com/saredigital/sarepost/internal/db/db_migrations.go:308.2,308.12 1 41
github.com/saredigital/sarepost/internal/db/db_migrations.go:311.74,313.16 2 41
github.com/saredigital/sarepost/internal/db/db_migrations.go:313.16,315.3 1 41
github.com/saredigital/sarepost/internal/db/db_migrations.go:316.2,316.77 1 0
github.com/saredigital/sarepost/internal/db/db_migrations.go:316.77,318.3 1 0
github.com/saredigital/sarepost/internal/db/db_migrations.go:319.2,319.12 1 0
github.com/saredigital/sarepost/internal/db/db_migrations.go:322.70,329.32 2 41
github.com/saredigital/sarepost/internal/db/db_migrations.go:329.32,330.55 1 164
github.com/saredigital/sarepost/internal/db/db_migrations.go:330.55,331.79 1 160
github.com/saredigital/sarepost/internal/db/db_migrations.go:331.79,332.13 1 160
github.com/saredigital/sarepost/internal/db/db_migrations.go:334.4,334.14 1 0
github.com/saredigital/sarepost/internal/db/db_migrations.go:337.2,342.32 2 41
github.com/saredigital/sarepost/internal/db/db_migrations.go:342.32,343.55 1 123
github.com/saredigital/sarepost/internal/db/db_migrations.go:343.55,345.4 1 0
github.com/saredigital/sarepost/internal/db/db_migrations.go:348.2,353.32 2 41
github.com/saredigital/sarepost/internal/db/db_migrations.go:353.32,354.55 1 123
github.com/saredigital/sarepost/internal/db/db_migrations.go:354.55,356.4 1 0
github.com/saredigital/sarepost/internal/db/db_migrations.go:358.2,358.12 1 41
github.com/saredigital/sarepost/internal/db/db_migrations.go:361.77,411.32 2 41
github.com/saredigital/sarepost/internal/db/db_migrations.go:411.32,412.55 1 246
github.com/saredigital/sarepost/internal/db/db_migrations.go:412.55,414.4 1 0
github.com/saredigital/sarepost/internal/db/db_migrations.go:416.2,416.12 1 41
github.com/saredigital/sarepost/internal/db/db_migrations.go:419.87,432.32 2 41
github.com/saredigital/sarepost/internal/db/db_migrations.go:432.32,433.55 1 82
github.com/saredigital/sarepost/internal/db/db_migrations.go:433.55,435.4 1 0
github.com/saredigital/sarepost/internal/db/db_migrations.go:437.2,437.12 1 41
github.com/saredigital/sarepost/internal/db/db_migrations.go:440.75,442.16 2 41
github.com/saredigital/sarepost/internal/db/db_migrations.go:442.16,444.3 1 41
github.com/saredigital/sarepost/internal/db/db_migrations.go:445.2,445.77 1 0
github.com/saredigital/sarepost/internal/db/db_migrations.go:445.77,447.3 1 0
github.com/saredigital/sarepost/internal/db/db_migrations.go:448.2,448.12 1 0
github.com/saredigital/sarepost/internal/db/db_migrations.go:451.46,452.33 1 1
github.com/saredigital/sarepost/internal/db/db_migrations.go:452.33,454.3 1 0
github.com/saredigital/sarepost/internal/db/db_migrations.go:455.2,456.16 2 1
github.com/saredigital/sarepost/internal/db/db_migrations.go:456.16,457.37 1 0
github.com/saredigital/sarepost/internal/db/db_migrations.go:457.37,459.4 1 0
github.com/saredigital/sarepost/internal/db/db_migrations.go:460.3,460.13 1 0
github.com/saredigital/sarepost/internal/db/db_migrations.go:462.2,462.22 1 1
github.com/saredigital/sarepost/internal/db/db_migrations.go:462.22,464.3 1 0
github.com/saredigital/sarepost/internal/db/db_migrations.go:466.2,468.51 3 1
github.com/saredigital/sarepost/internal/db/db_migrations.go:468.51,470.3 1 0
github.com/saredigital/sarepost/internal/db/db_migrations.go:471.2,471.51 1 1
github.com/saredigital/sarepost/internal/db/db_migrations.go:471.51,473.41 2 2
github.com/saredigital/sarepost/internal/db/db_migrations.go:473.41,474.38 1 2
github.com/saredigital/sarepost/internal/db/db_migrations.go:474.38,475.13 1 2
github.com/saredigital/sarepost/internal/db/db_migrations.go:477.4,477.14 1 0
github.com/saredigital/sarepost/internal/db/db_migrations.go:479.3,479.59 1 0
github.com/saredigital/sarepost/internal/db/db_migrations.go:479.59,481.4 1 0
github.com/saredigital/sarepost/internal/db/db_migrations.go:483.2,483.12 1 1
github.com/saredigital/sarepost/internal/db/db_migrations.go:486.45,488.19 2 1
github.com/saredigital/sarepost/internal/db/db_migrations.go:488.19,490.3 1 0
github.com/saredigital/sarepost/internal/db/db_migrations.go:491.2,492.70 2 1
github.com/saredigital/sarepost/internal/db/db_migrations.go:492.70,494.3 1 0
github.com/saredigital/sarepost/internal/db/db_migrations.go:495.2,495.39 1 1
github.com/saredigital/sarepost/internal/db/db_migrations.go:495.39,497.3 1 0
github.com/saredigital/sarepost/internal/db/db_migrations.go:498.2,498.13 1 1
github.com/saredigital/sarepost/internal/db/db_migrations.go:501.38,503.16 2 1
github.com/saredigital/sarepost/internal/db/db_migrations.go:503.16,505.3 1 0
github.com/saredigital/sarepost/internal/db/db_migrations.go:506.2,509.16 3 1
github.com/saredigital/sarepost/internal/db/db_migrations.go:509.16,511.3 1 0
github.com/saredigital/sarepost/internal/db/db_migrations.go:512.2,513.16 2 1
github.com/saredigital/sarepost/internal/db/db_migrations.go:513.16,515.3 1 0
github.com/saredigital/sarepost/internal/db/db_migrations.go:516.2,516.15 1 1
github.com/saredigital/sarepost/internal/db/db_migrations.go:516.15,516.34 1 1
github.com/saredigital/sarepost/internal/db/db_migrations.go:518.2,518.44 1 1
github.com/saredigital/sarepost/internal/db/db_migrations.go:518.44,520.3 1 0
github.com/saredigital/sarepost/internal/db/db_migrations.go:521.2,521.19 1 1
github.com/saredigital/sarepost/internal/db/db_schema.go:48.40,50.16 2 41
github.com/saredigital/sarepost/internal/db/db_schema.go:50.16,52.3 1 0
github.com/saredigital/sarepost/internal/db/db_schema.go:53.2,54.34 2 41
github.com/saredigital/sarepost/internal/db/db_schema.go:54.34,56.3 1 0
github.com/saredigital/sarepost/internal/db/db_schema.go:57.2,58.60 2 41
github.com/saredigital/sarepost/internal/db/db_schema.go:58.60,60.3 1 0
github.com/saredigital/sarepost/internal/db/db_schema.go:61.2,61.19 1 41
github.com/saredigital/sarepost/internal/db/db_schema.go:64.31,64.54 1 41
github.com/saredigital/sarepost/internal/db/db_schema.go:66.52,67.78 1 41
github.com/saredigital/sarepost/internal/db/db_schema.go:67.78,69.3 1 0
github.com/saredigital/sarepost/internal/db/db_schema.go:70.2,71.16 2 41
github.com/saredigital/sarepost/internal/db/db_schema.go:71.16,73.3 1 0
github.com/saredigital/sarepost/internal/db/db_schema.go:74.2,74.17 1 41
github.com/saredigital/sarepost/internal/db/db_schema.go:74.17,75.56 1 1
github.com/saredigital/sarepost/internal/db/db_schema.go:75.56,77.4 1 0
github.com/saredigital/sarepost/internal/db/db_schema.go:79.2,79.31 1 41
github.com/saredigital/sarepost/internal/db/db_schema.go:82.43,84.43 2 122
github.com/saredigital/sarepost/internal/db/db_schema.go:84.43,86.3 1 0
github.com/saredigital/sarepost/internal/db/db_schema.go:87.2,87.68 1 122
github.com/saredigital/sarepost/internal/db/dlq.go:13.94,14.16 1 4
github.com/saredigital/sarepost/internal/db/dlq.go:14.16,16.3 1 0
github.com/saredigital/sarepost/internal/db/dlq.go:17.2,23.16 2 4
github.com/saredigital/sarepost/internal/db/dlq.go:23.16,25.3 1 0
github.com/saredigital/sarepost/internal/db/dlq.go:26.2,29.18 3 4
github.com/saredigital/sarepost/internal/db/dlq.go:29.18,32.92 3 2
github.com/saredigital/sarepost/internal/db/dlq.go:32.92,34.4 1 0
github.com/saredigital/sarepost/internal/db/dlq.go:35.3,36.23 2 2
github.com/saredigital/sarepost/internal/db/dlq.go:38.2,38.24 1 4
github.com/saredigital/sarepost/internal/db/dlq.go:41.98,43.16 2 1
github.com/saredigital/sarepost/internal/db/dlq.go:43.16,45.3 1 0
github.com/saredigital/sarepost/internal/db/dlq.go:46.2,49.125 3 1
github.com/saredigital/sarepost/internal/db/dlq.go:49.125,50.27 1 0
github.com/saredigital/sarepost/internal/db/dlq.go:50.27,52.4 1 0
github.com/saredigital/sarepost/internal/db/dlq.go:53.3,53.28 1 0
github.com/saredigital/sarepost/internal/db/dlq.go:56.2,62.16 3 1
github.com/saredigital/sarepost/internal/db/dlq.go:62.16,64.3 1 0
github.com/saredigital/sarepost/internal/db/dlq.go:65.2,66.23 2 1
github.com/saredigital/sarepost/internal/db/dlq.go:66.23,68.3 1 0
github.com/saredigital/sarepost/internal/db/dlq.go:70.2,70.102 1 1
github.com/saredigital/sarepost/internal/db/dlq.go:70.102,72.3 1 0
github.com/saredigital/sarepost/internal/db/dlq.go:73.2,73.36 1 1
github.com/saredigital/sarepost/internal/db/dlq.go:73.36,75.3 1 0
github.com/saredigital/sarepost/internal/db/dlq.go:77.2,77.31 1 1
github.com/saredigital/sarepost/internal/db/dlq.go:80.82,82.16 2 1
github.com/saredigital/sarepost/internal/db/dlq.go:82.16,84.3 1 0
github.com/saredigital/sarepost/internal/db/dlq.go:85.2,88.125 3 1
github.com/saredigital/sarepost/internal/db/dlq.go:88.125,89.27 1 0
github.com/saredigital/sarepost/internal/db/dlq.go:89.27,91.4 1 0
github.com/saredigital/sarepost/internal/db/dlq.go:92.3,92.13 1 0
github.com/saredigital/sarepost/internal/db/dlq.go:95.2,96.111 2 1
github.com/saredigital/sarepost/internal/db/dlq.go:96.111,97.27 1 0
github.com/saredigital/sarepost/internal/db/dlq.go:97.27,99.4 1 0
github.com/saredigital/sarepost/internal/db/dlq.go:100.3,100.13 1 0
github.com/saredigital/sarepost/internal/db/dlq.go:102.2,102.66 1 1
github.com/saredigital/sarepost/internal/db/dlq.go:102.66,104.3 1 0
github.com/saredigital/sarepost/internal/db/dlq.go:106.2,106.102 1 1
github.com/saredigital/sarepost/internal/db/dlq.go:106.102,108.3 1 0
github.com/saredigital/sarepost/internal/db/dlq.go:109.2,109.99 1 1
github.com/saredigital/sarepost/internal/db/dlq.go:109.99,111.3 1 0
github.com/saredigital/sarepost/internal/db/dlq.go:112.2,113.16 2 1
github.com/saredigital/sarepost/internal/db/dlq.go:113.16,115.3 1 0
github.com/saredigital/sarepost/internal/db/dlq.go:116.2,117.23 2 1
github.com/saredigital/sarepost/internal/db/dlq.go:117.23,119.3 1 0
github.com/saredigital/sarepost/internal/db/dlq.go:121.2,121.20 1 1
github.com/saredigital/sarepost/internal/db/local_auth.go:36.66,38.100 2 1
github.com/saredigital/sarepost/internal/db/local_auth.go:38.100,40.3 1 0
github.com/saredigital/sarepost/internal/db/local_auth.go:41.2,41.23 1 1
github.com/saredigital/sarepost/internal/db/local_auth.go:44.72,54.16 5 4
github.com/saredigital/sarepost/internal/db/local_auth.go:54.16,56.3 1 2
github.com/saredigital/sarepost/internal/db/local_auth.go:57.2,59.19 3 2
github.com/saredigital/sarepost/internal/db/local_auth.go:62.87,64.14 2 3
github.com/saredigital/sarepost/internal/db/local_auth.go:64.14,66.3 1 0
github.com/saredigital/sarepost/internal/db/local_auth.go:67.2,75.16 5 3
github.com/saredigital/sarepost/internal/db/local_auth.go:75.16,77.3 1 0
github.com/saredigital/sarepost/internal/db/local_auth.go:78.2,80.19 3 3
github.com/saredigital/sarepost/internal/db/local_auth.go:83.112,86.17 3 3
github.com/saredigital/sarepost/internal/db/local_auth.go:86.17,88.3 1 0
github.com/saredigital/sarepost/internal/db/local_auth.go:89.2,89.24 1 3
github.com/saredigital/sarepost/internal/db/local_auth.go:89.24,91.3 1 0
github.com/saredigital/sarepost/internal/db/local_auth.go:92.2,95.50 3 3
github.com/saredigital/sarepost/internal/db/local_auth.go:95.50,97.3 1 0
github.com/saredigital/sarepost/internal/db/local_auth.go:98.2,98.16 1 3
github.com/saredigital/sarepost/internal/db/local_auth.go:98.16,103.85 1 1
github.com/saredigital/sarepost/internal/db/local_auth.go:103.85,105.4 1 0
github.com/saredigital/sarepost/internal/db/local_auth.go:106.3,106.44 1 1
github.com/saredigital/sarepost/internal/db/local_auth.go:109.2,110.16 2 2
github.com/saredigital/sarepost/internal/db/local_auth.go:110.16,112.3 1 0
github.com/saredigital/sarepost/internal/db/local_auth.go:113.2,116.102 1 2
github.com/saredigital/sarepost/internal/db/local_auth.go:116.102,118.3 1 0
github.com/saredigital/sarepost/internal/db/local_auth.go:119.2,119.37 1 2
github.com/saredigital/sarepost/internal/db/local_auth.go:122.105,125.35 3 1
github.com/saredigital/sarepost/internal/db/local_auth.go:125.35,127.3 1 0
github.com/saredigital/sarepost/internal/db/local_auth.go:128.2,129.16 2 1
github.com/saredigital/sarepost/internal/db/local_auth.go:129.16,130.36 1 0
github.com/saredigital/sarepost/internal/db/local_auth.go:130.36,132.4 1 0
github.com/saredigital/sarepost/internal/db/local_auth.go:133.3,133.27 1 0
github.com/saredigital/sarepost/internal/db/local_auth.go:135.2,135.26 1 1
github.com/saredigital/sarepost/internal/db/local_auth.go:135.26,137.3 1 0
github.com/saredigital/sarepost/internal/db/local_auth.go:138.2,138.114 1 1
github.com/saredigital/sarepost/internal/db/local_auth.go:138.114,140.3 1 0
github.com/saredigital/sarepost/internal/db/local_auth.go:141.2,141.19 1 1
github.com/saredigital/sarepost/internal/db/local_auth.go:144.118,146.19 2 0
github.com/saredigital/sarepost/internal/db/local_auth.go:146.19,148.3 1 0
github.com/saredigital/sarepost/internal/db/local_auth.go:149.2,149.14 1 0
github.com/saredigital/sarepost/internal/db/local_auth.go:149.14,151.3 1 0
github.com/saredigital/sarepost/internal/db/local_auth.go:152.2,152.142 1 0
github.com/saredigital/sarepost/internal/db/local_auth.go:152.142,154.3 1 0
github.com/saredigital/sarepost/internal/db/local_auth.go:155.2,156.16 2 0
github.com/saredigital/sarepost/internal/db/local_auth.go:156.16,158.3 1 0
github.com/saredigital/sarepost/internal/db/local_auth.go:159.2,170.16 3 0
github.com/saredigital/sarepost/internal/db/local_auth.go:170.16,172.3 1 0
github.com/saredigital/sarepost/internal/db/local_auth.go:173.2,173.31 1 0
github.com/saredigital/sarepost/internal/db/local_auth.go:176.96,178.16 2 0
github.com/saredigital/sarepost/internal/db/local_auth.go:178.16,180.3 1 0
github.com/saredigital/sarepost/internal/db/local_auth.go:181.2,189.16 5 0
github.com/saredigital/sarepost/internal/db/local_auth.go:189.16,191.3 1 0
github.com/saredigital/sarepost/internal/db/local_auth.go:192.2,194.48 3 0
github.com/saredigital/sarepost/internal/db/local_auth.go:194.48,197.3 2 0
github.com/saredigital/sarepost/internal/db/local_auth.go:198.2,198.21 1 0
github.com/saredigital/sarepost/internal/db/local_auth.go:201.85,203.16 2 0
github.com/saredigital/sarepost/internal/db/local_auth.go:203.16,205.3 1 0
github.com/saredigital/sarepost/internal/db/local_auth.go:206.2,207.12 2 0
github.com/saredigital/sarepost/internal/db/local_auth.go:210.45,212.2 1 4
github.com/saredigital/sarepost/internal/db/local_auth.go:214.40,216.16 2 4
github.com/saredigital/sarepost/internal/db/local_auth.go:216.16,218.3 1 4
github.com/saredigital/sarepost/internal/db/local_auth.go:219.2,219.60 1 0
github.com/saredigital/sarepost/internal/db/local_auth.go:222.35,224.15 2 7
github.com/saredigital/sarepost/internal/db/local_auth.go:224.15,226.3 1 0
github.com/saredigital/sarepost/internal/db/local_auth.go:227.2,228.35 2 7
github.com/saredigital/sarepost/internal/db/local_auth.go:231.50,232.15 1 4
github.com/saredigital/sarepost/internal/db/local_auth.go:232.15,234.3 1 0
github.com/saredigital/sarepost/internal/db/local_auth.go:235.2,236.42 2 4
github.com/saredigital/sarepost/internal/db/local_auth.go:236.42,238.3 1 0
github.com/saredigital/sarepost/internal/db/local_auth.go:239.2,239.55 1 4
github.com/saredigital/sarepost/internal/db/local_oauth.go:78.102,80.26 2 1
github.com/saredigital/sarepost/internal/db/local_oauth.go:80.26,82.3 1 0
github.com/saredigital/sarepost/internal/db/local_oauth.go:83.2,85.16 3 1
github.com/saredigital/sarepost/internal/db/local_oauth.go:85.16,87.3 1 0
github.com/saredigital/sarepost/internal/db/local_oauth.go:88.2,100.16 3 1
github.com/saredigital/sarepost/internal/db/local_oauth.go:100.16,102.3 1 0
github.com/saredigital/sarepost/internal/db/local_oauth.go:103.2,103.20 1 1
github.com/saredigital/sarepost/internal/db/local_oauth.go:106.101,108.20 2 0
github.com/saredigital/sarepost/internal/db/local_oauth.go:108.20,110.3 1 0
github.com/saredigital/sarepost/internal/db/local_oauth.go:111.2,120.16 6 0
github.com/saredigital/sarepost/internal/db/local_oauth.go:120.16,121.36 1 0
github.com/saredigital/sarepost/internal/db/local_oauth.go:121.36,123.4 1 0
github.com/saredigital/sarepost/internal/db/local_oauth.go:124.3,124.28 1 0
github.com/saredigital/sarepost/internal/db/local_oauth.go:126.2,126.87 1 0
github.com/saredigital/sarepost/internal/db/local_oauth.go:126.87,128.3 1 0
github.com/saredigital/sarepost/internal/db/local_oauth.go:129.2,131.20 3 0
github.com/saredigital/sarepost/internal/db/local_oauth.go:134.150,138.58 4 0
github.com/saredigital/sarepost/internal/db/local_oauth.go:138.58,140.3 1 0
github.com/saredigital/sarepost/internal/db/local_oauth.go:141.2,141.51 1 0
github.com/saredigital/sarepost/internal/db/local_oauth.go:141.51,143.3 1 0
github.com/saredigital/sarepost/internal/db/local_oauth.go:144.2,144.57 1 0
github.com/saredigital/sarepost/internal/db/local_oauth.go:144.57,146.3 1 0
github.com/saredigital/sarepost/internal/db/local_oauth.go:147.2,147.21 1 0
github.com/saredigital/sarepost/internal/db/local_oauth.go:147.21,149.3 1 0
github.com/saredigital/sarepost/internal/db/local_oauth.go:150.2,151.16 2 0
github.com/saredigital/sarepost/internal/db/local_oauth.go:151.16,153.3 1 0
github.com/saredigital/sarepost/internal/db/local_oauth.go:154.2,171.16 4 0
github.com/saredigital/sarepost/internal/db/local_oauth.go:171.16,173.3 1 0
github.com/saredigital/sarepost/internal/db/local_oauth.go:174.2,178.16 2 0
github.com/saredigital/sarepost/internal/db/local_oauth.go:178.16,180.3 1 0
github.com/saredigital/sarepost/internal/db/local_oauth.go:181.2,181.27 1 0
github.com/saredigital/sarepost/internal/db/local_oauth.go:184.139,188.59 4 0
github.com/saredigital/sarepost/internal/db/local_oauth.go:188.59,190.3 1 0
github.com/saredigital/sarepost/internal/db/local_oauth.go:191.2,192.16 2 0
github.com/saredigital/sarepost/internal/db/local_oauth.go:192.16,194.3 1 0
github.com/saredigital/sarepost/internal/db/local_oauth.go:195.2,206.16 7 0
github.com/saredigital/sarepost/internal/db/local_oauth.go:206.16,207.36 1 0
github.com/saredigital/sarepost/internal/db/local_oauth.go:207.36,209.4 1 0
github.com/saredigital/sarepost/internal/db/local_oauth.go:210.3,210.39 1 0
github.com/saredigital/sarepost/internal/db/local_oauth.go:212.2,214.18 3 0
github.com/saredigital/sarepost/internal/db/local_oauth.go:214.18,216.22 2 0
github.com/saredigital/sarepost/internal/db/local_oauth.go:216.22,218.4 1 0
github.com/saredigital/sarepost/internal/db/local_oauth.go:220.2,220.31 1 0
github.com/saredigital/sarepost/internal/db/local_oauth.go:220.31,222.3 1 0
github.com/saredigital/sarepost/internal/db/local_oauth.go:223.2,223.37 1 0
github.com/saredigital/sarepost/internal/db/local_oauth.go:223.37,225.3 1 0
github.com/saredigital/sarepost/internal/db/local_oauth.go:226.2,226.24 1 0
github.com/saredigital/sarepost/internal/db/local_oauth.go:226.24,228.3 1 0
github.com/saredigital/sarepost/internal/db/local_oauth.go:229.2,229.45 1 0
github.com/saredigital/sarepost/internal/db/local_oauth.go:229.45,232.3 2 0
github.com/saredigital/sarepost/internal/db/local_oauth.go:233.2,234.141 2 0
github.com/saredigital/sarepost/internal/db/local_oauth.go:234.141,236.3 1 0
github.com/saredigital/sarepost/internal/db/local_oauth.go:237.2,237.36 1 0
github.com/saredigital/sarepost/internal/db/local_oauth.go:237.36,239.3 1 0
github.com/saredigital/sarepost/internal/db/local_oauth.go:240.2,241.18 2 0
github.com/saredigital/sarepost/internal/db/local_oauth.go:244.122,247.37 3 2
github.com/saredigital/sarepost/internal/db/local_oauth.go:247.37,249.3 1 0
github.com/saredigital/sarepost/internal/db/local_oauth.go:250.2,250.27 1 2
github.com/saredigital/sarepost/internal/db/local_oauth.go:250.27,252.3 1 0
github.com/saredigital/sarepost/internal/db/local_oauth.go:253.2,253.28 1 2
github.com/saredigital/sarepost/internal/db/local_oauth.go:253.28,255.3 1 0
github.com/saredigital/sarepost/internal/db/local_oauth.go:256.2,257.16 2 2
github.com/saredigital/sarepost/internal/db/local_oauth.go:257.16,259.3 1 0
github.com/saredigital/sarepost/internal/db/local_oauth.go:260.2,261.16 2 2
github.com/saredigital/sarepost/internal/db/local_oauth.go:261.16,263.3 1 0
github.com/saredigital/sarepost/internal/db/local_oauth.go:264.2,280.16 4 2
github.com/saredigital/sarepost/internal/db/local_oauth.go:280.16,282.3 1 0
github.com/saredigital/sarepost/internal/db/local_oauth.go:283.2,283.46 1 2
github.com/saredigital/sarepost/internal/db/local_oauth.go:286.108,288.16 2 1
github.com/saredigital/sarepost/internal/db/local_oauth.go:288.16,290.3 1 0
github.com/saredigital/sarepost/internal/db/local_oauth.go:291.2,292.16 2 1
github.com/saredigital/sarepost/internal/db/local_oauth.go:292.16,294.3 1 0
github.com/saredigital/sarepost/internal/db/local_oauth.go:295.2,295.52 1 1
github.com/saredigital/sarepost/internal/db/local_oauth.go:295.52,297.3 1 0
github.com/saredigital/sarepost/internal/db/local_oauth.go:298.2,301.19 4 1
github.com/saredigital/sarepost/internal/db/local_oauth.go:304.169,307.34 3 2
github.com/saredigital/sarepost/internal/db/local_oauth.go:307.34,309.3 1 0
github.com/saredigital/sarepost/internal/db/local_oauth.go:310.2,311.16 2 2
github.com/saredigital/sarepost/internal/db/local_oauth.go:311.16,313.3 1 0
github.com/saredigital/sarepost/internal/db/local_oauth.go:314.2,314.115 1 2
github.com/saredigital/sarepost/internal/db/local_oauth.go:314.115,316.3 1 1
github.com/saredigital/sarepost/internal/db/local_oauth.go:317.2,317.159 1 1
github.com/saredigital/sarepost/internal/db/local_oauth.go:317.159,319.3 1 0
github.com/saredigital/sarepost/internal/db/local_oauth.go:320.2,326.4 1 1
github.com/saredigital/sarepost/internal/db/local_oauth.go:329.101,330.16 1 3
github.com/saredigital/sarepost/internal/db/local_oauth.go:331.49,331.49 0 3
github.com/saredigital/sarepost/internal/db/local_oauth.go:332.10,333.62 1 0
github.com/saredigital/sarepost/internal/db/local_oauth.go:335.2,358.16 9 3
github.com/saredigital/sarepost/internal/db/local_oauth.go:358.16,359.10 1 0
github.com/saredigital/sarepost/internal/db/local_oauth.go:360.71,361.51 1 0
github.com/saredigital/sarepost/internal/db/local_oauth.go:362.38,363.52 1 0
github.com/saredigital/sarepost/internal/db/local_oauth.go:364.11,365.28 1 0
github.com/saredigital/sarepost/internal/db/local_oauth.go:368.2,371.22 4 3
github.com/saredigital/sarepost/internal/db/local_oauth.go:371.22,372.81 1 1
github.com/saredigital/sarepost/internal/db/local_oauth.go:372.81,374.4 1 1
github.com/saredigital/sarepost/internal/db/local_oauth.go:376.2,376.21 1 3
github.com/saredigital/sarepost/internal/db/local_oauth.go:376.21,377.80 1 2
github.com/saredigital/sarepost/internal/db/local_oauth.go:377.80,379.4 1 2
github.com/saredigital/sarepost/internal/db/local_oauth.go:381.2,381.19 1 3
github.com/saredigital/sarepost/internal/db/local_oauth.go:384.52,387.27 3 1
github.com/saredigital/sarepost/internal/db/local_oauth.go:387.27,389.16 2 1
github.com/saredigital/sarepost/internal/db/local_oauth.go:389.16,390.12 1 0
github.com/saredigital/sarepost/internal/db/local_oauth.go:392.3,392.29 1 1
github.com/saredigital/sarepost/internal/db/local_oauth.go:392.29,393.12 1 0
github.com/saredigital/sarepost/internal/db/local_oauth.go:395.3,396.25 2 1
github.com/saredigital/sarepost/internal/db/local_oauth.go:398.2,398.12 1 1
github.com/saredigital/sarepost/internal/db/local_oauth.go:401.45,403.15 2 2
github.com/saredigital/sarepost/internal/db/local_oauth.go:403.15,405.3 1 0
github.com/saredigital/sarepost/internal/db/local_oauth.go:406.2,409.29 4 2
github.com/saredigital/sarepost/internal/db/local_oauth.go:409.29,411.17 2 2
github.com/saredigital/sarepost/internal/db/local_oauth.go:411.17,412.12 1 0
github.com/saredigital/sarepost/internal/db/local_oauth.go:414.3,414.30 1 2
github.com/saredigital/sarepost/internal/db/local_oauth.go:414.30,415.12 1 0
github.com/saredigital/sarepost/internal/db/local_oauth.go:417.3,418.26 2 2
github.com/saredigital/sarepost/internal/db/local_oauth.go:420.2,420.19 1 2
github.com/saredigital/sarepost/internal/db/local_oauth.go:420.19,422.3 1 0
github.com/saredigital/sarepost/internal/db/local_oauth.go:423.2,423.31 1 2
github.com/saredigital/sarepost/internal/db/media.go:21.85,22.16 1 3
github.com/saredigital/sarepost/internal/db/media.go:22.16,24.3 1 0
github.com/saredigital/sarepost/internal/db/media.go:25.2,25.17 1 3
github.com/saredigital/sarepost/internal/db/media.go:25.17,27.3 1 0
github.com/saredigital/sarepost/internal/db/media.go:28.2,52.16 2 3
github.com/saredigital/sarepost/internal/db/media.go:52.16,54.3 1 0
github.com/saredigital/sarepost/internal/db/media.go:55.2,58.18 3 3
github.com/saredigital/sarepost/internal/db/media.go:58.18,70.17 3 11
github.com/saredigital/sarepost/internal/db/media.go:70.17,72.4 1 0
github.com/saredigital/sarepost/internal/db/media.go:73.3,74.30 2 11
github.com/saredigital/sarepost/internal/db/media.go:76.2,76.35 1 3
github.com/saredigital/sarepost/internal/db/media.go:76.35,78.3 1 0
github.com/saredigital/sarepost/internal/db/media.go:79.2,79.19 1 3
github.com/saredigital/sarepost/internal/db/media.go:82.96,84.16 2 5
github.com/saredigital/sarepost/internal/db/media.go:84.16,86.3 1 0
github.com/saredigital/sarepost/internal/db/media.go:87.2,123.16 6 5
github.com/saredigital/sarepost/internal/db/media.go:123.16,125.3 1 0
github.com/saredigital/sarepost/internal/db/media.go:126.2,128.20 2 5
github.com/saredigital/sarepost/internal/db/media.go:128.20,130.3 1 2
github.com/saredigital/sarepost/internal/db/media.go:132.2,132.101 1 3
github.com/saredigital/sarepost/internal/db/media.go:132.101,134.3 1 0
github.com/saredigital/sarepost/internal/db/media.go:136.2,137.16 2 3
github.com/saredigital/sarepost/internal/db/media.go:137.16,139.3 1 0
github.com/saredigital/sarepost/internal/db/media.go:140.2,141.12 2 3
github.com/saredigital/sarepost/internal/db/media.go:141.12,143.3 1 0
github.com/saredigital/sarepost/internal/db/media.go:144.2,144.36 1 3
github.com/saredigital/sarepost/internal/db/media.go:144.36,146.3 1 0
github.com/saredigital/sarepost/internal/db/media.go:147.2,147.19 1 3
github.com/saredigital/sarepost/internal/db/media.go:150.94,152.16 2 1
github.com/saredigital/sarepost/internal/db/media.go:152.16,154.3 1 0
github.com/saredigital/sarepost/internal/db/media.go:155.2,175.16 3 1
github.com/saredigital/sarepost/internal/db/media.go:175.16,177.3 1 0
github.com/saredigital/sarepost/internal/db/media.go:178.2,182.18 4 1
github.com/saredigital/sarepost/internal/db/media.go:182.18,193.17 3 3
github.com/saredigital/sarepost/internal/db/media.go:193.17,195.4 1 0
github.com/saredigital/sarepost/internal/db/media.go:196.3,198.29 3 3
github.com/saredigital/sarepost/internal/db/media.go:200.2,200.35 1 1
github.com/saredigital/sarepost/internal/db/media.go:200.35,202.3 1 0
github.com/saredigital/sarepost/internal/db/media.go:203.2,203.19 1 1
github.com/saredigital/sarepost/internal/db/media.go:203.19,204.37 1 0
github.com/saredigital/sarepost/internal/db/media.go:204.37,206.4 1 0
github.com/saredigital/sarepost/internal/db/media.go:207.3,207.22 1 0
github.com/saredigital/sarepost/internal/db/media.go:210.2,212.21 3 1
github.com/saredigital/sarepost/internal/db/media.go:212.21,215.3 2 3
github.com/saredigital/sarepost/internal/db/media.go:216.2,218.121 2 1
github.com/saredigital/sarepost/internal/db/media.go:218.121,220.3 1 0
github.com/saredigital/sarepost/internal/db/media.go:221.2,221.110 1 1
github.com/saredigital/sarepost/internal/db/media.go:221.110,223.3 1 0
github.com/saredigital/sarepost/internal/db/media.go:225.2,225.36 1 1
github.com/saredigital/sarepost/internal/db/media.go:225.36,227.3 1 0
github.com/saredigital/sarepost/internal/db/media.go:228.2,228.21 1 1
github.com/saredigital/sarepost/internal/db/oauth_pending_account_selections.go:26.151,27.43 1 2
github.com/saredigital/sarepost/internal/db/oauth_pending_account_selections.go:27.43,29.17 2 2
github.com/saredigital/sarepost/internal/db/oauth_pending_account_selections.go:29.17,31.4 1 0
github.com/saredigital/sarepost/internal/db/oauth_pending_account_selections.go:32.3,32.20 1 2
github.com/saredigital/sarepost/internal/db/oauth_pending_account_selections.go:34.2,35.30 2 2
github.com/saredigital/sarepost/internal/db/oauth_pending_account_selections.go:35.30,37.3 1 0
github.com/saredigital/sarepost/internal/db/oauth_pending_account_selections.go:38.2,38.65 1 2
github.com/saredigital/sarepost/internal/db/oauth_pending_account_selections.go:38.65,40.3 1 0
github.com/saredigital/sarepost/internal/db/oauth_pending_account_selections.go:41.2,41.31 1 2
github.com/saredigital/sarepost/internal/db/oauth_pending_account_selections.go:41.31,43.3 1 0
github.com/saredigital/sarepost/internal/db/oauth_pending_account_selections.go:44.2,44.34 1 2
github.com/saredigital/sarepost/internal/db/oauth_pending_account_selections.go:44.34,46.3 1 0
github.com/saredigital/sarepost/internal/db/oauth_pending_account_selections.go:47.2,60.16 3 2
github.com/saredigital/sarepost/internal/db/oauth_pending_account_selections.go:60.16,62.3 1 0
github.com/saredigital/sarepost/internal/db/oauth_pending_account_selections.go:63.2,63.23 1 2
github.com/saredigital/sarepost/internal/db/oauth_pending_account_selections.go:66.119,68.14 2 4
github.com/saredigital/sarepost/internal/db/oauth_pending_account_selections.go:68.14,70.3 1 0
github.com/saredigital/sarepost/internal/db/oauth_pending_account_selections.go:71.2,87.16 5 4
github.com/saredigital/sarepost/internal/db/oauth_pending_account_selections.go:87.16,89.3 1 2
github.com/saredigital/sarepost/internal/db/oauth_pending_account_selections.go:90.2,92.50 3 2
github.com/saredigital/sarepost/internal/db/oauth_pending_account_selections.go:92.50,95.3 2 1
github.com/saredigital/sarepost/internal/db/oauth_pending_account_selections.go:96.2,96.23 1 1
github.com/saredigital/sarepost/internal/db/oauth_pending_account_selections.go:99.90,101.14 2 2
github.com/saredigital/sarepost/internal/db/oauth_pending_account_selections.go:101.14,103.3 1 0
github.com/saredigital/sarepost/internal/db/oauth_pending_account_selections.go:104.2,105.12 2 2
github.com/saredigital/sarepost/internal/db/settings.go:14.77,16.15 2 3
github.com/saredigital/sarepost/internal/db/settings.go:16.15,18.3 1 0
github.com/saredigital/sarepost/internal/db/settings.go:19.2,21.16 3 3
github.com/saredigital/sarepost/internal/db/settings.go:21.16,23.3 1 1
github.com/saredigital/sarepost/internal/db/settings.go:24.2,24.19 1 2
github.com/saredigital/sarepost/internal/db/settings.go:27.74,29.15 2 2
github.com/saredigital/sarepost/internal/db/settings.go:29.15,31.3 1 0
github.com/saredigital/sarepost/internal/db/settings.go:32.2,33.17 2 2
github.com/saredigital/sarepost/internal/db/settings.go:33.17,35.3 1 0
github.com/saredigital/sarepost/internal/db/settings.go:36.2,40.12 2 2
github.com/saredigital/sarepost/internal/db/settings.go:43.68,45.16 2 3
github.com/saredigital/sarepost/internal/db/settings.go:45.16,46.36 1 1
github.com/saredigital/sarepost/internal/db/settings.go:46.36,48.4 1 1
github.com/saredigital/sarepost/internal/db/settings.go:49.3,49.17 1 0
github.com/saredigital/sarepost/internal/db/settings.go:51.2,51.38 1 2
github.com/saredigital/sarepost/internal/db/settings.go:54.75,56.2 1 2
github.com/saredigital/sarepost/internal/cli/capabilities.go:5.48,30.2 1 0
github.com/saredigital/sarepost/internal/cli/client.go:26.76,27.18 1 28
github.com/saredigital/sarepost/internal/cli/client.go:27.18,29.3 1 0
github.com/saredigital/sarepost/internal/cli/client.go:30.2,32.19 3 28
github.com/saredigital/sarepost/internal/cli/client.go:32.19,34.3 1 0
github.com/saredigital/sarepost/internal/cli/client.go:35.2,39.3 1 28
github.com/saredigital/sarepost/internal/cli/client.go:42.92,44.2 1 5
github.com/saredigital/sarepost/internal/cli/client.go:46.83,48.2 1 13
github.com/saredigital/sarepost/internal/cli/client.go:50.121,52.2 1 1
github.com/saredigital/sarepost/internal/cli/client.go:54.77,56.2 1 1
github.com/saredigital/sarepost/internal/cli/client.go:58.135,60.20 2 6
github.com/saredigital/sarepost/internal/cli/client.go:60.20,62.3 1 0
github.com/saredigital/sarepost/internal/cli/client.go:63.2,64.16 2 6
github.com/saredigital/sarepost/internal/cli/client.go:64.16,66.3 1 1
github.com/saredigital/sarepost/internal/cli/client.go:68.2,69.16 2 5
github.com/saredigital/sarepost/internal/cli/client.go:69.16,72.3 2 0
github.com/saredigital/sarepost/internal/cli/client.go:74.2,77.12 4 5
github.com/saredigital/sarepost/internal/cli/client.go:77.12,79.17 2 5
github.com/saredigital/sarepost/internal/cli/client.go:79.17,82.4 2 0
github.com/saredigital/sarepost/internal/cli/client.go:83.3,83.17 1 5
github.com/saredigital/sarepost/internal/cli/client.go:86.2,87.16 2 5
github.com/saredigital/sarepost/internal/cli/client.go:87.16,90.3 2 0
github.com/saredigital/sarepost/internal/cli/client.go:91.2,92.19 2 5
github.com/saredigital/sarepost/internal/cli/client.go:92.19,94.3 1 0
github.com/saredigital/sarepost/internal/cli/client.go:96.2,97.16 2 5
github.com/saredigital/sarepost/internal/cli/client.go:97.16,99.3 1 0
github.com/saredigital/sarepost/internal/cli/client.go:100.2,102.16 3 5
github.com/saredigital/sarepost/internal/cli/client.go:102.16,104.3 1 0
github.com/saredigital/sarepost/internal/cli/client.go:105.2,105.78 1 5
github.com/saredigital/sarepost/internal/cli/client.go:108.136,110.33 2 5
github.com/saredigital/sarepost/internal/cli/client.go:110.33,112.16 2 5
github.com/saredigital/sarepost/internal/cli/client.go:112.16,113.12 1 0
github.com/saredigital/sarepost/internal/cli/client.go:115.3,115.74 1 5
github.com/saredigital/sarepost/internal/cli/client.go:115.74,117.4 1 0
github.com/saredigital/sarepost/internal/cli/client.go:119.2,120.16 2 5
github.com/saredigital/sarepost/internal/cli/client.go:120.16,122.3 1 0
github.com/saredigital/sarepost/internal/cli/client.go:123.2,123.47 1 5
github.com/saredigital/sarepost/internal/cli/client.go:123.47,125.3 1 0
github.com/saredigital/sarepost/internal/cli/client.go:126.2,126.39 1 5
github.com/saredigital/sarepost/internal/cli/client.go:126.39,128.3 1 0
github.com/saredigital/sarepost/internal/cli/client.go:129.2,129.12 1 5
github.com/saredigital/sarepost/internal/cli/client.go:132.113,137.2 4 5
github.com/saredigital/sarepost/internal/cli/client.go:139.77,144.36 2 5
github.com/saredigital/sarepost/internal/cli/client.go:144.36,146.3 1 5
github.com/saredigital/sarepost/internal/cli/client.go:147.2,148.150 2 0
github.com/saredigital/sarepost/internal/cli/client.go:151.79,154.33 3 5
github.com/saredigital/sarepost/internal/cli/client.go:154.33,156.3 1 0
github.com/saredigital/sarepost/internal/cli/client.go:157.2,157.54 1 5
github.com/saredigital/sarepost/internal/cli/client.go:157.54,159.3 1 0
github.com/saredigital/sarepost/internal/cli/client.go:160.2,160.11 1 5
github.com/saredigital/sarepost/internal/cli/client.go:160.11,162.35 2 5
github.com/saredigital/sarepost/internal/cli/client.go:162.35,164.4 1 5
github.com/saredigital/sarepost/internal/cli/client.go:166.2,166.114 1 0
github.com/saredigital/sarepost/internal/cli/client.go:166.114,168.3 1 0
github.com/saredigital/sarepost/internal/cli/client.go:169.2,169.40 1 0
github.com/saredigital/sarepost/internal/cli/client.go:172.41,174.16 2 5
github.com/saredigital/sarepost/internal/cli/client.go:174.16,176.48 2 0
github.com/saredigital/sarepost/internal/cli/client.go:176.48,178.4 1 0
github.com/saredigital/sarepost/internal/cli/client.go:180.2,180.64 1 5
github.com/saredigital/sarepost/internal/cli/client.go:183.134,185.15 2 20
github.com/saredigital/sarepost/internal/cli/client.go:185.15,187.17 2 12
github.com/saredigital/sarepost/internal/cli/client.go:187.17,189.4 1 0
github.com/saredigital/sarepost/internal/cli/client.go:190.3,190.34 1 12
github.com/saredigital/sarepost/internal/cli/client.go:193.2,194.20 2 20
github.com/saredigital/sarepost/internal/cli/client.go:194.20,196.3 1 4
github.com/saredigital/sarepost/internal/cli/client.go:197.2,198.16 2 20
github.com/saredigital/sarepost/internal/cli/client.go:198.16,200.3 1 0
github.com/saredigital/sarepost/internal/cli/client.go:201.2,201.15 1 20
github.com/saredigital/sarepost/internal/cli/client.go:201.15,203.3 1 12
github.com/saredigital/sarepost/internal/cli/client.go:204.2,204.19 1 20
github.com/saredigital/sarepost/internal/cli/client.go:204.19,206.3 1 1
github.com/saredigital/sarepost/internal/cli/client.go:207.2,207.34 1 20
github.com/saredigital/sarepost/internal/cli/client.go:207.34,208.35 1 1
github.com/saredigital/sarepost/internal/cli/client.go:208.35,209.12 1 0
github.com/saredigital/sarepost/internal/cli/client.go:211.3,211.29 1 1
github.com/saredigital/sarepost/internal/cli/client.go:214.2,215.16 2 20
github.com/saredigital/sarepost/internal/cli/client.go:215.16,217.3 1 0
github.com/saredigital/sarepost/internal/cli/client.go:218.2,221.16 3 20
github.com/saredigital/sarepost/internal/cli/client.go:221.16,223.3 1 0
github.com/saredigital/sarepost/internal/cli/client.go:224.2,224.69 1 20
github.com/saredigital/sarepost/internal/cli/client.go:227.45,231.54 2 4
github.com/saredigital/sarepost/internal/cli/client.go:231.54,233.3 1 2
github.com/saredigital/sarepost/internal/cli/client.go:234.2,234.41 1 2
github.com/saredigital/sarepost/internal/cli/client.go:237.85,238.42 1 25
github.com/saredigital/sarepost/internal/cli/client.go:238.42,240.16 2 4
github.com/saredigital/sarepost/internal/cli/client.go:240.16,242.4 1 2
github.com/saredigital/sarepost/internal/cli/client.go:243.3,243.16 1 4
github.com/saredigital/sarepost/internal/cli/client.go:243.16,245.4 1 1
github.com/saredigital/sarepost/internal/cli/client.go:246.3,246.75 1 4
github.com/saredigital/sarepost/internal/cli/client.go:249.2,249.50 1 21
github.com/saredigital/sarepost/internal/cli/client.go:249.50,251.3 1 0
github.com/saredigital/sarepost/internal/cli/client.go:252.2,252.49 1 21
github.com/saredigital/sarepost/internal/cli/client.go:252.49,254.3 1 1
github.com/saredigital/sarepost/internal/cli/client.go:255.2,255.12 1 20
github.com/saredigital/sarepost/internal/cli/run.go:105.42,105.74 1 13
github.com/saredigital/sarepost/internal/cli/run.go:107.50,109.17 2 4
github.com/saredigital/sarepost/internal/cli/run.go:109.17,111.3 1 0
github.com/saredigital/sarepost/internal/cli/run.go:112.2,113.12 2 4
github.com/saredigital/sarepost/internal/cli/run.go:116.76,118.13 2 29
github.com/saredigital/sarepost/internal/cli/run.go:118.13,120.3 1 1
github.com/saredigital/sarepost/internal/cli/run.go:121.2,121.20 1 28
github.com/saredigital/sarepost/internal/cli/run.go:121.20,124.3 2 0
github.com/saredigital/sarepost/internal/cli/run.go:126.2,128.17 2 28
github.com/saredigital/sarepost/internal/cli/run.go:129.14,131.11 2 0
github.com/saredigital/sarepost/internal/cli/run.go:132.16,133.63 1 1
github.com/saredigital/sarepost/internal/cli/run.go:134.18,135.65 1 2
github.com/saredigital/sarepost/internal/cli/run.go:136.16,137.63 1 1
github.com/saredigital/sarepost/internal/cli/run.go:138.15,139.62 1 11
github.com/saredigital/sarepost/internal/cli/run.go:140.18,141.65 1 1
github.com/saredigital/sarepost/internal/cli/run.go:142.18,143.65 1 2
github.com/saredigital/sarepost/internal/cli/run.go:144.13,145.60 1 1
github.com/saredigital/sarepost/internal/cli/run.go:146.15,147.62 1 8
github.com/saredigital/sarepost/internal/cli/run.go:148.10,151.11 3 1
github.com/saredigital/sarepost/internal/cli/run.go:155.93,170.20 10 29
github.com/saredigital/sarepost/internal/cli/run.go:170.20,170.41 1 0
github.com/saredigital/sarepost/internal/cli/run.go:172.2,172.39 1 29
github.com/saredigital/sarepost/internal/cli/run.go:172.39,174.3 1 0
github.com/saredigital/sarepost/internal/cli/run.go:175.2,175.18 1 29
github.com/saredigital/sarepost/internal/cli/run.go:175.18,178.3 2 1
github.com/saredigital/sarepost/internal/cli/run.go:179.2,179.15 1 28
github.com/saredigital/sarepost/internal/cli/run.go:179.15,182.3 2 0
github.com/saredigital/sarepost/internal/cli/run.go:183.2,183.33 1 28
github.com/saredigital/sarepost/internal/cli/run.go:186.115,187.41 1 2
github.com/saredigital/sarepost/internal/cli/run.go:187.41,190.3 2 0
github.com/saredigital/sarepost/internal/cli/run.go:191.2,199.43 9 2
github.com/saredigital/sarepost/internal/cli/run.go:199.43,201.3 1 0
github.com/saredigital/sarepost/internal/cli/run.go:202.2,203.16 2 2
github.com/saredigital/sarepost/internal/cli/run.go:203.16,206.3 2 0
github.com/saredigital/sarepost/internal/cli/run.go:208.2,209.35 2 2
github.com/saredigital/sarepost/internal/cli/run.go:209.35,211.3 1 0
github.com/saredigital/sarepost/internal/cli/run.go:212.2,212.33 1 2
github.com/saredigital/sarepost/internal/cli/run.go:212.33,214.3 1 0
github.com/saredigital/sarepost/internal/cli/run.go:215.2,216.50 2 2
github.com/saredigital/sarepost/internal/cli/run.go:216.50,218.67 2 1
github.com/saredigital/sarepost/internal/cli/run.go:218.67,221.4 2 0
github.com/saredigital/sarepost/internal/cli/run.go:222.3,222.47 1 1
github.com/saredigital/sarepost/internal/cli/run.go:222.47,226.35 4 0
github.com/saredigital/sarepost/internal/cli/run.go:226.35,228.5 1 0
github.com/saredigital/sarepost/internal/cli/run.go:230.3,230.11 1 1
github.com/saredigital/sarepost/internal/cli/run.go:233.2,234.66 2 1
github.com/saredigital/sarepost/internal/cli/run.go:234.66,237.3 2 0
github.com/saredigital/sarepost/internal/cli/run.go:238.2,238.46 1 1
github.com/saredigital/sarepost/internal/cli/run.go:238.46,242.34 4 0
github.com/saredigital/sarepost/internal/cli/run.go:242.34,244.4 1 0
github.com/saredigital/sarepost/internal/cli/run.go:246.2,246.10 1 1
github.com/saredigital/sarepost/internal/cli/run.go:249.112,250.20 1 11
github.com/saredigital/sarepost/internal/cli/run.go:250.20,253.3 2 0
github.com/saredigital/sarepost/internal/cli/run.go:254.2,254.17 1 11
github.com/saredigital/sarepost/internal/cli/run.go:255.16,256.68 1 1
github.com/saredigital/sarepost/internal/cli/run.go:257.18,258.70 1 3
github.com/saredigital/sarepost/internal/cli/run.go:259.18,260.70 1 1
github.com/saredigital/sarepost/internal/cli/run.go:261.14,262.66 1 4
github.com/saredigital/sarepost/internal/cli/run.go:263.16,264.68 1 1
github.com/saredigital/sarepost/internal/cli/run.go:265.16,266.68 1 1
github.com/saredigital/sarepost/internal/cli/run.go:267.10,269.11 2 0
github.com/saredigital/sarepost/internal/cli/run.go:273.118,290.39 17 1
github.com/saredigital/sarepost/internal/cli/run.go:290.39,292.3 1 0
github.com/saredigital/sarepost/internal/cli/run.go:293.2,293.76 1 1
github.com/saredigital/sarepost/internal/cli/run.go:293.76,296.3 2 0
github.com/saredigital/sarepost/internal/cli/run.go:297.2,297.76 1 1
github.com/saredigital/sarepost/internal/cli/run.go:297.76,300.3 2 0
github.com/saredigital/sarepost/internal/cli/run.go:301.2,301.40 1 1
github.com/saredigital/sarepost/internal/cli/run.go:301.40,304.3 2 0
github.com/saredigital/sarepost/internal/cli/run.go:306.2,311.43 2 1
github.com/saredigital/sarepost/internal/cli/run.go:311.43,313.92 2 0
github.com/saredigital/sarepost/internal/cli/run.go:313.92,316.4 2 0
github.com/saredigital/sarepost/internal/cli/run.go:317.3,319.31 3 0
github.com/saredigital/sarepost/internal/cli/run.go:321.2,321.42 1 1
github.com/saredigital/sarepost/internal/cli/run.go:321.42,323.3 1 0
github.com/saredigital/sarepost/internal/cli/run.go:324.2,324.21 1 1
github.com/saredigital/sarepost/internal/cli/run.go:324.21,326.3 1 0
github.com/saredigital/sarepost/internal/cli/run.go:327.2,328.45 2 1
github.com/saredigital/sarepost/internal/cli/run.go:328.45,330.3 1 1
github.com/saredigital/sarepost/internal/cli/run.go:332.2,334.22 3 1
github.com/saredigital/sarepost/internal/cli/run.go:334.22,336.3 1 1
github.com/saredigital/sarepost/internal/cli/run.go:336.8,338.3 1 0
github.com/saredigital/sarepost/internal/cli/run.go:339.2,339.16 1 1
github.com/saredigital/sarepost/internal/cli/run.go:339.16,342.3 2 0
github.com/saredigital/sarepost/internal/cli/run.go:343.2,343.46 1 1
github.com/saredigital/sarepost/internal/cli/run.go:343.46,345.3 1 1
github.com/saredigital/sarepost/internal/cli/run.go:346.2,346.10 1 1
github.com/saredigital/sarepost/internal/cli/run.go:349.120,364.39 15 3
github.com/saredigital/sarepost/internal/cli/run.go:364.39,366.3 1 0
github.com/saredigital/sarepost/internal/cli/run.go:367.2,367.76 1 3
github.com/saredigital/sarepost/internal/cli/run.go:367.76,370.3 2 0
github.com/saredigital/sarepost/internal/cli/run.go:371.2,371.76 1 3
github.com/saredigital/sarepost/internal/cli/run.go:371.76,374.3 2 0
github.com/saredigital/sarepost/internal/cli/run.go:375.2,375.40 1 3
github.com/saredigital/sarepost/internal/cli/run.go:375.40,378.3 2 0
github.com/saredigital/sarepost/internal/cli/run.go:380.2,385.43 2 3
github.com/saredigital/sarepost/internal/cli/run.go:385.43,387.92 2 0
github.com/saredigital/sarepost/internal/cli/run.go:387.92,390.4 2 0
github.com/saredigital/sarepost/internal/cli/run.go:391.3,393.31 3 0
github.com/saredigital/sarepost/internal/cli/run.go:395.2,395.42 1 3
github.com/saredigital/sarepost/internal/cli/run.go:395.42,397.3 1 1
github.com/saredigital/sarepost/internal/cli/run.go:398.2,398.21 1 3
github.com/saredigital/sarepost/internal/cli/run.go:398.21,400.3 1 0
github.com/saredigital/sarepost/internal/cli/run.go:402.2,403.75 2 3
github.com/saredigital/sarepost/internal/cli/run.go:403.75,406.3 2 1
github.com/saredigital/sarepost/internal/cli/run.go:407.2,407.46 1 2
github.com/saredigital/sarepost/internal/cli/run.go:407.46,409.50 2 2
github.com/saredigital/sarepost/internal/cli/run.go:409.50,410.37 1 2
github.com/saredigital/sarepost/internal/cli/run.go:410.37,411.74 1 1
github.com/saredigital/sarepost/internal/cli/run.go:411.74,413.6 1 1
github.com/saredigital/sarepost/internal/cli/run.go:417.2,417.10 1 2
github.com/saredigital/sarepost/internal/cli/run.go:420.110,421.20 1 1
github.com/saredigital/sarepost/internal/cli/run.go:421.20,424.3 2 0
github.com/saredigital/sarepost/internal/cli/run.go:425.2,425.17 1 1
github.com/saredigital/sarepost/internal/cli/run.go:426.14,430.44 4 0
github.com/saredigital/sarepost/internal/cli/run.go:430.44,432.4 1 0
github.com/saredigital/sarepost/internal/cli/run.go:433.3,434.17 2 0
github.com/saredigital/sarepost/internal/cli/run.go:434.17,436.4 1 0
github.com/saredigital/sarepost/internal/cli/run.go:437.3,438.62 2 0
github.com/saredigital/sarepost/internal/cli/run.go:438.62,441.4 2 0
github.com/saredigital/sarepost/internal/cli/run.go:442.3,442.47 1 0
github.com/saredigital/sarepost/internal/cli/run.go:442.47,444.35 2 0
github.com/saredigital/sarepost/internal/cli/run.go:444.35,446.5 1 0
github.com/saredigital/sarepost/internal/cli/run.go:448.3,448.11 1 0
github.com/saredigital/sarepost/internal/cli/run.go:449.17,453.44 4 0
github.com/saredigital/sarepost/internal/cli/run.go:453.44,455.4 1 0
github.com/saredigital/sarepost/internal/cli/run.go:456.3,456.35 1 0
github.com/saredigital/sarepost/internal/cli/run.go:456.35,459.4 2 0
github.com/saredigital/sarepost/internal/cli/run.go:460.3,461.96 2 0
github.com/saredigital/sarepost/internal/cli/run.go:461.96,464.4 2 0
github.com/saredigital/sarepost/internal/cli/run.go:465.3,465.47 1 0
github.com/saredigital/sarepost/internal/cli/run.go:465.47,467.4 1 0
github.com/saredigital/sarepost/internal/cli/run.go:468.3,468.11 1 0
github.com/saredigital/sarepost/internal/cli/run.go:469.16,473.44 4 1
github.com/saredigital/sarepost/internal/cli/run.go:473.44,475.4 1 0
github.com/saredigital/sarepost/internal/cli/run.go:476.3,476.35 1 1
github.com/saredigital/sarepost/internal/cli/run.go:476.35,479.4 2 0
github.com/saredigital/sarepost/internal/cli/run.go:480.3,481.95 2 1
github.com/saredigital/sarepost/internal/cli/run.go:481.95,484.4 2 0
github.com/saredigital/sarepost/internal/cli/run.go:485.3,485.47 1 1
github.com/saredigital/sarepost/internal/cli/run.go:485.47,487.4 1 1
github.com/saredigital/sarepost/internal/cli/run.go:488.3,488.11 1 1
github.com/saredigital/sarepost/internal/cli/run.go:489.10,491.11 2 0
github.com/saredigital/sarepost/internal/cli/run.go:495.112,496.20 1 8
github.com/saredigital/sarepost/internal/cli/run.go:496.20,499.3 2 0
github.com/saredigital/sarepost/internal/cli/run.go:500.2,500.17 1 8
github.com/saredigital/sarepost/internal/cli/run.go:501.14,505.44 4 1
github.com/saredigital/sarepost/internal/cli/run.go:505.44,507.4 1 0
github.com/saredigital/sarepost/internal/cli/run.go:508.3,509.17 2 1
github.com/saredigital/sarepost/internal/cli/run.go:509.17,511.4 1 1
github.com/saredigital/sarepost/internal/cli/run.go:512.3,513.64 2 1
github.com/saredigital/sarepost/internal/cli/run.go:513.64,516.4 2 0
github.com/saredigital/sarepost/internal/cli/run.go:517.3,517.47 1 1
github.com/saredigital/sarepost/internal/cli/run.go:517.47,519.35 2 1
github.com/saredigital/sarepost/internal/cli/run.go:519.35,521.5 1 1
github.com/saredigital/sarepost/internal/cli/run.go:523.3,523.11 1 1
github.com/saredigital/sarepost/internal/cli/run.go:524.16,529.44 5 6
github.com/saredigital/sarepost/internal/cli/run.go:529.44,531.4 1 0
github.com/saredigital/sarepost/internal/cli/run.go:532.3,532.41 1 6
github.com/saredigital/sarepost/internal/cli/run.go:532.41,535.4 2 0
github.com/saredigital/sarepost/internal/cli/run.go:536.3,538.117 3 6
github.com/saredigital/sarepost/internal/cli/run.go:538.117,541.4 2 5
github.com/saredigital/sarepost/internal/cli/run.go:542.3,542.47 1 1
github.com/saredigital/sarepost/internal/cli/run.go:542.47,544.4 1 1
github.com/saredigital/sarepost/internal/cli/run.go:545.3,545.11 1 1
github.com/saredigital/sarepost/internal/cli/run.go:546.16,550.44 4 1
github.com/saredigital/sarepost/internal/cli/run.go:550.44,552.4 1 0
github.com/saredigital/sarepost/internal/cli/run.go:553.3,553.35 1 1
github.com/saredigital/sarepost/internal/cli/run.go:553.35,556.4 2 0
github.com/saredigital/sarepost/internal/cli/run.go:557.3,558.84 2 1
github.com/saredigital/sarepost/internal/cli/run.go:558.84,561.4 2 0
github.com/saredigital/sarepost/internal/cli/run.go:562.3,562.47 1 1
github.com/saredigital/sarepost/internal/cli/run.go:562.47,564.4 1 1
github.com/saredigital/sarepost/internal/cli/run.go:565.3,565.11 1 1
github.com/saredigital/sarepost/internal/cli/run.go:566.10,568.11 2 0
github.com/saredigital/sarepost/internal/cli/run.go:572.71,573.12 1 20
github.com/saredigital/sarepost/internal/cli/run.go:573.12,577.3 3 2
github.com/saredigital/sarepost/internal/cli/run.go:578.2,578.9 1 18
github.com/saredigital/sarepost/internal/cli/run.go:581.46,583.40 2 1
github.com/saredigital/sarepost/internal/cli/run.go:583.40,585.3 1 1
github.com/saredigital/sarepost/internal/cli/run.go:586.2,586.16 1 0
github.com/saredigital/sarepost/internal/cli/run.go:586.16,588.3 1 0
github.com/saredigital/sarepost/internal/cli/run.go:589.2,589.32 1 0
github.com/saredigital/sarepost/internal/cli/run.go:592.48,594.17 2 29
github.com/saredigital/sarepost/internal/cli/run.go:594.17,596.3 1 0
github.com/saredigital/sarepost/internal/cli/run.go:597.2,597.17 1 29
github.com/saredigital/sarepost/internal/cli/run.go:600.29,651.2 1 1
github.com/saredigital/sarepost/internal/cli/run_manage.go:43.113,44.20 1 1
github.com/saredigital/sarepost/internal/cli/run_manage.go:44.20,47.3 2 0
github.com/saredigital/sarepost/internal/cli/run_manage.go:48.2,49.63 2 1
github.com/saredigital/sarepost/internal/cli/run_manage.go:49.63,52.3 2 0
github.com/saredigital/sarepost/internal/cli/run_manage.go:53.2,53.46 1 1
github.com/saredigital/sarepost/internal/cli/run_manage.go:53.46,55.3 1 1
github.com/saredigital/sarepost/internal/cli/run_manage.go:56.2,56.10 1 1
github.com/saredigital/sarepost/internal/cli/run_manage.go:59.113,60.41 1 1
github.com/saredigital/sarepost/internal/cli/run_manage.go:60.41,63.3 2 0
github.com/saredigital/sarepost/internal/cli/run_manage.go:64.2,67.43 4 1
github.com/saredigital/sarepost/internal/cli/run_manage.go:67.43,69.3 1 0
github.com/saredigital/sarepost/internal/cli/run_manage.go:70.2,71.16 2 1
github.com/saredigital/sarepost/internal/cli/run_manage.go:71.16,73.3 1 1
github.com/saredigital/sarepost/internal/cli/run_manage.go:74.2,75.64 2 1
github.com/saredigital/sarepost/internal/cli/run_manage.go:75.64,78.3 2 0
github.com/saredigital/sarepost/internal/cli/run_manage.go:79.2,79.46 1 1
github.com/saredigital/sarepost/internal/cli/run_manage.go:79.46,81.36 2 1
github.com/saredigital/sarepost/internal/cli/run_manage.go:81.36,83.4 1 1
github.com/saredigital/sarepost/internal/cli/run_manage.go:85.2,85.10 1 1
github.com/saredigital/sarepost/internal/cli/run_manage.go:88.120,93.39 5 1
github.com/saredigital/sarepost/internal/cli/run_manage.go:93.39,95.3 1 0
github.com/saredigital/sarepost/internal/cli/run_manage.go:96.2,97.18 2 1
github.com/saredigital/sarepost/internal/cli/run_manage.go:97.18,100.3 2 0
github.com/saredigital/sarepost/internal/cli/run_manage.go:101.2,102.21 2 1
github.com/saredigital/sarepost/internal/cli/run_manage.go:102.21,105.3 2 0
github.com/saredigital/sarepost/internal/cli/run_manage.go:107.2,109.86 3 1
github.com/saredigital/sarepost/internal/cli/run_manage.go:109.86,112.3 2 0
github.com/saredigital/sarepost/internal/cli/run_manage.go:113.2,113.46 1 1
github.com/saredigital/sarepost/internal/cli/run_manage.go:113.46,115.3 1 1
github.com/saredigital/sarepost/internal/cli/run_manage.go:116.2,116.10 1 1
github.com/saredigital/sarepost/internal/cli/run_manage.go:119.116,132.39 13 4
github.com/saredigital/sarepost/internal/cli/run_manage.go:132.39,134.3 1 0
github.com/saredigital/sarepost/internal/cli/run_manage.go:135.2,136.18 2 4
github.com/saredigital/sarepost/internal/cli/run_manage.go:136.18,139.3 2 0
github.com/saredigital/sarepost/internal/cli/run_manage.go:140.2,142.46 3 4
github.com/saredigital/sarepost/internal/cli/run_manage.go:142.46,145.3 2 0
github.com/saredigital/sarepost/internal/cli/run_manage.go:146.2,146.46 1 4
github.com/saredigital/sarepost/internal/cli/run_manage.go:146.46,149.3 2 0
github.com/saredigital/sarepost/internal/cli/run_manage.go:151.2,152.19 2 4
github.com/saredigital/sarepost/internal/cli/run_manage.go:152.19,154.3 1 3
github.com/saredigital/sarepost/internal/cli/run_manage.go:155.2,155.29 1 4
github.com/saredigital/sarepost/internal/cli/run_manage.go:155.29,157.78 2 1
github.com/saredigital/sarepost/internal/cli/run_manage.go:157.78,160.4 2 0
github.com/saredigital/sarepost/internal/cli/run_manage.go:161.3,161.33 1 1
github.com/saredigital/sarepost/internal/cli/run_manage.go:163.2,163.58 1 4
github.com/saredigital/sarepost/internal/cli/run_manage.go:163.58,165.3 1 1
github.com/saredigital/sarepost/internal/cli/run_manage.go:166.2,166.63 1 4
github.com/saredigital/sarepost/internal/cli/run_manage.go:166.63,168.3 1 1
github.com/saredigital/sarepost/internal/cli/run_manage.go:169.2,169.22 1 4
github.com/saredigital/sarepost/internal/cli/run_manage.go:169.22,171.3 1 1
github.com/saredigital/sarepost/internal/cli/run_manage.go:172.2,172.19 1 4
github.com/saredigital/sarepost/internal/cli/run_manage.go:172.19,174.3 1 2
github.com/saredigital/sarepost/internal/cli/run_manage.go:176.2,177.82 2 4
github.com/saredigital/sarepost/internal/cli/run_manage.go:177.82,180.3 2 0
github.com/saredigital/sarepost/internal/cli/run_manage.go:181.2,181.46 1 4
github.com/saredigital/sarepost/internal/cli/run_manage.go:181.46,183.3 1 4
github.com/saredigital/sarepost/internal/cli/run_manage.go:184.2,184.10 1 4
github.com/saredigital/sarepost/internal/cli/run_manage.go:187.118,191.39 4 1
github.com/saredigital/sarepost/internal/cli/run_manage.go:191.39,193.3 1 0
github.com/saredigital/sarepost/internal/cli/run_manage.go:194.2,195.18 2 1
github.com/saredigital/sarepost/internal/cli/run_manage.go:195.18,198.3 2 0
github.com/saredigital/sarepost/internal/cli/run_manage.go:200.2,201.93 2 1
github.com/saredigital/sarepost/internal/cli/run_manage.go:201.93,204.3 2 0
github.com/saredigital/sarepost/internal/cli/run_manage.go:205.2,205.46 1 1
github.com/saredigital/sarepost/internal/cli/run_manage.go:205.46,207.3 1 1
github.com/saredigital/sarepost/internal/cli/run_manage.go:208.2,208.10 1 1
github.com/saredigital/sarepost/internal/cli/run_manage.go:211.118,215.39 4 1
github.com/saredigital/sarepost/internal/cli/run_manage.go:215.39,217.3 1 0
github.com/saredigital/sarepost/internal/cli/run_manage.go:218.2,219.18 2 1
github.com/saredigital/sarepost/internal/cli/run_manage.go:219.18,222.3 2 0
github.com/saredigital/sarepost/internal/cli/run_manage.go:223.2,224.80 2 1
github.com/saredigital/sarepost/internal/cli/run_manage.go:224.80,227.3 2 0
github.com/saredigital/sarepost/internal/cli/run_manage.go:228.2,228.46 1 1
github.com/saredigital/sarepost/internal/cli/run_manage.go:228.46,230.3 1 1
github.com/saredigital/sarepost/internal/cli/run_manage.go:231.2,231.10 1 1
github.com/saredigital/sarepost/internal/cli/run_manage.go:234.115,235.20 1 1
github.com/saredigital/sarepost/internal/cli/run_manage.go:235.20,238.3 2 0
github.com/saredigital/sarepost/internal/cli/run_manage.go:239.2,239.17 1 1
github.com/saredigital/sarepost/internal/cli/run_manage.go:240.14,242.65 2 0
github.com/saredigital/sarepost/internal/cli/run_manage.go:242.65,245.4 2 0
github.com/saredigital/sarepost/internal/cli/run_manage.go:246.3,246.47 1 0
github.com/saredigital/sarepost/internal/cli/run_manage.go:246.47,248.35 2 0
github.com/saredigital/sarepost/internal/cli/run_manage.go:248.35,250.64 2 0
github.com/saredigital/sarepost/internal/cli/run_manage.go:250.64,252.14 2 0
github.com/saredigital/sarepost/internal/cli/run_manage.go:254.5,254.148 1 0
github.com/saredigital/sarepost/internal/cli/run_manage.go:257.3,257.11 1 0
github.com/saredigital/sarepost/internal/cli/run_manage.go:258.23,259.77 1 1
github.com/saredigital/sarepost/internal/cli/run_manage.go:260.17,261.89 1 0
github.com/saredigital/sarepost/internal/cli/run_manage.go:262.20,263.92 1 0
github.com/saredigital/sarepost/internal/cli/run_manage.go:264.19,265.75 1 0
github.com/saredigital/sarepost/internal/cli/run_manage.go:266.16,267.70 1 0
github.com/saredigital/sarepost/internal/cli/run_manage.go:268.10,270.11 2 0
github.com/saredigital/sarepost/internal/cli/run_manage.go:274.127,284.39 10 1
github.com/saredigital/sarepost/internal/cli/run_manage.go:284.39,286.3 1 0
github.com/saredigital/sarepost/internal/cli/run_manage.go:288.2,289.16 2 1
github.com/saredigital/sarepost/internal/cli/run_manage.go:289.16,292.3 2 0
github.com/saredigital/sarepost/internal/cli/run_manage.go:293.2,293.27 1 1
github.com/saredigital/sarepost/internal/cli/run_manage.go:293.27,296.3 2 0
github.com/saredigital/sarepost/internal/cli/run_manage.go:297.2,297.79 1 1
github.com/saredigital/sarepost/internal/cli/run_manage.go:297.79,300.3 2 1
github.com/saredigital/sarepost/internal/cli/run_manage.go:302.2,310.76 3 0
github.com/saredigital/sarepost/internal/cli/run_manage.go:310.76,313.3 2 0
github.com/saredigital/sarepost/internal/cli/run_manage.go:315.2,315.42 1 0
github.com/saredigital/sarepost/internal/cli/run_manage.go:315.42,317.22 2 0
github.com/saredigital/sarepost/internal/cli/run_manage.go:317.22,320.4 2 0
github.com/saredigital/sarepost/internal/cli/run_manage.go:321.3,321.138 1 0
github.com/saredigital/sarepost/internal/cli/run_manage.go:321.138,324.4 2 0
github.com/saredigital/sarepost/internal/cli/run_manage.go:325.3,325.25 1 0
github.com/saredigital/sarepost/internal/cli/run_manage.go:328.2,328.46 1 0
github.com/saredigital/sarepost/internal/cli/run_manage.go:328.46,330.3 1 0
github.com/saredigital/sarepost/internal/cli/run_manage.go:331.2,331.10 1 0
github.com/saredigital/sarepost/internal/cli/run_manage.go:334.143,338.39 4 0
github.com/saredigital/sarepost/internal/cli/run_manage.go:338.39,340.3 1 0
github.com/saredigital/sarepost/internal/cli/run_manage.go:341.2,342.21 2 0
github.com/saredigital/sarepost/internal/cli/run_manage.go:342.21,345.3 2 0
github.com/saredigital/sarepost/internal/cli/run_manage.go:346.2,347.87 2 0
github.com/saredigital/sarepost/internal/cli/run_manage.go:347.87,350.3 2 0
github.com/saredigital/sarepost/internal/cli/run_manage.go:351.2,351.46 1 0
github.com/saredigital/sarepost/internal/cli/run_manage.go:351.46,353.3 1 0
github.com/saredigital/sarepost/internal/cli/run_manage.go:354.2,354.10 1 0
github.com/saredigital/sarepost/internal/cli/run_manage.go:357.125,362.39 5 0
github.com/saredigital/sarepost/internal/cli/run_manage.go:362.39,364.3 1 0
github.com/saredigital/sarepost/internal/cli/run_manage.go:365.2,366.21 2 0
github.com/saredigital/sarepost/internal/cli/run_manage.go:366.21,369.3 2 0
github.com/saredigital/sarepost/internal/cli/run_manage.go:370.2,370.42 1 0
github.com/saredigital/sarepost/internal/cli/run_manage.go:370.42,373.3 2 0
github.com/saredigital/sarepost/internal/cli/run_manage.go:374.2,375.16 2 0
github.com/saredigital/sarepost/internal/cli/run_manage.go:375.16,378.3 2 0
github.com/saredigital/sarepost/internal/cli/run_manage.go:379.2,380.122 2 0
github.com/saredigital/sarepost/internal/cli/run_manage.go:380.122,383.3 2 0
github.com/saredigital/sarepost/internal/cli/run_manage.go:384.2,384.46 1 0
github.com/saredigital/sarepost/internal/cli/run_manage.go:384.46,386.3 1 0
github.com/saredigital/sarepost/internal/cli/run_manage.go:387.2,387.10 1 0
github.com/saredigital/sarepost/internal/cli/run_manage.go:390.120,394.39 4 0
github.com/saredigital/sarepost/internal/cli/run_manage.go:394.39,396.3 1 0
github.com/saredigital/sarepost/internal/cli/run_manage.go:397.2,398.21 2 0
github.com/saredigital/sarepost/internal/cli/run_manage.go:398.21,401.3 2 0
github.com/saredigital/sarepost/internal/cli/run_manage.go:402.2,403.73 2 0
github.com/saredigital/sarepost/internal/cli/run_manage.go:403.73,406.3 2 0
github.com/saredigital/sarepost/internal/cli/run_manage.go:407.2,407.46 1 0
github.com/saredigital/sarepost/internal/cli/run_manage.go:407.46,409.3 1 0
github.com/saredigital/sarepost/internal/cli/run_manage.go:410.2,410.10 1 0
github.com/saredigital/sarepost/internal/cli/run_manage.go:413.71,415.29 2 1
github.com/saredigital/sarepost/internal/cli/run_manage.go:415.29,417.22 2 1
github.com/saredigital/sarepost/internal/cli/run_manage.go:417.22,419.4 1 0
github.com/saredigital/sarepost/internal/cli/run_manage.go:420.3,422.31 3 1
github.com/saredigital/sarepost/internal/cli/run_manage.go:422.31,424.4 1 0
github.com/saredigital/sarepost/internal/cli/run_manage.go:425.3,425.27 1 1
github.com/saredigital/sarepost/internal/cli/run_manage.go:427.2,427.25 1 1
github.com/saredigital/sarepost/internal/cli/run_settings.go:11.115,12.20 1 2
github.com/saredigital/sarepost/internal/cli/run_settings.go:12.20,15.3 2 0
github.com/saredigital/sarepost/internal/cli/run_settings.go:16.2,16.27 1 2
github.com/saredigital/sarepost/internal/cli/run_settings.go:16.27,18.3 1 1
github.com/saredigital/sarepost/internal/cli/run_settings.go:19.2,19.31 1 1
github.com/saredigital/sarepost/internal/cli/run_settings.go:19.31,22.3 2 0
github.com/saredigital/sarepost/internal/cli/run_settings.go:23.2,26.43 4 1
github.com/saredigital/sarepost/internal/cli/run_settings.go:26.43,28.3 1 0
github.com/saredigital/sarepost/internal/cli/run_settings.go:29.2,29.40 1 1
github.com/saredigital/sarepost/internal/cli/run_settings.go:29.40,32.3 2 0
github.com/saredigital/sarepost/internal/cli/run_settings.go:33.2,34.127 2 1
github.com/saredigital/sarepost/internal/cli/run_settings.go:34.127,37.3 2 0
github.com/saredigital/sarepost/internal/cli/run_settings.go:38.2,38.46 1 1
github.com/saredigital/sarepost/internal/cli/run_settings.go:38.46,40.3 1 1
github.com/saredigital/sarepost/internal/cli/run_settings.go:41.2,41.10 1 1
github.com/saredigital/sarepost/internal/cli/run_settings.go:44.122,57.39 13 1
github.com/saredigital/sarepost/internal/cli/run_settings.go:57.39,59.3 1 0
github.com/saredigital/sarepost/internal/cli/run_settings.go:60.2,74.74 3 1
github.com/saredigital/sarepost/internal/cli/run_settings.go:74.74,77.3 2 0
github.com/saredigital/sarepost/internal/cli/run_settings.go:78.2,78.46 1 1
github.com/saredigital/sarepost/internal/cli/run_settings.go:78.46,80.15 2 1
github.com/saredigital/sarepost/internal/cli/run_settings.go:80.15,82.4 1 1
github.com/saredigital/sarepost/internal/cli/run_settings.go:83.3,83.117 1 1
github.com/saredigital/sarepost/internal/cli/run_settings.go:85.2,85.10 1 1
github.com/saredigital/sarepost/internal/secure/aesgcm.go:24.71,26.16 2 1
github.com/saredigital/sarepost/internal/secure/aesgcm.go:26.16,28.3 1 0
github.com/saredigital/sarepost/internal/secure/aesgcm.go:29.2,29.24 1 1
github.com/saredigital/sarepost/internal/secure/aesgcm.go:29.24,31.3 1 1
github.com/saredigital/sarepost/internal/secure/aesgcm.go:32.2,32.39 1 0
github.com/saredigital/sarepost/internal/secure/aesgcm.go:35.61,36.20 1 2
github.com/saredigital/sarepost/internal/secure/aesgcm.go:36.20,38.3 1 0
github.com/saredigital/sarepost/internal/secure/aesgcm.go:39.2,40.16 2 2
github.com/saredigital/sarepost/internal/secure/aesgcm.go:40.16,42.3 1 0
github.com/saredigital/sarepost/internal/secure/aesgcm.go:43.2,44.16 2 2
github.com/saredigital/sarepost/internal/secure/aesgcm.go:44.16,46.3 1 0
github.com/saredigital/sarepost/internal/secure/aesgcm.go:47.2,47.21 1 2
github.com/saredigital/sarepost/internal/secure/aesgcm.go:47.21,49.3 1 0
github.com/saredigital/sarepost/internal/secure/aesgcm.go:50.2,52.73 3 2
github.com/saredigital/sarepost/internal/secure/aesgcm.go:55.35,56.14 1 0
github.com/saredigital/sarepost/internal/secure/aesgcm.go:56.14,58.3 1 0
github.com/saredigital/sarepost/internal/secure/aesgcm.go:59.2,59.21 1 0
github.com/saredigital/sarepost/internal/secure/aesgcm.go:62.82,63.14 1 1
github.com/saredigital/sarepost/internal/secure/aesgcm.go:63.14,65.3 1 0
github.com/saredigital/sarepost/internal/secure/aesgcm.go:66.2,67.16 2 1
github.com/saredigital/sarepost/internal/secure/aesgcm.go:67.16,69.3 1 0
github.com/saredigital/sarepost/internal/secure/aesgcm.go:70.2,71.59 2 1
github.com/saredigital/sarepost/internal/secure/aesgcm.go:71.59,73.3 1 0
github.com/saredigital/sarepost/internal/secure/aesgcm.go:74.2,75.31 2 1
github.com/saredigital/sarepost/internal/secure/aesgcm.go:78.71,79.14 1 1
github.com/saredigital/sarepost/internal/secure/aesgcm.go:79.14,81.3 1 0
github.com/saredigital/sarepost/internal/secure/aesgcm.go:82.2,83.16 2 1
github.com/saredigital/sarepost/internal/secure/aesgcm.go:83.16,85.3 1 0
github.com/saredigital/sarepost/internal/secure/aesgcm.go:86.2,86.35 1 1
github.com/saredigital/sarepost/internal/secure/aesgcm.go:89.52,90.14 1 3
github.com/saredigital/sarepost/internal/secure/aesgcm.go:90.14,92.3 1 0
github.com/saredigital/sarepost/internal/secure/aesgcm.go:93.2,95.41 3 3
github.com/saredigital/sarepost/internal/secure/aesgcm.go:98.63,99.14 1 2
github.com/saredigital/sarepost/internal/secure/aesgcm.go:99.14,101.3 1 0
github.com/saredigital/sarepost/internal/secure/aesgcm.go:102.2,104.33 3 2
github.com/saredigital/sarepost/internal/secure/aesgcm.go:104.33,106.3 1 0
github.com/saredigital/sarepost/internal/secure/aesgcm.go:107.2,107.31 1 2
github.com/saredigital/sarepost/internal/secure/aesgcm.go:107.31,109.3 1 0
github.com/saredigital/sarepost/internal/secure/aesgcm.go:110.2,110.71 1 2
github.com/saredigital/sarepost/internal/api/account_resolution.go:10.110,12.2 1 7
github.com/saredigital/sarepost/internal/api/accounts.go:23.76,24.18 1 2
github.com/saredigital/sarepost/internal/api/accounts.go:24.18,27.3 2 1
github.com/saredigital/sarepost/internal/api/accounts.go:28.2,29.16 2 1
github.com/saredigital/sarepost/internal/api/accounts.go:29.16,32.3 2 0
github.com/saredigital/sarepost/internal/api/accounts.go:33.2,36.4 1 1
github.com/saredigital/sarepost/internal/api/accounts.go:39.83,41.61 2 1
github.com/saredigital/sarepost/internal/api/accounts.go:41.61,44.3 2 0
github.com/saredigital/sarepost/internal/api/accounts.go:45.2,46.20 2 1
github.com/saredigital/sarepost/internal/api/accounts.go:46.20,49.3 2 0
github.com/saredigital/sarepost/internal/api/accounts.go:50.2,50.34 1 1
github.com/saredigital/sarepost/internal/api/accounts.go:50.34,53.3 2 0
github.com/saredigital/sarepost/internal/api/accounts.go:54.2,55.23 2 1
github.com/saredigital/sarepost/internal/api/accounts.go:55.23,58.3 2 0
github.com/saredigital/sarepost/internal/api/accounts.go:59.2,60.9 2 1
github.com/saredigital/sarepost/internal/api/accounts.go:60.9,63.3 2 0
github.com/saredigital/sarepost/internal/api/accounts.go:64.2,67.16 3 1
github.com/saredigital/sarepost/internal/api/accounts.go:67.16,70.3 2 0
github.com/saredigital/sarepost/internal/api/accounts.go:71.2,71.54 1 1
github.com/saredigital/sarepost/internal/api/accounts.go:71.54,74.3 2 0
github.com/saredigital/sarepost/internal/api/accounts.go:75.2,83.16 2 1
github.com/saredigital/sarepost/internal/api/accounts.go:83.16,86.3 2 0
github.com/saredigital/sarepost/internal/api/accounts.go:87.2,87.80 1 1
github.com/saredigital/sarepost/internal/api/accounts.go:87.80,90.3 2 0
github.com/saredigital/sarepost/internal/api/accounts.go:91.2,91.43 1 1
github.com/saredigital/sarepost/internal/api/accounts.go:94.78,97.12 3 7
github.com/saredigital/sarepost/internal/api/accounts.go:97.12,99.3 1 4
github.com/saredigital/sarepost/internal/api/accounts.go:100.2,101.16 2 7
github.com/saredigital/sarepost/internal/api/accounts.go:101.16,102.13 1 0
github.com/saredigital/sarepost/internal/api/accounts.go:102.13,105.4 2 0
github.com/saredigital/sarepost/internal/api/accounts.go:106.3,107.9 2 0
github.com/saredigital/sarepost/internal/api/accounts.go:109.2,110.21 2 7
github.com/saredigital/sarepost/internal/api/accounts.go:110.21,111.13 1 0
github.com/saredigital/sarepost/internal/api/accounts.go:111.13,114.4 2 0
github.com/saredigital/sarepost/internal/api/accounts.go:115.3,116.9 2 0
github.com/saredigital/sarepost/internal/api/accounts.go:118.2,120.21 3 7
github.com/saredigital/sarepost/internal/api/accounts.go:120.21,121.13 1 0
github.com/saredigital/sarepost/internal/api/accounts.go:121.13,124.4 2 0
github.com/saredigital/sarepost/internal/api/accounts.go:125.3,126.9 2 0
github.com/saredigital/sarepost/internal/api/accounts.go:128.2,128.16 1 7
github.com/saredigital/sarepost/internal/api/accounts.go:129.17,130.82 1 3
github.com/saredigital/sarepost/internal/api/accounts.go:130.82,131.37 1 1
github.com/saredigital/sarepost/internal/api/accounts.go:131.37,132.15 1 1
github.com/saredigital/sarepost/internal/api/accounts.go:132.15,135.6 2 0
github.com/saredigital/sarepost/internal/api/accounts.go:136.5,137.11 2 1
github.com/saredigital/sarepost/internal/api/accounts.go:139.4,139.14 1 0
github.com/saredigital/sarepost/internal/api/accounts.go:139.14,142.5 2 0
github.com/saredigital/sarepost/internal/api/accounts.go:143.4,144.10 2 0
github.com/saredigital/sarepost/internal/api/accounts.go:146.3,146.113 1 2
github.com/saredigital/sarepost/internal/api/accounts.go:146.113,147.45 1 0
github.com/saredigital/sarepost/internal/api/accounts.go:147.45,148.15 1 0
github.com/saredigital/sarepost/internal/api/accounts.go:148.15,151.6 2 0
github.com/saredigital/sarepost/internal/api/accounts.go:152.5,153.11 2 0
github.com/saredigital/sarepost/internal/api/accounts.go:155.4,155.14 1 0
github.com/saredigital/sarepost/internal/api/accounts.go:155.14,158.5 2 0
github.com/saredigital/sarepost/internal/api/accounts.go:159.4,160.10 2 0
github.com/saredigital/sarepost/internal/api/accounts.go:162.3,162.13 1 2
github.com/saredigital/sarepost/internal/api/accounts.go:162.13,165.4 2 1
github.com/saredigital/sarepost/internal/api/accounts.go:166.3,166.104 1 1
github.com/saredigital/sarepost/internal/api/accounts.go:167.20,168.75 1 2
github.com/saredigital/sarepost/internal/api/accounts.go:168.75,169.45 1 0
github.com/saredigital/sarepost/internal/api/accounts.go:169.45,170.15 1 0
github.com/saredigital/sarepost/internal/api/accounts.go:170.15,173.6 2 0
github.com/saredigital/sarepost/internal/api/accounts.go:174.5,175.11 2 0
github.com/saredigital/sarepost/internal/api/accounts.go:177.4,177.14 1 0
github.com/saredigital/sarepost/internal/api/accounts.go:177.14,180.5 2 0
github.com/saredigital/sarepost/internal/api/accounts.go:181.4,182.10 2 0
github.com/saredigital/sarepost/internal/api/accounts.go:184.3,184.13 1 2
github.com/saredigital/sarepost/internal/api/accounts.go:184.13,187.4 2 1
github.com/saredigital/sarepost/internal/api/accounts.go:188.3,188.107 1 1
github.com/saredigital/sarepost/internal/api/accounts.go:189.19,191.17 2 2
github.com/saredigital/sarepost/internal/api/accounts.go:191.17,192.14 1 0
github.com/saredigital/sarepost/internal/api/accounts.go:192.14,195.5 2 0
github.com/saredigital/sarepost/internal/api/accounts.go:196.4,197.10 2 0
github.com/saredigital/sarepost/internal/api/accounts.go:199.3,199.88 1 2
github.com/saredigital/sarepost/internal/api/accounts.go:199.88,200.11 1 1
github.com/saredigital/sarepost/internal/api/accounts.go:201.47,202.15 1 0
github.com/saredigital/sarepost/internal/api/accounts.go:202.15,205.6 2 0
github.com/saredigital/sarepost/internal/api/accounts.go:206.5,206.72 1 0
github.com/saredigital/sarepost/internal/api/accounts.go:207.51,208.15 1 1
github.com/saredigital/sarepost/internal/api/accounts.go:208.15,211.6 2 1
github.com/saredigital/sarepost/internal/api/accounts.go:212.5,212.107 1 0
github.com/saredigital/sarepost/internal/api/accounts.go:213.12,214.15 1 0
github.com/saredigital/sarepost/internal/api/accounts.go:214.15,217.6 2 0
github.com/saredigital/sarepost/internal/api/accounts.go:218.5,218.55 1 0
github.com/saredigital/sarepost/internal/api/accounts.go:220.4,220.10 1 0
github.com/saredigital/sarepost/internal/api/accounts.go:222.3,222.13 1 1
github.com/saredigital/sarepost/internal/api/accounts.go:222.13,225.4 2 1
github.com/saredigital/sarepost/internal/api/accounts.go:226.3,226.85 1 0
github.com/saredigital/sarepost/internal/api/accounts.go:227.16,228.71 1 0
github.com/saredigital/sarepost/internal/api/accounts.go:228.71,229.11 1 0
github.com/saredigital/sarepost/internal/api/accounts.go:230.47,231.15 1 0
github.com/saredigital/sarepost/internal/api/accounts.go:231.15,234.6 2 0
github.com/saredigital/sarepost/internal/api/accounts.go:235.5,235.72 1 0
github.com/saredigital/sarepost/internal/api/accounts.go:236.52,237.15 1 0
github.com/saredigital/sarepost/internal/api/accounts.go:237.15,240.6 2 0
github.com/saredigital/sarepost/internal/api/accounts.go:241.5,241.89 1 0
github.com/saredigital/sarepost/internal/api/accounts.go:242.47,243.15 1 0
github.com/saredigital/sarepost/internal/api/accounts.go:243.15,246.6 2 0
github.com/saredigital/sarepost/internal/api/accounts.go:247.5,247.79 1 0
github.com/saredigital/sarepost/internal/api/accounts.go:248.12,249.15 1 0
github.com/saredigital/sarepost/internal/api/accounts.go:249.15,252.6 2 0
github.com/saredigital/sarepost/internal/api/accounts.go:253.5,253.55 1 0
github.com/saredigital/sarepost/internal/api/accounts.go:255.4,255.10 1 0
github.com/saredigital/sarepost/internal/api/accounts.go:257.3,257.13 1 0
github.com/saredigital/sarepost/internal/api/accounts.go:257.13,260.4 2 0
github.com/saredigital/sarepost/internal/api/accounts.go:261.3,261.80 1 0
github.com/saredigital/sarepost/internal/api/accounts.go:262.10,263.13 1 0
github.com/saredigital/sarepost/internal/api/accounts.go:263.13,266.4 2 0
github.com/saredigital/sarepost/internal/api/accounts.go:267.3,267.62 1 0
github.com/saredigital/sarepost/internal/api/accounts.go:271.63,273.55 2 2
github.com/saredigital/sarepost/internal/api/accounts.go:273.55,277.63 2 0
github.com/saredigital/sarepost/internal/api/accounts.go:277.63,279.4 1 0
github.com/saredigital/sarepost/internal/api/accounts.go:280.3,280.27 1 0
github.com/saredigital/sarepost/internal/api/accounts.go:280.27,282.4 1 0
github.com/saredigital/sarepost/internal/api/accounts.go:283.3,283.29 1 0
github.com/saredigital/sarepost/internal/api/accounts.go:285.2,285.38 1 2
github.com/saredigital/sarepost/internal/api/accounts.go:285.38,287.3 1 0
github.com/saredigital/sarepost/internal/api/accounts.go:288.2,288.47 1 2
github.com/saredigital/sarepost/internal/api/accounts.go:291.41,292.29 1 2
github.com/saredigital/sarepost/internal/api/accounts.go:292.29,293.50 1 3
github.com/saredigital/sarepost/internal/api/accounts.go:294.33,295.15 1 2
github.com/saredigital/sarepost/internal/api/accounts.go:298.2,298.14 1 0
github.com/saredigital/sarepost/internal/api/accounts.go:301.77,304.21 3 2
github.com/saredigital/sarepost/internal/api/accounts.go:304.21,307.3 2 0
github.com/saredigital/sarepost/internal/api/accounts.go:308.2,308.38 1 2
github.com/saredigital/sarepost/internal/api/accounts.go:308.38,311.3 2 0
github.com/saredigital/sarepost/internal/api/accounts.go:312.2,312.70 1 2
github.com/saredigital/sarepost/internal/api/accounts.go:312.70,313.44 1 1
github.com/saredigital/sarepost/internal/api/accounts.go:313.44,316.4 2 0
github.com/saredigital/sarepost/internal/api/accounts.go:317.3,317.10 1 1
github.com/saredigital/sarepost/internal/api/accounts.go:318.46,319.71 1 0
github.com/saredigital/sarepost/internal/api/accounts.go:320.51,321.88 1 1
github.com/saredigital/sarepost/internal/api/accounts.go:322.46,323.78 1 0
github.com/saredigital/sarepost/internal/api/accounts.go:324.11,325.54 1 0
github.com/saredigital/sarepost/internal/api/accounts.go:327.3,327.9 1 1
github.com/saredigital/sarepost/internal/api/accounts.go:329.2,329.79 1 1
github.com/saredigital/sarepost/internal/api/accounts_oauth.go:24.74,27.12 3 4
github.com/saredigital/sarepost/internal/api/accounts_oauth.go:27.12,29.3 1 0
github.com/saredigital/sarepost/internal/api/accounts_oauth.go:30.2,31.30 2 4
github.com/saredigital/sarepost/internal/api/accounts_oauth.go:31.30,32.13 1 0
github.com/saredigital/sarepost/internal/api/accounts_oauth.go:32.13,35.4 2 0
github.com/saredigital/sarepost/internal/api/accounts_oauth.go:36.3,37.9 2 0
github.com/saredigital/sarepost/internal/api/accounts_oauth.go:39.2,40.9 2 4
github.com/saredigital/sarepost/internal/api/accounts_oauth.go:40.9,41.13 1 0
github.com/saredigital/sarepost/internal/api/accounts_oauth.go:41.13,44.4 2 0
github.com/saredigital/sarepost/internal/api/accounts_oauth.go:45.3,46.9 2 0
github.com/saredigital/sarepost/internal/api/accounts_oauth.go:48.2,49.16 2 4
github.com/saredigital/sarepost/internal/api/accounts_oauth.go:49.16,50.13 1 1
github.com/saredigital/sarepost/internal/api/accounts_oauth.go:50.13,53.4 2 0
github.com/saredigital/sarepost/internal/api/accounts_oauth.go:54.3,55.9 2 1
github.com/saredigital/sarepost/internal/api/accounts_oauth.go:57.2,72.16 5 3
github.com/saredigital/sarepost/internal/api/accounts_oauth.go:72.16,73.13 1 0
github.com/saredigital/sarepost/internal/api/accounts_oauth.go:73.13,76.4 2 0
github.com/saredigital/sarepost/internal/api/accounts_oauth.go:77.3,78.9 2 0
github.com/saredigital/sarepost/internal/api/accounts_oauth.go:80.2,87.16 3 3
github.com/saredigital/sarepost/internal/api/accounts_oauth.go:87.16,88.13 1 0
github.com/saredigital/sarepost/internal/api/accounts_oauth.go:88.13,91.4 2 0
github.com/saredigital/sarepost/internal/api/accounts_oauth.go:92.3,93.9 2 0
github.com/saredigital/sarepost/internal/api/accounts_oauth.go:95.2,95.12 1 3
github.com/saredigital/sarepost/internal/api/accounts_oauth.go:95.12,98.3 2 0
github.com/saredigital/sarepost/internal/api/accounts_oauth.go:99.2,104.4 1 3
github.com/saredigital/sarepost/internal/api/accounts_oauth.go:111.99,112.41 1 4
github.com/saredigital/sarepost/internal/api/accounts_oauth.go:112.41,114.3 1 1
github.com/saredigital/sarepost/internal/api/accounts_oauth.go:115.2,116.102 2 3
github.com/saredigital/sarepost/internal/api/accounts_oauth.go:116.102,118.89 2 2
github.com/saredigital/sarepost/internal/api/accounts_oauth.go:118.89,120.4 1 0
github.com/saredigital/sarepost/internal/api/accounts_oauth.go:121.3,121.43 1 2
github.com/saredigital/sarepost/internal/api/accounts_oauth.go:123.2,123.15 1 3
github.com/saredigital/sarepost/internal/api/accounts_oauth.go:123.15,124.39 1 1
github.com/saredigital/sarepost/internal/api/accounts_oauth.go:124.39,126.4 1 0
github.com/saredigital/sarepost/internal/api/accounts_oauth.go:127.3,127.54 1 1
github.com/saredigital/sarepost/internal/api/accounts_oauth.go:129.2,130.23 2 3
github.com/saredigital/sarepost/internal/api/accounts_oauth.go:130.23,132.3 1 1
github.com/saredigital/sarepost/internal/api/accounts_oauth.go:133.2,133.25 1 2
github.com/saredigital/sarepost/internal/api/accounts_oauth.go:136.77,142.33 6 14
github.com/saredigital/sarepost/internal/api/accounts_oauth.go:142.33,143.13 1 0
github.com/saredigital/sarepost/internal/api/accounts_oauth.go:143.13,146.4 2 0
github.com/saredigital/sarepost/internal/api/accounts_oauth.go:147.3,148.9 2 0
github.com/saredigital/sarepost/internal/api/accounts_oauth.go:150.2,151.9 2 14
github.com/saredigital/sarepost/internal/api/accounts_oauth.go:151.9,152.13 1 0
github.com/saredigital/sarepost/internal/api/accounts_oauth.go:152.13,155.4 2 0
github.com/saredigital/sarepost/internal/api/accounts_oauth.go:156.3,157.9 2 0
github.com/saredigital/sarepost/internal/api/accounts_oauth.go:159.2,167.16 4 14
github.com/saredigital/sarepost/internal/api/accounts_oauth.go:167.16,168.90 1 3
github.com/saredigital/sarepost/internal/api/accounts_oauth.go:168.90,169.14 1 2
github.com/saredigital/sarepost/internal/api/accounts_oauth.go:169.14,172.5 2 2
github.com/saredigital/sarepost/internal/api/accounts_oauth.go:173.4,174.10 2 0
github.com/saredigital/sarepost/internal/api/accounts_oauth.go:176.3,176.13 1 1
github.com/saredigital/sarepost/internal/api/accounts_oauth.go:176.13,179.4 2 1
github.com/saredigital/sarepost/internal/api/accounts_oauth.go:180.3,181.9 2 0
github.com/saredigital/sarepost/internal/api/accounts_oauth.go:183.2,184.16 2 11
github.com/saredigital/sarepost/internal/api/accounts_oauth.go:184.16,185.36 1 6
github.com/saredigital/sarepost/internal/api/accounts_oauth.go:185.36,186.63 1 5
github.com/saredigital/sarepost/internal/api/accounts_oauth.go:186.63,194.5 3 4
github.com/saredigital/sarepost/internal/api/accounts_oauth.go:195.4,199.14 2 1
github.com/saredigital/sarepost/internal/api/accounts_oauth.go:199.14,202.5 2 0
github.com/saredigital/sarepost/internal/api/accounts_oauth.go:203.4,204.10 2 1
github.com/saredigital/sarepost/internal/api/accounts_oauth.go:206.3,206.13 1 1
github.com/saredigital/sarepost/internal/api/accounts_oauth.go:206.13,209.4 2 0
github.com/saredigital/sarepost/internal/api/accounts_oauth.go:210.3,211.9 2 1
github.com/saredigital/sarepost/internal/api/accounts_oauth.go:213.2,219.16 2 5
github.com/saredigital/sarepost/internal/api/accounts_oauth.go:219.16,226.13 3 1
github.com/saredigital/sarepost/internal/api/accounts_oauth.go:226.13,229.4 2 1
github.com/saredigital/sarepost/internal/api/accounts_oauth.go:230.3,231.9 2 0
github.com/saredigital/sarepost/internal/api/accounts_oauth.go:233.2,233.58 1 4
github.com/saredigital/sarepost/internal/api/accounts_oauth.go:233.58,239.17 2 1
github.com/saredigital/sarepost/internal/api/accounts_oauth.go:239.17,241.14 2 0
github.com/saredigital/sarepost/internal/api/accounts_oauth.go:241.14,244.5 2 0
github.com/saredigital/sarepost/internal/api/accounts_oauth.go:245.4,246.10 2 0
github.com/saredigital/sarepost/internal/api/accounts_oauth.go:248.3,250.9 3 1
github.com/saredigital/sarepost/internal/api/accounts_oauth.go:253.2,254.16 2 3
github.com/saredigital/sarepost/internal/api/accounts_oauth.go:254.16,261.13 3 0
github.com/saredigital/sarepost/internal/api/accounts_oauth.go:261.13,264.4 2 0
github.com/saredigital/sarepost/internal/api/accounts_oauth.go:265.3,266.9 2 0
github.com/saredigital/sarepost/internal/api/accounts_oauth.go:268.2,270.12 3 3
github.com/saredigital/sarepost/internal/api/accounts_oauth.go:270.12,273.3 2 2
github.com/saredigital/sarepost/internal/api/accounts_oauth.go:274.2,278.4 1 1
github.com/saredigital/sarepost/internal/api/accounts_oauth.go:281.112,282.30 1 7
github.com/saredigital/sarepost/internal/api/accounts_oauth.go:282.30,284.3 1 5
github.com/saredigital/sarepost/internal/api/accounts_oauth.go:285.2,286.16 2 7
github.com/saredigital/sarepost/internal/api/accounts_oauth.go:286.16,288.3 1 0
github.com/saredigital/sarepost/internal/api/accounts_oauth.go:289.2,294.4 1 7
github.com/saredigital/sarepost/internal/api/accounts_oauth.go:297.74,298.19 1 1
github.com/saredigital/sarepost/internal/api/accounts_oauth.go:298.19,300.3 1 0
github.com/saredigital/sarepost/internal/api/accounts_oauth.go:301.2,302.16 2 1
github.com/saredigital/sarepost/internal/api/accounts_oauth.go:302.16,304.3 1 0
github.com/saredigital/sarepost/internal/api/accounts_oauth.go:305.2,306.54 2 1
github.com/saredigital/sarepost/internal/api/accounts_oauth.go:306.54,308.3 1 0
github.com/saredigital/sarepost/internal/api/accounts_oauth.go:309.2,309.22 1 1
github.com/saredigital/sarepost/internal/api/accounts_oauth.go:309.22,311.3 1 1
github.com/saredigital/sarepost/internal/api/accounts_oauth.go:312.2,312.17 1 1
github.com/saredigital/sarepost/internal/api/accounts_oauth.go:315.85,318.21 3 18
github.com/saredigital/sarepost/internal/api/accounts_oauth.go:318.21,320.3 1 0
github.com/saredigital/sarepost/internal/api/accounts_oauth.go:321.2,323.57 3 18
github.com/saredigital/sarepost/internal/api/accounts_oauth.go:326.84,328.16 2 11
github.com/saredigital/sarepost/internal/api/accounts_oauth.go:328.16,330.3 1 2
github.com/saredigital/sarepost/internal/api/accounts_oauth.go:331.2,331.16 1 11
github.com/saredigital/sarepost/internal/api/accounts_oauth.go:331.16,333.3 1 0
github.com/saredigital/sarepost/internal/api/accounts_oauth.go:334.2,334.74 1 11
github.com/saredigital/sarepost/internal/api/accounts_oauth.go:337.52,339.30 2 19
github.com/saredigital/sarepost/internal/api/accounts_oauth.go:340.100,341.30 1 19
github.com/saredigital/sarepost/internal/api/accounts_oauth.go:342.10,343.12 1 0
github.com/saredigital/sarepost/internal/api/accounts_oauth.go:347.84,349.2 1 1
github.com/saredigital/sarepost/internal/api/accounts_oauth.go:351.35,353.16 2 3
github.com/saredigital/sarepost/internal/api/accounts_oauth.go:353.16,355.3 1 0
github.com/saredigital/sarepost/internal/api/accounts_oauth.go:356.2,356.11 1 3
github.com/saredigital/sarepost/internal/api/accounts_oauth.go:359.36,361.42 2 3
github.com/saredigital/sarepost/internal/api/accounts_oauth.go:361.42,363.3 1 0
github.com/saredigital/sarepost/internal/api/accounts_oauth.go:364.2,364.50 1 3
github.com/saredigital/sarepost/internal/api/accounts_oauth.go:378.92,380.17 2 8
github.com/saredigital/sarepost/internal/api/accounts_oauth.go:380.17,382.3 1 0
github.com/saredigital/sarepost/internal/api/accounts_oauth.go:383.2,390.62 3 8
github.com/saredigital/sarepost/internal/api/accounts_oauth.go:390.62,392.43 2 14
github.com/saredigital/sarepost/internal/api/accounts_oauth.go:392.43,394.4 1 0
github.com/saredigital/sarepost/internal/api/accounts_oauth.go:395.3,395.14 1 14
github.com/saredigital/sarepost/internal/api/accounts_oauth.go:399.76,401.17 2 11
github.com/saredigital/sarepost/internal/api/accounts_oauth.go:401.17,403.3 1 0
github.com/saredigital/sarepost/internal/api/accounts_oauth.go:404.2,405.9 2 11
github.com/saredigital/sarepost/internal/api/accounts_oauth.go:405.9,407.3 1 2
github.com/saredigital/sarepost/internal/api/accounts_oauth.go:408.2,409.9 2 9
github.com/saredigital/sarepost/internal/api/accounts_oauth.go:409.9,412.3 2 1
github.com/saredigital/sarepost/internal/api/accounts_oauth.go:413.2,413.48 1 8
github.com/saredigital/sarepost/internal/api/accounts_oauth.go:413.48,416.3 2 1
github.com/saredigital/sarepost/internal/api/accounts_oauth.go:417.2,417.22 1 7
github.com/saredigital/sarepost/internal/api/accounts_oauth.go:420.156,421.60 1 4
github.com/saredigital/sarepost/internal/api/accounts_oauth.go:421.60,424.3 2 1
github.com/saredigital/sarepost/internal/api/accounts_oauth.go:425.2,426.19 2 3
github.com/saredigital/sarepost/internal/api/accounts_oauth.go:426.19,427.22 1 0
github.com/saredigital/sarepost/internal/api/accounts_oauth.go:427.22,429.4 1 0
github.com/saredigital/sarepost/internal/api/accounts_oauth.go:429.9,431.4 1 0
github.com/saredigital/sarepost/internal/api/accounts_oauth.go:433.2,433.12 1 3
github.com/saredigital/sarepost/internal/api/accounts_oauth.go:433.12,435.23 2 2
github.com/saredigital/sarepost/internal/api/accounts_oauth.go:435.23,437.4 1 1
github.com/saredigital/sarepost/internal/api/accounts_oauth.go:438.3,439.9 2 2
github.com/saredigital/sarepost/internal/api/accounts_oauth.go:441.2,441.21 1 1
github.com/saredigital/sarepost/internal/api/accounts_oauth.go:441.21,447.3 2 1
github.com/saredigital/sarepost/internal/api/accounts_oauth.go:448.2,448.59 1 0
github.com/saredigital/sarepost/internal/api/accounts_oauth.go:451.41,453.15 2 23
github.com/saredigital/sarepost/internal/api/accounts_oauth.go:453.15,455.3 1 0
github.com/saredigital/sarepost/internal/api/accounts_oauth.go:456.2,456.20 1 23
github.com/saredigital/sarepost/internal/api/accounts_oauth.go:456.20,458.3 1 3
github.com/saredigital/sarepost/internal/api/accounts_oauth.go:459.2,459.43 1 20
github.com/saredigital/sarepost/internal/api/accounts_oauth.go:462.95,463.13 1 14
github.com/saredigital/sarepost/internal/api/accounts_oauth.go:463.13,464.30 1 4
github.com/saredigital/sarepost/internal/api/accounts_oauth.go:464.31,464.32 0 4
github.com/saredigital/sarepost/internal/api/accounts_oauth.go:466.2,466.80 1 10
github.com/saredigital/sarepost/internal/api/accounts_oauth.go:469.46,471.20 2 9
github.com/saredigital/sarepost/internal/api/accounts_oauth.go:471.20,473.3 1 3
github.com/saredigital/sarepost/internal/api/accounts_oauth.go:474.2,474.17 1 6
github.com/saredigital/sarepost/internal/api/accounts_oauth.go:477.38,480.2 2 31
github.com/saredigital/sarepost/internal/api/accounts_oauth_selection.go:24.97,26.2 1 4
github.com/saredigital/sarepost/internal/api/accounts_oauth_selection.go:28.120,30.16 2 3
github.com/saredigital/sarepost/internal/api/accounts_oauth_selection.go:30.16,32.3 1 0
github.com/saredigital/sarepost/internal/api/accounts_oauth_selection.go:33.2,40.16 2 3
github.com/saredigital/sarepost/internal/api/accounts_oauth_selection.go:40.16,42.3 1 0
github.com/saredigital/sarepost/internal/api/accounts_oauth_selection.go:43.2,43.26 1 3
github.com/saredigital/sarepost/internal/api/accounts_oauth_selection.go:46.113,48.16 2 2
github.com/saredigital/sarepost/internal/api/accounts_oauth_selection.go:48.16,50.3 1 0
github.com/saredigital/sarepost/internal/api/accounts_oauth_selection.go:51.2,52.107 2 2
github.com/saredigital/sarepost/internal/api/accounts_oauth_selection.go:52.107,54.3 1 0
github.com/saredigital/sarepost/internal/api/accounts_oauth_selection.go:55.2,55.21 1 2
github.com/saredigital/sarepost/internal/api/accounts_oauth_selection.go:58.134,60.33 2 4
github.com/saredigital/sarepost/internal/api/accounts_oauth_selection.go:60.33,69.17 2 5
github.com/saredigital/sarepost/internal/api/accounts_oauth_selection.go:69.17,71.4 1 0
github.com/saredigital/sarepost/internal/api/accounts_oauth_selection.go:72.3,72.78 1 5
github.com/saredigital/sarepost/internal/api/accounts_oauth_selection.go:72.78,74.4 1 0
github.com/saredigital/sarepost/internal/api/accounts_oauth_selection.go:75.3,75.37 1 5
github.com/saredigital/sarepost/internal/api/accounts_oauth_selection.go:77.2,77.21 1 4
github.com/saredigital/sarepost/internal/api/accounts_oauth_selection.go:80.61,82.16 2 4
github.com/saredigital/sarepost/internal/api/accounts_oauth_selection.go:82.16,84.3 1 3
github.com/saredigital/sarepost/internal/api/accounts_oauth_selection.go:85.2,85.12 1 4
github.com/saredigital/sarepost/internal/api/accounts_oauth_selection.go:88.50,93.2 4 3
github.com/saredigital/sarepost/internal/api/accounts_oauth_selection.go:95.73,100.2 4 7
github.com/saredigital/sarepost/internal/api/accounts_oauth_selection.go:102.92,103.16 1 2
github.com/saredigital/sarepost/internal/api/accounts_oauth_selection.go:103.16,105.3 1 0
github.com/saredigital/sarepost/internal/api/accounts_oauth_selection.go:106.2,106.109 1 2
github.com/saredigital/sarepost/internal/api/accounts_oauth_selection.go:109.121,110.63 1 1
github.com/saredigital/sarepost/internal/api/accounts_oauth_selection.go:110.63,112.3 1 0
github.com/saredigital/sarepost/internal/api/accounts_oauth_selection.go:113.2,114.43 2 1
github.com/saredigital/sarepost/internal/api/accounts_oauth_selection.go:114.43,126.3 2 2
github.com/saredigital/sarepost/internal/api/accounts_oauth_selection.go:127.2,132.3 1 1
github.com/saredigital/sarepost/internal/api/accounts_oauth_selection.go:135.75,140.23 5 1
github.com/saredigital/sarepost/internal/api/accounts_oauth_selection.go:140.23,143.3 2 0
github.com/saredigital/sarepost/internal/api/accounts_oauth_selection.go:144.2,145.16 2 1
github.com/saredigital/sarepost/internal/api/accounts_oauth_selection.go:145.16,147.97 2 0
github.com/saredigital/sarepost/internal/api/accounts_oauth_selection.go:147.97,150.4 2 0
github.com/saredigital/sarepost/internal/api/accounts_oauth_selection.go:151.3,152.9 2 0
github.com/saredigital/sarepost/internal/api/accounts_oauth_selection.go:155.2,156.57 2 1
github.com/saredigital/sarepost/internal/api/accounts_oauth_selection.go:156.57,158.45 2 1
github.com/saredigital/sarepost/internal/api/accounts_oauth_selection.go:158.45,160.17 2 1
github.com/saredigital/sarepost/internal/api/accounts_oauth_selection.go:160.17,161.13 1 0
github.com/saredigital/sarepost/internal/api/accounts_oauth_selection.go:163.4,163.34 1 1
github.com/saredigital/sarepost/internal/api/accounts_oauth_selection.go:165.3,165.29 1 1
github.com/saredigital/sarepost/internal/api/accounts_oauth_selection.go:165.29,168.4 2 0
github.com/saredigital/sarepost/internal/api/accounts_oauth_selection.go:169.3,170.44 2 1
github.com/saredigital/sarepost/internal/api/accounts_oauth_selection.go:170.44,171.68 1 2
github.com/saredigital/sarepost/internal/api/accounts_oauth_selection.go:171.68,173.5 1 1
github.com/saredigital/sarepost/internal/api/accounts_oauth_selection.go:175.3,175.33 1 1
github.com/saredigital/sarepost/internal/api/accounts_oauth_selection.go:175.33,178.4 2 0
github.com/saredigital/sarepost/internal/api/accounts_oauth_selection.go:181.2,182.16 2 1
github.com/saredigital/sarepost/internal/api/accounts_oauth_selection.go:182.16,185.3 2 0
github.com/saredigital/sarepost/internal/api/accounts_oauth_selection.go:186.2,186.93 1 1
github.com/saredigital/sarepost/internal/api/accounts_oauth_selection.go:186.93,189.3 2 0
github.com/saredigital/sarepost/internal/api/accounts_oauth_selection.go:191.2,192.49 2 1
github.com/saredigital/sarepost/internal/api/accounts_oauth_selection.go:192.49,194.3 1 1
github.com/saredigital/sarepost/internal/api/accounts_oauth_selection.go:195.2,195.93 1 1
github.com/saredigital/sarepost/internal/api/api.go:38.40,91.2 52 128
github.com/saredigital/sarepost/internal/api/api.go:93.71,95.2 1 0
github.com/saredigital/sarepost/internal/api/api.go:97.73,100.2 2 1
github.com/saredigital/sarepost/internal/api/api.go:102.37,104.19 2 182
github.com/saredigital/sarepost/internal/api/api.go:104.19,106.3 1 180
github.com/saredigital/sarepost/internal/api/api.go:107.2,107.16 1 2
github.com/saredigital/sarepost/internal/api/api.go:110.75,112.16 2 7
github.com/saredigital/sarepost/internal/api/api.go:112.16,115.3 2 3
github.com/saredigital/sarepost/internal/api/api.go:116.2,117.15 2 4
github.com/saredigital/sarepost/internal/api/api.go:117.15,118.46 1 4
github.com/saredigital/sarepost/internal/api/api.go:118.46,120.4 1 0
github.com/saredigital/sarepost/internal/api/api.go:123.2,124.16 2 4
github.com/saredigital/sarepost/internal/api/api.go:124.16,126.3 1 1
github.com/saredigital/sarepost/internal/api/api.go:128.2,136.16 2 4
github.com/saredigital/sarepost/internal/api/api.go:136.16,139.3 2 0
github.com/saredigital/sarepost/internal/api/api.go:140.2,155.4 3 4
github.com/saredigital/sarepost/internal/api/api.go:158.71,160.69 2 2
github.com/saredigital/sarepost/internal/api/api.go:160.69,163.32 3 2
github.com/saredigital/sarepost/internal/api/api.go:163.32,166.4 2 0
github.com/saredigital/sarepost/internal/api/api.go:167.3,167.40 1 2
github.com/saredigital/sarepost/internal/api/api.go:170.2,172.16 3 2
github.com/saredigital/sarepost/internal/api/api.go:172.16,175.3 2 0
github.com/saredigital/sarepost/internal/api/api.go:176.2,179.4 1 2
github.com/saredigital/sarepost/internal/api/api.go:182.73,183.9 1 3
github.com/saredigital/sarepost/internal/api/api.go:184.49,185.27 1 2
github.com/saredigital/sarepost/internal/api/api.go:186.48,187.26 1 1
github.com/saredigital/sarepost/internal/api/api.go:188.10,189.62 1 0
github.com/saredigital/sarepost/internal/api/api.go:193.74,194.91 1 2
github.com/saredigital/sarepost/internal/api/api.go:194.91,197.3 2 0
github.com/saredigital/sarepost/internal/api/api.go:198.2,205.52 8 2
github.com/saredigital/sarepost/internal/api/api.go:205.52,206.15 1 0
github.com/saredigital/sarepost/internal/api/api.go:206.15,209.4 2 0
github.com/saredigital/sarepost/internal/api/api.go:210.3,211.9 2 0
github.com/saredigital/sarepost/internal/api/api.go:213.2,213.16 1 2
github.com/saredigital/sarepost/internal/api/api.go:213.16,214.36 1 0
github.com/saredigital/sarepost/internal/api/api.go:214.36,215.16 1 0
github.com/saredigital/sarepost/internal/api/api.go:215.16,218.5 2 0
github.com/saredigital/sarepost/internal/api/api.go:219.4,220.10 2 0
github.com/saredigital/sarepost/internal/api/api.go:222.3,222.55 1 0
github.com/saredigital/sarepost/internal/api/api.go:222.55,223.16 1 0
github.com/saredigital/sarepost/internal/api/api.go:223.16,226.5 2 0
github.com/saredigital/sarepost/internal/api/api.go:227.4,228.10 2 0
github.com/saredigital/sarepost/internal/api/api.go:230.3,230.15 1 0
github.com/saredigital/sarepost/internal/api/api.go:230.15,233.4 2 0
github.com/saredigital/sarepost/internal/api/api.go:234.3,235.9 2 0
github.com/saredigital/sarepost/internal/api/api.go:238.2,238.14 1 2
github.com/saredigital/sarepost/internal/api/api.go:238.14,241.3 2 1
github.com/saredigital/sarepost/internal/api/api.go:242.2,245.4 1 1
github.com/saredigital/sarepost/internal/api/api.go:248.73,249.90 1 1
github.com/saredigital/sarepost/internal/api/api.go:249.90,252.3 2 0
github.com/saredigital/sarepost/internal/api/api.go:253.2,260.52 8 1
github.com/saredigital/sarepost/internal/api/api.go:260.52,261.15 1 0
github.com/saredigital/sarepost/internal/api/api.go:261.15,264.4 2 0
github.com/saredigital/sarepost/internal/api/api.go:265.3,266.9 2 0
github.com/saredigital/sarepost/internal/api/api.go:268.2,268.16 1 1
github.com/saredigital/sarepost/internal/api/api.go:268.16,269.36 1 0
github.com/saredigital/sarepost/internal/api/api.go:269.36,270.16 1 0
github.com/saredigital/sarepost/internal/api/api.go:270.16,273.5 2 0
github.com/saredigital/sarepost/internal/api/api.go:274.4,275.10 2 0
github.com/saredigital/sarepost/internal/api/api.go:277.3,277.53 1 0
github.com/saredigital/sarepost/internal/api/api.go:277.53,278.16 1 0
github.com/saredigital/sarepost/internal/api/api.go:278.16,281.5 2 0
github.com/saredigital/sarepost/internal/api/api.go:282.4,283.10 2 0
github.com/saredigital/sarepost/internal/api/api.go:285.3,285.15 1 0
github.com/saredigital/sarepost/internal/api/api.go:285.15,288.4 2 0
github.com/saredigital/sarepost/internal/api/api.go:289.3,290.9 2 0
github.com/saredigital/sarepost/internal/api/api.go:293.2,293.14 1 1
github.com/saredigital/sarepost/internal/api/api.go:293.14,296.3 2 0
github.com/saredigital/sarepost/internal/api/api.go:297.2,300.4 1 1
github.com/saredigital/sarepost/internal/api/api.go:303.78,308.14 4 1
github.com/saredigital/sarepost/internal/api/api.go:308.14,309.39 1 1
github.com/saredigital/sarepost/internal/api/api.go:309.39,312.4 2 0
github.com/saredigital/sarepost/internal/api/api.go:313.3,313.22 1 1
github.com/saredigital/sarepost/internal/api/api.go:314.8,318.63 2 0
github.com/saredigital/sarepost/internal/api/api.go:318.63,321.4 2 0
github.com/saredigital/sarepost/internal/api/api.go:322.3,322.17 1 0
github.com/saredigital/sarepost/internal/api/api.go:325.2,327.43 3 1
github.com/saredigital/sarepost/internal/api/api.go:327.43,328.15 1 0
github.com/saredigital/sarepost/internal/api/api.go:328.15,331.4 2 0
github.com/saredigital/sarepost/internal/api/api.go:332.3,333.9 2 0
github.com/saredigital/sarepost/internal/api/api.go:335.2,335.16 1 1
github.com/saredigital/sarepost/internal/api/api.go:335.16,336.15 1 0
github.com/saredigital/sarepost/internal/api/api.go:336.15,339.4 2 0
github.com/saredigital/sarepost/internal/api/api.go:340.3,341.9 2 0
github.com/saredigital/sarepost/internal/api/api.go:344.2,344.14 1 1
github.com/saredigital/sarepost/internal/api/api.go:344.14,348.24 4 1
github.com/saredigital/sarepost/internal/api/api.go:348.24,350.4 1 0
github.com/saredigital/sarepost/internal/api/api.go:351.3,352.9 2 1
github.com/saredigital/sarepost/internal/api/api.go:354.2,358.4 1 0
github.com/saredigital/sarepost/internal/api/api.go:361.77,366.14 4 1
github.com/saredigital/sarepost/internal/api/api.go:366.14,367.39 1 1
github.com/saredigital/sarepost/internal/api/api.go:367.39,370.4 2 0
github.com/saredigital/sarepost/internal/api/api.go:371.3,371.22 1 1
github.com/saredigital/sarepost/internal/api/api.go:372.8,376.63 2 0
github.com/saredigital/sarepost/internal/api/api.go:376.63,379.4 2 0
github.com/saredigital/sarepost/internal/api/api.go:380.3,380.17 1 0
github.com/saredigital/sarepost/internal/api/api.go:383.2,385.43 3 1
github.com/saredigital/sarepost/internal/api/api.go:385.43,386.15 1 0
github.com/saredigital/sarepost/internal/api/api.go:386.15,389.4 2 0
github.com/saredigital/sarepost/internal/api/api.go:390.3,391.9 2 0
github.com/saredigital/sarepost/internal/api/api.go:393.2,393.16 1 1
github.com/saredigital/sarepost/internal/api/api.go:393.16,394.15 1 0
github.com/saredigital/sarepost/internal/api/api.go:394.15,397.4 2 0
github.com/saredigital/sarepost/internal/api/api.go:398.3,399.9 2 0
github.com/saredigital/sarepost/internal/api/api.go:402.2,402.14 1 1
github.com/saredigital/sarepost/internal/api/api.go:402.14,406.24 4 1
github.com/saredigital/sarepost/internal/api/api.go:406.24,408.4 1 0
github.com/saredigital/sarepost/internal/api/api.go:409.3,410.9 2 1
github.com/saredigital/sarepost/internal/api/api.go:412.2,416.4 1 0
github.com/saredigital/sarepost/internal/api/api.go:419.94,421.16 2 159
github.com/saredigital/sarepost/internal/api/api.go:421.16,423.3 1 0
github.com/saredigital/sarepost/internal/api/api.go:424.2,425.14 2 159
github.com/saredigital/sarepost/internal/api/api.go:425.14,427.3 1 131
github.com/saredigital/sarepost/internal/api/api.go:428.2,429.16 2 28
github.com/saredigital/sarepost/internal/api/api.go:429.16,431.3 1 0
github.com/saredigital/sarepost/internal/api/api.go:432.2,432.27 1 28
github.com/saredigital/sarepost/internal/api/assets.go:12.37,14.16 2 128
github.com/saredigital/sarepost/internal/api/assets.go:14.16,16.3 1 0
github.com/saredigital/sarepost/internal/api/assets.go:17.2,17.38 1 128
github.com/saredigital/sarepost/internal/api/capabilities.go:5.52,30.2 1 0
github.com/saredigital/sarepost/internal/api/capabilities.go:32.51,57.2 1 0
github.com/saredigital/sarepost/internal/api/deps.go:16.63,17.23 1 119
github.com/saredigital/sarepost/internal/api/deps.go:17.23,19.3 1 33
github.com/saredigital/sarepost/internal/api/deps.go:20.2,25.3 1 86
github.com/saredigital/sarepost/internal/api/deps.go:28.52,29.21 1 88
github.com/saredigital/sarepost/internal/api/deps.go:29.21,31.3 1 0
github.com/saredigital/sarepost/internal/api/deps.go:32.2,32.31 1 88
github.com/saredigital/sarepost/internal/api/deps.go:32.31,34.22 2 1
github.com/saredigital/sarepost/internal/api/deps.go:34.22,36.4 1 32
github.com/saredigital/sarepost/internal/api/deps.go:37.3,38.26 2 1
github.com/saredigital/sarepost/internal/api/deps.go:40.2,40.23 1 88
github.com/saredigital/sarepost/internal/api/http_utils.go:16.42,18.15 2 56
github.com/saredigital/sarepost/internal/api/http_utils.go:18.15,20.3 1 11
github.com/saredigital/sarepost/internal/api/http_utils.go:21.2,21.66 1 45
github.com/saredigital/sarepost/internal/api/http_utils.go:21.66,23.3 1 2
github.com/saredigital/sarepost/internal/api/http_utils.go:24.2,25.55 2 43
github.com/saredigital/sarepost/internal/api/http_utils.go:25.55,27.3 1 0
github.com/saredigital/sarepost/internal/api/http_utils.go:28.2,28.23 1 43
github.com/saredigital/sarepost/internal/api/http_utils.go:28.23,30.3 1 0
github.com/saredigital/sarepost/internal/api/http_utils.go:31.2,31.28 1 43
github.com/saredigital/sarepost/internal/api/http_utils.go:34.55,36.18 2 28
github.com/saredigital/sarepost/internal/api/http_utils.go:36.18,38.3 1 0
github.com/saredigital/sarepost/internal/api/http_utils.go:39.2,40.16 2 28
github.com/saredigital/sarepost/internal/api/http_utils.go:40.16,42.3 1 0
github.com/saredigital/sarepost/internal/api/http_utils.go:43.2,46.28 4 28
github.com/saredigital/sarepost/internal/api/http_utils.go:49.89,53.19 4 9
github.com/saredigital/sarepost/internal/api/http_utils.go:53.19,55.17 2 0
github.com/saredigital/sarepost/internal/api/http_utils.go:55.17,57.4 1 0
github.com/saredigital/sarepost/internal/api/http_utils.go:58.3,58.22 1 0
github.com/saredigital/sarepost/internal/api/http_utils.go:60.2,60.17 1 9
github.com/saredigital/sarepost/internal/api/http_utils.go:60.17,62.17 2 0
github.com/saredigital/sarepost/internal/api/http_utils.go:62.17,64.4 1 0
github.com/saredigital/sarepost/internal/api/http_utils.go:65.3,65.20 1 0
github.com/saredigital/sarepost/internal/api/http_utils.go:67.2,67.21 1 9
github.com/saredigital/sarepost/internal/api/http_utils.go:67.21,69.3 1 0
github.com/saredigital/sarepost/internal/api/http_utils.go:70.2,70.22 1 9
github.com/saredigital/sarepost/internal/api/http_utils.go:73.36,76.36 3 8
github.com/saredigital/sarepost/internal/api/http_utils.go:76.36,77.10 1 72
github.com/saredigital/sarepost/internal/api/http_utils.go:78.29,79.12 1 64
github.com/saredigital/sarepost/internal/api/http_utils.go:80.29,81.12 1 0
github.com/saredigital/sarepost/internal/api/http_utils.go:82.29,83.12 1 0
github.com/saredigital/sarepost/internal/api/http_utils.go:84.37,85.12 1 8
github.com/saredigital/sarepost/internal/api/http_utils.go:86.11,87.13 1 0
github.com/saredigital/sarepost/internal/api/http_utils.go:90.2,90.10 1 8
github.com/saredigital/sarepost/internal/api/http_utils.go:93.65,94.81 1 8
github.com/saredigital/sarepost/internal/api/http_utils.go:94.81,96.3 1 0
github.com/saredigital/sarepost/internal/api/http_utils.go:97.2,100.14 4 8
github.com/saredigital/sarepost/internal/api/http_utils.go:100.14,102.3 1 0
github.com/saredigital/sarepost/internal/api/http_utils.go:103.2,103.16 1 8
github.com/saredigital/sarepost/internal/api/http_utils.go:106.65,107.16 1 0
github.com/saredigital/sarepost/internal/api/http_utils.go:107.16,109.3 1 0
github.com/saredigital/sarepost/internal/api/http_utils.go:110.2,110.35 1 0
github.com/saredigital/sarepost/internal/api/http_utils.go:113.55,114.16 1 0
github.com/saredigital/sarepost/internal/api/http_utils.go:115.110,116.14 1 0
github.com/saredigital/sarepost/internal/api/http_utils.go:117.10,118.15 1 0
github.com/saredigital/sarepost/internal/api/http_utils.go:122.57,123.16 1 0
github.com/saredigital/sarepost/internal/api/http_utils.go:124.110,125.14 1 0
github.com/saredigital/sarepost/internal/api/http_utils.go:126.10,127.15 1 0
github.com/saredigital/sarepost/internal/api/http_utils.go:131.62,135.2 3 134
github.com/saredigital/sarepost/internal/api/http_utils.go:137.61,139.2 1 17
github.com/saredigital/sarepost/internal/api/local_auth.go:29.73,32.20 3 0
github.com/saredigital/sarepost/internal/api/local_auth.go:32.20,34.3 1 0
github.com/saredigital/sarepost/internal/api/local_auth.go:35.2,35.24 1 0
github.com/saredigital/sarepost/internal/api/local_auth.go:35.24,36.60 1 0
github.com/saredigital/sarepost/internal/api/local_auth.go:36.60,39.4 2 0
github.com/saredigital/sarepost/internal/api/local_auth.go:41.2,48.4 1 0
github.com/saredigital/sarepost/internal/api/local_auth.go:51.75,52.38 1 2
github.com/saredigital/sarepost/internal/api/local_auth.go:52.38,55.3 2 0
github.com/saredigital/sarepost/internal/api/local_auth.go:56.2,57.20 2 2
github.com/saredigital/sarepost/internal/api/local_auth.go:57.20,59.3 1 0
github.com/saredigital/sarepost/internal/api/local_auth.go:60.2,62.25 3 2
github.com/saredigital/sarepost/internal/api/local_auth.go:62.25,65.3 2 0
github.com/saredigital/sarepost/internal/api/local_auth.go:66.2,67.16 2 2
github.com/saredigital/sarepost/internal/api/local_auth.go:67.16,68.49 1 0
github.com/saredigital/sarepost/internal/api/local_auth.go:68.49,74.4 5 0
github.com/saredigital/sarepost/internal/api/local_auth.go:75.3,76.9 2 0
github.com/saredigital/sarepost/internal/api/local_auth.go:78.2,79.16 2 2
github.com/saredigital/sarepost/internal/api/local_auth.go:79.16,82.3 2 0
github.com/saredigital/sarepost/internal/api/local_auth.go:83.2,84.52 2 2
github.com/saredigital/sarepost/internal/api/local_auth.go:87.70,88.65 1 1
github.com/saredigital/sarepost/internal/api/local_auth.go:88.65,90.3 1 1
github.com/saredigital/sarepost/internal/api/local_auth.go:91.2,92.71 2 1
github.com/saredigital/sarepost/internal/api/local_auth.go:95.93,96.40 1 0
github.com/saredigital/sarepost/internal/api/local_auth.go:96.40,98.3 1 0
github.com/saredigital/sarepost/internal/api/local_auth.go:99.2,100.45 1 0
github.com/saredigital/sarepost/internal/api/local_auth.go:100.45,102.4 1 0
github.com/saredigital/sarepost/internal/api/local_auth.go:104.2,104.16 1 0
github.com/saredigital/sarepost/internal/api/local_auth.go:104.16,107.3 2 0
github.com/saredigital/sarepost/internal/api/local_auth.go:108.2,109.24 2 0
github.com/saredigital/sarepost/internal/api/local_auth.go:112.96,113.20 1 7
github.com/saredigital/sarepost/internal/api/local_auth.go:113.20,115.3 1 0
github.com/saredigital/sarepost/internal/api/local_auth.go:116.2,117.16 2 7
github.com/saredigital/sarepost/internal/api/local_auth.go:117.16,119.3 1 2
github.com/saredigital/sarepost/internal/api/local_auth.go:120.2,121.16 2 5
github.com/saredigital/sarepost/internal/api/local_auth.go:121.16,123.3 1 0
github.com/saredigital/sarepost/internal/api/local_auth.go:124.2,125.16 2 5
github.com/saredigital/sarepost/internal/api/local_auth.go:125.16,127.3 1 0
github.com/saredigital/sarepost/internal/api/local_auth.go:128.2,128.28 1 5
github.com/saredigital/sarepost/internal/api/local_auth.go:131.78,142.2 1 2
github.com/saredigital/sarepost/internal/api/local_auth.go:144.57,155.2 1 1
github.com/saredigital/sarepost/internal/api/local_auth.go:157.54,158.14 1 4
github.com/saredigital/sarepost/internal/api/local_auth.go:158.14,160.3 1 0
github.com/saredigital/sarepost/internal/api/local_auth.go:161.2,161.18 1 4
github.com/saredigital/sarepost/internal/api/local_auth.go:161.18,163.3 1 2
github.com/saredigital/sarepost/internal/api/local_auth.go:164.2,165.131 2 2
github.com/saredigital/sarepost/internal/api/local_auth.go:168.45,169.14 1 3
github.com/saredigital/sarepost/internal/api/local_auth.go:169.14,171.3 1 0
github.com/saredigital/sarepost/internal/api/local_auth.go:172.2,172.88 1 3
github.com/saredigital/sarepost/internal/api/local_auth.go:172.88,174.3 1 0
github.com/saredigital/sarepost/internal/api/local_auth.go:175.2,175.21 1 3
github.com/saredigital/sarepost/internal/api/local_oauth.go:34.96,47.2 2 1
github.com/saredigital/sarepost/internal/api/local_oauth.go:49.94,58.2 2 0
github.com/saredigital/sarepost/internal/api/local_oauth.go:60.83,66.65 2 1
github.com/saredigital/sarepost/internal/api/local_oauth.go:66.65,69.3 2 0
github.com/saredigital/sarepost/internal/api/local_oauth.go:70.2,70.100 1 1
github.com/saredigital/sarepost/internal/api/local_oauth.go:70.100,73.3 2 0
github.com/saredigital/sarepost/internal/api/local_oauth.go:74.2,75.16 2 1
github.com/saredigital/sarepost/internal/api/local_oauth.go:75.16,76.54 1 0
github.com/saredigital/sarepost/internal/api/local_oauth.go:76.54,79.4 2 0
github.com/saredigital/sarepost/internal/api/local_oauth.go:80.3,81.9 2 0
github.com/saredigital/sarepost/internal/api/local_oauth.go:83.2,91.4 1 1
github.com/saredigital/sarepost/internal/api/local_oauth.go:94.78,95.25 1 4
github.com/saredigital/sarepost/internal/api/local_oauth.go:95.25,98.3 2 0
github.com/saredigital/sarepost/internal/api/local_oauth.go:99.2,99.63 1 4
github.com/saredigital/sarepost/internal/api/local_oauth.go:99.63,103.3 3 0
github.com/saredigital/sarepost/internal/api/local_oauth.go:104.2,105.16 2 4
github.com/saredigital/sarepost/internal/api/local_oauth.go:105.16,108.3 2 1
github.com/saredigital/sarepost/internal/api/local_oauth.go:109.2,110.33 2 3
github.com/saredigital/sarepost/internal/api/local_oauth.go:110.33,111.39 1 1
github.com/saredigital/sarepost/internal/api/local_oauth.go:111.39,114.4 2 0
github.com/saredigital/sarepost/internal/api/local_oauth.go:115.3,115.18 1 1
github.com/saredigital/sarepost/internal/api/local_oauth.go:117.2,117.62 1 3
github.com/saredigital/sarepost/internal/api/local_oauth.go:117.62,120.3 2 0
github.com/saredigital/sarepost/internal/api/local_oauth.go:121.2,128.16 8 3
github.com/saredigital/sarepost/internal/api/local_oauth.go:128.16,131.3 2 0
github.com/saredigital/sarepost/internal/api/local_oauth.go:132.2,132.59 1 3
github.com/saredigital/sarepost/internal/api/local_oauth.go:132.59,135.3 2 0
github.com/saredigital/sarepost/internal/api/local_oauth.go:136.2,136.52 1 3
github.com/saredigital/sarepost/internal/api/local_oauth.go:136.52,139.3 2 0
github.com/saredigital/sarepost/internal/api/local_oauth.go:140.2,140.25 1 3
github.com/saredigital/sarepost/internal/api/local_oauth.go:140.25,143.3 2 0
github.com/saredigital/sarepost/internal/api/local_oauth.go:144.2,154.32 3 3
github.com/saredigital/sarepost/internal/api/local_oauth.go:154.32,157.3 2 2
github.com/saredigital/sarepost/internal/api/local_oauth.go:158.2,158.107 1 1
github.com/saredigital/sarepost/internal/api/local_oauth.go:158.107,161.3 2 0
github.com/saredigital/sarepost/internal/api/local_oauth.go:162.2,171.16 2 1
github.com/saredigital/sarepost/internal/api/local_oauth.go:171.16,174.3 2 0
github.com/saredigital/sarepost/internal/api/local_oauth.go:175.2,176.16 2 1
github.com/saredigital/sarepost/internal/api/local_oauth.go:176.16,179.3 2 0
github.com/saredigital/sarepost/internal/api/local_oauth.go:180.2,182.17 3 1
github.com/saredigital/sarepost/internal/api/local_oauth.go:182.17,184.3 1 1
github.com/saredigital/sarepost/internal/api/local_oauth.go:185.2,186.56 2 1
github.com/saredigital/sarepost/internal/api/local_oauth.go:189.84,191.16 2 2
github.com/saredigital/sarepost/internal/api/local_oauth.go:191.16,194.3 2 0
github.com/saredigital/sarepost/internal/api/local_oauth.go:195.2,196.24 2 2
github.com/saredigital/sarepost/internal/api/local_oauth.go:199.89,201.2 1 3
github.com/saredigital/sarepost/internal/api/local_oauth.go:203.106,205.2 1 1
github.com/saredigital/sarepost/internal/api/local_oauth.go:207.80,219.2 2 4
github.com/saredigital/sarepost/internal/api/local_oauth.go:221.74,222.38 1 2
github.com/saredigital/sarepost/internal/api/local_oauth.go:222.38,225.3 2 0
github.com/saredigital/sarepost/internal/api/local_oauth.go:226.2,226.54 1 2
github.com/saredigital/sarepost/internal/api/local_oauth.go:227.28,228.47 1 1
github.com/saredigital/sarepost/internal/api/local_oauth.go:229.23,230.42 1 1
github.com/saredigital/sarepost/internal/api/local_oauth.go:231.10,232.101 1 0
github.com/saredigital/sarepost/internal/api/local_oauth.go:236.94,241.77 5 1
github.com/saredigital/sarepost/internal/api/local_oauth.go:241.77,244.3 2 0
github.com/saredigital/sarepost/internal/api/local_oauth.go:245.2,246.16 2 1
github.com/saredigital/sarepost/internal/api/local_oauth.go:246.16,249.3 2 0
github.com/saredigital/sarepost/internal/api/local_oauth.go:250.2,250.59 1 1
github.com/saredigital/sarepost/internal/api/local_oauth.go:250.59,253.3 2 0
github.com/saredigital/sarepost/internal/api/local_oauth.go:254.2,255.16 2 1
github.com/saredigital/sarepost/internal/api/local_oauth.go:255.16,256.10 1 0
github.com/saredigital/sarepost/internal/api/local_oauth.go:257.51,258.75 1 0
github.com/saredigital/sarepost/internal/api/local_oauth.go:259.55,260.75 1 0
github.com/saredigital/sarepost/internal/api/local_oauth.go:261.11,262.95 1 0
github.com/saredigital/sarepost/internal/api/local_oauth.go:264.3,264.9 1 0
github.com/saredigital/sarepost/internal/api/local_oauth.go:266.2,266.86 1 1
github.com/saredigital/sarepost/internal/api/local_oauth.go:266.86,269.3 2 0
github.com/saredigital/sarepost/internal/api/local_oauth.go:270.2,277.16 2 1
github.com/saredigital/sarepost/internal/api/local_oauth.go:277.16,280.3 2 0
github.com/saredigital/sarepost/internal/api/local_oauth.go:281.2,281.78 1 1
github.com/saredigital/sarepost/internal/api/local_oauth.go:284.89,287.42 3 1
github.com/saredigital/sarepost/internal/api/local_oauth.go:287.42,290.3 2 0
github.com/saredigital/sarepost/internal/api/local_oauth.go:291.2,292.16 2 1
github.com/saredigital/sarepost/internal/api/local_oauth.go:292.16,295.3 2 0
github.com/saredigital/sarepost/internal/api/local_oauth.go:296.2,296.82 1 1
github.com/saredigital/sarepost/internal/api/local_oauth.go:299.63,300.20 1 2
github.com/saredigital/sarepost/internal/api/local_oauth.go:300.20,302.3 1 0
github.com/saredigital/sarepost/internal/api/local_oauth.go:303.2,304.17 2 2
github.com/saredigital/sarepost/internal/api/local_oauth.go:304.17,306.3 1 1
github.com/saredigital/sarepost/internal/api/local_oauth.go:307.2,308.16 2 1
github.com/saredigital/sarepost/internal/api/local_oauth.go:308.16,310.3 1 0
github.com/saredigital/sarepost/internal/api/local_oauth.go:311.2,311.50 1 1
github.com/saredigital/sarepost/internal/api/local_oauth.go:314.55,316.16 2 3
github.com/saredigital/sarepost/internal/api/local_oauth.go:316.16,318.3 1 2
github.com/saredigital/sarepost/internal/api/local_oauth.go:319.2,320.16 2 1
github.com/saredigital/sarepost/internal/api/local_oauth.go:320.16,322.3 1 0
github.com/saredigital/sarepost/internal/api/local_oauth.go:323.2,323.13 1 1
github.com/saredigital/sarepost/internal/api/local_oauth.go:326.53,328.58 2 2
github.com/saredigital/sarepost/internal/api/local_oauth.go:328.58,330.3 1 1
github.com/saredigital/sarepost/internal/api/local_oauth.go:331.2,331.36 1 1
github.com/saredigital/sarepost/internal/api/local_oauth.go:334.68,336.23 2 4
github.com/saredigital/sarepost/internal/api/local_oauth.go:336.23,338.3 1 0
github.com/saredigital/sarepost/internal/api/local_oauth.go:339.2,339.36 1 4
github.com/saredigital/sarepost/internal/api/local_oauth.go:339.36,340.50 1 4
github.com/saredigital/sarepost/internal/api/local_oauth.go:340.50,342.4 1 4
github.com/saredigital/sarepost/internal/api/local_oauth.go:344.2,344.14 1 0
github.com/saredigital/sarepost/internal/api/local_oauth.go:347.59,351.39 4 1
github.com/saredigital/sarepost/internal/api/local_oauth.go:351.39,353.3 1 0
github.com/saredigital/sarepost/internal/api/local_oauth.go:354.2,354.22 1 1
github.com/saredigital/sarepost/internal/api/local_oauth.go:354.22,356.3 1 0
github.com/saredigital/sarepost/internal/api/local_oauth.go:357.2,358.66 2 1
github.com/saredigital/sarepost/internal/api/local_oauth.go:361.90,369.2 1 2
github.com/saredigital/sarepost/internal/api/local_oauth.go:371.83,375.56 2 0
github.com/saredigital/sarepost/internal/api/local_oauth.go:375.56,377.3 1 0
github.com/saredigital/sarepost/internal/api/local_oauth.go:378.2,378.31 1 0
github.com/saredigital/sarepost/internal/api/local_oauth.go:381.45,383.15 2 3
github.com/saredigital/sarepost/internal/api/local_oauth.go:383.15,385.3 1 0
github.com/saredigital/sarepost/internal/api/local_oauth.go:386.2,386.47 1 3
github.com/saredigital/sarepost/internal/api/local_oauth.go:389.54,391.20 2 1
github.com/saredigital/sarepost/internal/api/local_oauth.go:391.20,393.3 1 0
github.com/saredigital/sarepost/internal/api/local_oauth.go:394.2,394.45 1 1
github.com/saredigital/sarepost/internal/api/local_oauth.go:394.45,395.23 1 1
github.com/saredigital/sarepost/internal/api/local_oauth.go:395.23,397.4 1 0
github.com/saredigital/sarepost/internal/api/local_oauth.go:399.2,399.14 1 1
github.com/saredigital/sarepost/internal/api/local_oauth.go:402.70,405.24 3 2
github.com/saredigital/sarepost/internal/api/local_oauth.go:405.24,407.3 1 2
github.com/saredigital/sarepost/internal/api/local_oauth.go:408.2,409.35 2 2
github.com/saredigital/sarepost/internal/api/mcp.go:23.46,220.73 25 128
github.com/saredigital/sarepost/internal/api/mcp.go:220.73,222.3 1 37
github.com/saredigital/sarepost/internal/api/mcp.go:228.2,228.71 1 128
github.com/saredigital/sarepost/internal/api/mcp.go:228.71,229.99 1 38
github.com/saredigital/sarepost/internal/api/mcp.go:229.99,234.4 4 2
github.com/saredigital/sarepost/internal/api/mcp.go:235.3,235.23 1 38
github.com/saredigital/sarepost/internal/api/mcp.go:239.62,240.22 1 37
github.com/saredigital/sarepost/internal/api/mcp.go:240.22,242.3 1 0
github.com/saredigital/sarepost/internal/api/mcp.go:244.2,246.37 3 37
github.com/saredigital/sarepost/internal/api/mcp.go:246.37,247.56 1 37
github.com/saredigital/sarepost/internal/api/mcp.go:247.56,249.19 2 72
github.com/saredigital/sarepost/internal/api/mcp.go:249.19,250.13 1 0
github.com/saredigital/sarepost/internal/api/mcp.go:252.4,253.17 2 72
github.com/saredigital/sarepost/internal/api/mcp.go:254.45,255.18 1 37
github.com/saredigital/sarepost/internal/api/mcp.go:256.39,257.20 1 35
github.com/saredigital/sarepost/internal/api/mcp.go:258.15,260.20 2 0
github.com/saredigital/sarepost/internal/api/mcp.go:264.2,264.27 1 37
github.com/saredigital/sarepost/internal/api/mcp.go:405.159,407.16 2 2
github.com/saredigital/sarepost/internal/api/mcp.go:407.16,409.3 1 0
github.com/saredigital/sarepost/internal/api/mcp.go:410.2,411.16 2 2
github.com/saredigital/sarepost/internal/api/mcp.go:411.16,413.3 1 0
github.com/saredigital/sarepost/internal/api/mcp.go:414.2,416.16 3 2
github.com/saredigital/sarepost/internal/api/mcp.go:416.16,418.3 1 0
github.com/saredigital/sarepost/internal/api/mcp.go:420.2,427.44 3 2
github.com/saredigital/sarepost/internal/api/mcp.go:427.44,429.25 2 1
github.com/saredigital/sarepost/internal/api/mcp.go:429.25,431.4 1 0
github.com/saredigital/sarepost/internal/api/mcp.go:432.3,434.30 3 1
github.com/saredigital/sarepost/internal/api/mcp.go:434.30,436.4 1 1
github.com/saredigital/sarepost/internal/api/mcp.go:437.3,438.23 2 1
github.com/saredigital/sarepost/internal/api/mcp.go:441.2,442.24 2 1
github.com/saredigital/sarepost/internal/api/mcp.go:442.24,444.3 1 0
github.com/saredigital/sarepost/internal/api/mcp.go:445.2,447.29 3 1
github.com/saredigital/sarepost/internal/api/mcp.go:447.29,449.3 1 1
github.com/saredigital/sarepost/internal/api/mcp.go:450.2,451.22 2 1
github.com/saredigital/sarepost/internal/api/mcp.go:454.153,457.16 3 0
github.com/saredigital/sarepost/internal/api/mcp.go:457.16,459.3 1 0
github.com/saredigital/sarepost/internal/api/mcp.go:461.2,465.30 2 0
github.com/saredigital/sarepost/internal/api/mcp.go:465.30,467.3 1 0
github.com/saredigital/sarepost/internal/api/mcp.go:468.2,468.22 1 0
github.com/saredigital/sarepost/internal/api/mcp.go:471.153,474.16 3 0
github.com/saredigital/sarepost/internal/api/mcp.go:474.16,476.3 1 0
github.com/saredigital/sarepost/internal/api/mcp.go:478.2,481.35 2 0
github.com/saredigital/sarepost/internal/api/mcp.go:481.35,483.17 2 0
github.com/saredigital/sarepost/internal/api/mcp.go:483.17,484.12 1 0
github.com/saredigital/sarepost/internal/api/mcp.go:486.3,497.5 1 0
github.com/saredigital/sarepost/internal/api/mcp.go:499.2,500.22 2 0
github.com/saredigital/sarepost/internal/api/mcp.go:503.153,504.43 1 2
github.com/saredigital/sarepost/internal/api/mcp.go:504.43,506.3 1 0
github.com/saredigital/sarepost/internal/api/mcp.go:508.2,510.23 3 2
github.com/saredigital/sarepost/internal/api/mcp.go:510.23,512.3 1 0
github.com/saredigital/sarepost/internal/api/mcp.go:513.2,513.38 1 2
github.com/saredigital/sarepost/internal/api/mcp.go:513.38,515.3 1 0
github.com/saredigital/sarepost/internal/api/mcp.go:517.2,518.16 2 2
github.com/saredigital/sarepost/internal/api/mcp.go:518.16,520.3 1 0
github.com/saredigital/sarepost/internal/api/mcp.go:521.2,522.16 2 2
github.com/saredigital/sarepost/internal/api/mcp.go:522.16,524.3 1 0
github.com/saredigital/sarepost/internal/api/mcp.go:526.2,542.16 4 2
github.com/saredigital/sarepost/internal/api/mcp.go:542.16,544.3 1 0
github.com/saredigital/sarepost/internal/api/mcp.go:545.2,545.53 1 2
github.com/saredigital/sarepost/internal/api/mcp.go:545.53,547.3 1 0
github.com/saredigital/sarepost/internal/api/mcp.go:548.2,549.23 2 2
github.com/saredigital/sarepost/internal/api/mcp.go:549.23,550.45 1 0
github.com/saredigital/sarepost/internal/api/mcp.go:550.45,551.42 1 0
github.com/saredigital/sarepost/internal/api/mcp.go:551.42,553.10 2 0
github.com/saredigital/sarepost/internal/api/mcp.go:558.2,562.30 2 2
github.com/saredigital/sarepost/internal/api/mcp.go:562.30,564.47 2 0
github.com/saredigital/sarepost/internal/api/mcp.go:564.47,566.4 1 0
github.com/saredigital/sarepost/internal/api/mcp.go:568.2,568.23 1 2
github.com/saredigital/sarepost/internal/api/mcp.go:568.23,571.3 2 0
github.com/saredigital/sarepost/internal/api/mcp.go:572.2,572.22 1 2
github.com/saredigital/sarepost/internal/api/mcp.go:575.159,585.16 3 2
github.com/saredigital/sarepost/internal/api/mcp.go:585.16,587.3 1 0
github.com/saredigital/sarepost/internal/api/mcp.go:588.2,592.8 1 2
github.com/saredigital/sarepost/internal/api/mcp.go:595.82,596.19 1 10
github.com/saredigital/sarepost/internal/api/mcp.go:596.19,598.3 1 10
github.com/saredigital/sarepost/internal/api/mcp.go:599.2,600.30 2 0
github.com/saredigital/sarepost/internal/api/mcp.go:600.30,605.3 1 0
github.com/saredigital/sarepost/internal/api/mcp.go:606.2,606.38 1 0
github.com/saredigital/sarepost/internal/api/mcp.go:609.163,611.24 2 1
github.com/saredigital/sarepost/internal/api/mcp.go:611.24,613.3 1 0
github.com/saredigital/sarepost/internal/api/mcp.go:614.2,616.16 3 1
github.com/saredigital/sarepost/internal/api/mcp.go:616.16,618.3 1 0
github.com/saredigital/sarepost/internal/api/mcp.go:619.2,622.8 1 1
github.com/saredigital/sarepost/internal/api/mcp.go:625.161,627.24 2 1
github.com/saredigital/sarepost/internal/api/mcp.go:627.24,629.3 1 0
github.com/saredigital/sarepost/internal/api/mcp.go:630.2,631.54 2 1
github.com/saredigital/sarepost/internal/api/mcp.go:631.54,633.3 1 0
github.com/saredigital/sarepost/internal/api/mcp.go:634.2,637.8 1 1
github.com/saredigital/sarepost/internal/api/mcp.go:640.56,642.30 2 15
github.com/saredigital/sarepost/internal/api/mcp.go:642.30,644.3 1 0
github.com/saredigital/sarepost/internal/api/mcp.go:645.2,646.28 2 15
github.com/saredigital/sarepost/internal/api/mcp.go:646.28,648.3 1 15
github.com/saredigital/sarepost/internal/api/mcp.go:649.2,665.3 1 15
github.com/saredigital/sarepost/internal/api/mcp.go:668.92,682.40 2 1
github.com/saredigital/sarepost/internal/api/mcp.go:682.40,690.3 1 1
github.com/saredigital/sarepost/internal/api/mcp.go:691.2,691.12 1 1
github.com/saredigital/sarepost/internal/api/mcp.go:694.40,695.16 1 31
github.com/saredigital/sarepost/internal/api/mcp.go:695.16,697.3 1 8
github.com/saredigital/sarepost/internal/api/mcp.go:698.2,698.37 1 23
github.com/saredigital/sarepost/internal/api/mcp.go:701.44,702.14 1 15
github.com/saredigital/sarepost/internal/api/mcp.go:702.14,704.3 1 15
github.com/saredigital/sarepost/internal/api/mcp.go:705.2,705.26 1 0
github.com/saredigital/sarepost/internal/api/mcp.go:708.39,709.16 1 3
github.com/saredigital/sarepost/internal/api/mcp.go:709.16,711.3 1 0
github.com/saredigital/sarepost/internal/api/mcp.go:712.2,712.29 1 3
github.com/saredigital/sarepost/internal/api/mcp.go:712.29,714.3 1 0
github.com/saredigital/sarepost/internal/api/mcp.go:715.2,715.14 1 3
github.com/saredigital/sarepost/internal/api/mcp.go:718.46,719.19 1 10
github.com/saredigital/sarepost/internal/api/mcp.go:719.19,721.3 1 6
github.com/saredigital/sarepost/internal/api/mcp.go:722.2,724.26 3 4
github.com/saredigital/sarepost/internal/api/mcp.go:724.26,726.15 2 4
github.com/saredigital/sarepost/internal/api/mcp.go:726.15,727.12 1 0
github.com/saredigital/sarepost/internal/api/mcp.go:729.3,729.28 1 4
github.com/saredigital/sarepost/internal/api/mcp.go:729.28,730.12 1 0
github.com/saredigital/sarepost/internal/api/mcp.go:732.3,733.24 2 4
github.com/saredigital/sarepost/internal/api/mcp.go:735.2,735.12 1 4
github.com/saredigital/sarepost/internal/api/mcp.go:738.166,744.9 5 54
github.com/saredigital/sarepost/internal/api/mcp.go:745.48,747.36 2 0
github.com/saredigital/sarepost/internal/api/mcp.go:748.26,750.36 2 1
github.com/saredigital/sarepost/internal/api/mcp.go:751.26,752.105 1 1
github.com/saredigital/sarepost/internal/api/mcp.go:753.23,755.42 2 1
github.com/saredigital/sarepost/internal/api/mcp.go:756.10,757.73 1 51
github.com/saredigital/sarepost/internal/api/mcp.go:760.2,761.22 2 54
github.com/saredigital/sarepost/internal/api/mcp.go:761.22,763.3 1 2
github.com/saredigital/sarepost/internal/api/mcp.go:764.2,770.22 3 54
github.com/saredigital/sarepost/internal/api/mcp.go:770.22,774.3 1 2
github.com/saredigital/sarepost/internal/api/mcp.go:775.2,780.16 2 54
github.com/saredigital/sarepost/internal/api/mcp.go:780.16,782.3 1 0
github.com/saredigital/sarepost/internal/api/mcp.go:782.8,784.3 1 54
github.com/saredigital/sarepost/internal/api/mcp.go:786.2,786.24 1 54
github.com/saredigital/sarepost/internal/api/mcp.go:786.24,792.3 1 1
github.com/saredigital/sarepost/internal/api/mcp.go:792.8,797.3 1 53
github.com/saredigital/sarepost/internal/api/mcp.go:799.2,799.80 1 54
github.com/saredigital/sarepost/internal/api/mcp.go:802.45,803.14 1 57
github.com/saredigital/sarepost/internal/api/mcp.go:803.14,805.3 1 0
github.com/saredigital/sarepost/internal/api/mcp.go:807.2,808.82 2 57
github.com/saredigital/sarepost/internal/api/mcp.go:808.82,809.33 1 2
github.com/saredigital/sarepost/internal/api/mcp.go:810.24,811.35 1 2
github.com/saredigital/sarepost/internal/api/mcp.go:813.8,813.25 1 55
github.com/saredigital/sarepost/internal/api/mcp.go:813.25,815.3 1 0
github.com/saredigital/sarepost/internal/api/mcp.go:817.2,818.16 2 57
github.com/saredigital/sarepost/internal/api/mcp.go:818.16,820.3 1 56
github.com/saredigital/sarepost/internal/api/mcp.go:821.2,821.16 1 57
github.com/saredigital/sarepost/internal/api/mcp.go:821.16,823.3 1 0
github.com/saredigital/sarepost/internal/api/mcp.go:825.2,825.30 1 57
github.com/saredigital/sarepost/internal/api/mcp.go:828.45,829.15 1 117
github.com/saredigital/sarepost/internal/api/mcp.go:829.15,831.3 1 114
github.com/saredigital/sarepost/internal/api/mcp.go:832.2,833.21 2 3
github.com/saredigital/sarepost/internal/api/mcp.go:833.21,835.3 1 0
github.com/saredigital/sarepost/internal/api/mcp.go:836.2,836.36 1 3
github.com/saredigital/sarepost/internal/api/mcp_accounts.go:57.146,59.16 2 0
github.com/saredigital/sarepost/internal/api/mcp_accounts.go:59.16,61.3 1 0
github.com/saredigital/sarepost/internal/api/mcp_accounts.go:62.2,65.8 1 0
github.com/saredigital/sarepost/internal/api/mcp_accounts.go:68.180,70.20 2 0
github.com/saredigital/sarepost/internal/api/mcp_accounts.go:70.20,72.3 1 0
github.com/saredigital/sarepost/internal/api/mcp_accounts.go:73.2,73.34 1 0
github.com/saredigital/sarepost/internal/api/mcp_accounts.go:73.34,75.3 1 0
github.com/saredigital/sarepost/internal/api/mcp_accounts.go:76.2,77.23 2 0
github.com/saredigital/sarepost/internal/api/mcp_accounts.go:77.23,79.3 1 0
github.com/saredigital/sarepost/internal/api/mcp_accounts.go:80.2,80.54 1 0
github.com/saredigital/sarepost/internal/api/mcp_accounts.go:80.54,82.3 1 0
github.com/saredigital/sarepost/internal/api/mcp_accounts.go:84.2,85.16 2 0
github.com/saredigital/sarepost/internal/api/mcp_accounts.go:85.16,87.3 1 0
github.com/saredigital/sarepost/internal/api/mcp_accounts.go:88.2,88.54 1 0
github.com/saredigital/sarepost/internal/api/mcp_accounts.go:88.54,90.3 1 0
github.com/saredigital/sarepost/internal/api/mcp_accounts.go:92.2,100.16 2 0
github.com/saredigital/sarepost/internal/api/mcp_accounts.go:100.16,102.3 1 0
github.com/saredigital/sarepost/internal/api/mcp_accounts.go:103.2,103.72 1 0
github.com/saredigital/sarepost/internal/api/mcp_accounts.go:103.72,105.3 1 0
github.com/saredigital/sarepost/internal/api/mcp_accounts.go:106.2,106.24 1 0
github.com/saredigital/sarepost/internal/api/mcp_accounts.go:106.24,107.86 1 0
github.com/saredigital/sarepost/internal/api/mcp_accounts.go:107.86,109.4 1 0
github.com/saredigital/sarepost/internal/api/mcp_accounts.go:110.3,111.17 2 0
github.com/saredigital/sarepost/internal/api/mcp_accounts.go:111.17,113.4 1 0
github.com/saredigital/sarepost/internal/api/mcp_accounts.go:116.2,116.65 1 0
github.com/saredigital/sarepost/internal/api/mcp_accounts.go:119.165,121.21 2 0
github.com/saredigital/sarepost/internal/api/mcp_accounts.go:121.21,123.3 1 0
github.com/saredigital/sarepost/internal/api/mcp_accounts.go:124.2,124.73 1 0
github.com/saredigital/sarepost/internal/api/mcp_accounts.go:124.73,125.36 1 0
github.com/saredigital/sarepost/internal/api/mcp_accounts.go:125.36,127.4 1 0
github.com/saredigital/sarepost/internal/api/mcp_accounts.go:128.3,128.44 1 0
github.com/saredigital/sarepost/internal/api/mcp_accounts.go:130.2,130.104 1 0
github.com/saredigital/sarepost/internal/api/mcp_accounts.go:130.104,131.44 1 0
github.com/saredigital/sarepost/internal/api/mcp_accounts.go:131.44,133.4 1 0
github.com/saredigital/sarepost/internal/api/mcp_accounts.go:134.3,134.44 1 0
github.com/saredigital/sarepost/internal/api/mcp_accounts.go:136.2,139.8 1 0
github.com/saredigital/sarepost/internal/api/mcp_accounts.go:142.168,144.21 2 0
github.com/saredigital/sarepost/internal/api/mcp_accounts.go:144.21,146.3 1 0
github.com/saredigital/sarepost/internal/api/mcp_accounts.go:147.2,147.66 1 0
github.com/saredigital/sarepost/internal/api/mcp_accounts.go:147.66,148.44 1 0
github.com/saredigital/sarepost/internal/api/mcp_accounts.go:148.44,150.4 1 0
github.com/saredigital/sarepost/internal/api/mcp_accounts.go:151.3,151.44 1 0
github.com/saredigital/sarepost/internal/api/mcp_accounts.go:153.2,156.8 1 0
github.com/saredigital/sarepost/internal/api/mcp_accounts.go:159.156,161.21 2 0
github.com/saredigital/sarepost/internal/api/mcp_accounts.go:161.21,163.3 1 0
github.com/saredigital/sarepost/internal/api/mcp_accounts.go:164.2,164.83 1 0
github.com/saredigital/sarepost/internal/api/mcp_accounts.go:164.83,165.10 1 0
github.com/saredigital/sarepost/internal/api/mcp_accounts.go:166.46,167.71 1 0
github.com/saredigital/sarepost/internal/api/mcp_accounts.go:168.50,169.104 1 0
github.com/saredigital/sarepost/internal/api/mcp_accounts.go:170.11,171.43 1 0
github.com/saredigital/sarepost/internal/api/mcp_accounts.go:174.2,177.8 1 0
github.com/saredigital/sarepost/internal/api/mcp_accounts.go:180.164,182.21 2 0
github.com/saredigital/sarepost/internal/api/mcp_accounts.go:182.21,184.3 1 0
github.com/saredigital/sarepost/internal/api/mcp_accounts.go:185.2,185.62 1 0
github.com/saredigital/sarepost/internal/api/mcp_accounts.go:185.62,186.10 1 0
github.com/saredigital/sarepost/internal/api/mcp_accounts.go:187.46,188.73 1 0
github.com/saredigital/sarepost/internal/api/mcp_accounts.go:189.51,190.90 1 0
github.com/saredigital/sarepost/internal/api/mcp_accounts.go:191.46,192.80 1 0
github.com/saredigital/sarepost/internal/api/mcp_accounts.go:193.11,194.89 1 0
github.com/saredigital/sarepost/internal/api/mcp_accounts.go:197.2,200.8 1 0
github.com/saredigital/sarepost/internal/api/mcp_health_settings.go:39.132,41.2 1 0
github.com/saredigital/sarepost/internal/api/mcp_health_settings.go:43.156,45.20 2 0
github.com/saredigital/sarepost/internal/api/mcp_health_settings.go:45.20,47.3 1 0
github.com/saredigital/sarepost/internal/api/mcp_health_settings.go:48.2,48.55 1 0
github.com/saredigital/sarepost/internal/api/mcp_health_settings.go:48.55,50.3 1 0
github.com/saredigital/sarepost/internal/api/mcp_health_settings.go:51.2,51.61 1 0
github.com/saredigital/sarepost/internal/api/mcp_health_settings.go:51.61,53.3 1 0
github.com/saredigital/sarepost/internal/api/mcp_health_settings.go:54.2,54.59 1 0
github.com/saredigital/sarepost/internal/api/mcp_health_settings.go:57.185,72.16 3 0
github.com/saredigital/sarepost/internal/api/mcp_health_settings.go:72.16,74.3 1 0
github.com/saredigital/sarepost/internal/api/mcp_health_settings.go:75.2,75.23 1 0
github.com/saredigital/sarepost/internal/api/mcp_media.go:32.156,34.16 2 2
github.com/saredigital/sarepost/internal/api/mcp_media.go:34.16,36.3 1 0
github.com/saredigital/sarepost/internal/api/mcp_media.go:38.2,39.16 2 2
github.com/saredigital/sarepost/internal/api/mcp_media.go:39.16,41.3 1 0
github.com/saredigital/sarepost/internal/api/mcp_media.go:42.2,42.23 1 2
github.com/saredigital/sarepost/internal/api/mcp_media.go:42.23,44.3 1 0
github.com/saredigital/sarepost/internal/api/mcp_media.go:46.2,47.16 2 2
github.com/saredigital/sarepost/internal/api/mcp_media.go:47.16,49.3 1 0
github.com/saredigital/sarepost/internal/api/mcp_media.go:50.2,51.16 2 2
github.com/saredigital/sarepost/internal/api/mcp_media.go:51.16,53.3 1 0
github.com/saredigital/sarepost/internal/api/mcp_media.go:55.2,56.55 2 2
github.com/saredigital/sarepost/internal/api/mcp_media.go:56.55,58.3 1 0
github.com/saredigital/sarepost/internal/api/mcp_media.go:59.2,60.66 2 2
github.com/saredigital/sarepost/internal/api/mcp_media.go:60.66,62.3 1 0
github.com/saredigital/sarepost/internal/api/mcp_media.go:64.2,65.16 2 2
github.com/saredigital/sarepost/internal/api/mcp_media.go:65.16,68.3 2 0
github.com/saredigital/sarepost/internal/api/mcp_media.go:70.2,78.16 2 2
github.com/saredigital/sarepost/internal/api/mcp_media.go:78.16,81.3 2 0
github.com/saredigital/sarepost/internal/api/mcp_media.go:83.2,89.8 1 2
github.com/saredigital/sarepost/internal/api/mcp_media.go:92.78,96.25 3 4
github.com/saredigital/sarepost/internal/api/mcp_media.go:96.25,98.3 1 0
github.com/saredigital/sarepost/internal/api/mcp_media.go:100.2,101.16 2 4
github.com/saredigital/sarepost/internal/api/mcp_media.go:101.16,103.3 1 0
github.com/saredigital/sarepost/internal/api/mcp_media.go:104.2,104.47 1 4
github.com/saredigital/sarepost/internal/api/mcp_media.go:104.47,106.3 1 1
github.com/saredigital/sarepost/internal/api/mcp_media.go:107.2,107.24 1 3
github.com/saredigital/sarepost/internal/api/mcp_media.go:107.24,109.3 1 0
github.com/saredigital/sarepost/internal/api/mcp_media.go:110.2,110.35 1 3
github.com/saredigital/sarepost/internal/api/mcp_media_manage.go:43.60,55.2 1 2
github.com/saredigital/sarepost/internal/api/mcp_media_manage.go:57.150,59.16 2 1
github.com/saredigital/sarepost/internal/api/mcp_media_manage.go:59.16,61.3 1 0
github.com/saredigital/sarepost/internal/api/mcp_media_manage.go:62.2,66.29 2 1
github.com/saredigital/sarepost/internal/api/mcp_media_manage.go:66.29,68.3 1 1
github.com/saredigital/sarepost/internal/api/mcp_media_manage.go:69.2,69.22 1 1
github.com/saredigital/sarepost/internal/api/mcp_media_manage.go:72.156,74.19 2 1
github.com/saredigital/sarepost/internal/api/mcp_media_manage.go:74.19,76.3 1 0
github.com/saredigital/sarepost/internal/api/mcp_media_manage.go:77.2,78.16 2 1
github.com/saredigital/sarepost/internal/api/mcp_media_manage.go:78.16,80.3 1 0
github.com/saredigital/sarepost/internal/api/mcp_media_manage.go:81.2,84.8 1 1
github.com/saredigital/sarepost/internal/api/mcp_posts_manage.go:63.153,65.18 2 0
github.com/saredigital/sarepost/internal/api/mcp_posts_manage.go:65.18,67.3 1 0
github.com/saredigital/sarepost/internal/api/mcp_posts_manage.go:68.2,69.48 2 0
github.com/saredigital/sarepost/internal/api/mcp_posts_manage.go:69.48,70.49 1 0
github.com/saredigital/sarepost/internal/api/mcp_posts_manage.go:70.49,72.4 1 0
github.com/saredigital/sarepost/internal/api/mcp_posts_manage.go:73.3,73.41 1 0
github.com/saredigital/sarepost/internal/api/mcp_posts_manage.go:75.2,79.8 1 0
github.com/saredigital/sarepost/internal/api/mcp_posts_manage.go:82.159,84.18 2 1
github.com/saredigital/sarepost/internal/api/mcp_posts_manage.go:84.18,86.3 1 0
github.com/saredigital/sarepost/internal/api/mcp_posts_manage.go:88.2,89.16 2 1
github.com/saredigital/sarepost/internal/api/mcp_posts_manage.go:89.16,91.3 1 0
github.com/saredigital/sarepost/internal/api/mcp_posts_manage.go:92.2,93.16 2 1
github.com/saredigital/sarepost/internal/api/mcp_posts_manage.go:93.16,95.3 1 0
github.com/saredigital/sarepost/internal/api/mcp_posts_manage.go:97.2,99.16 3 1
github.com/saredigital/sarepost/internal/api/mcp_posts_manage.go:99.16,100.10 1 0
github.com/saredigital/sarepost/internal/api/mcp_posts_manage.go:101.51,102.74 1 0
github.com/saredigital/sarepost/internal/api/mcp_posts_manage.go:103.54,104.79 1 0
github.com/saredigital/sarepost/internal/api/mcp_posts_manage.go:105.11,106.44 1 0
github.com/saredigital/sarepost/internal/api/mcp_posts_manage.go:109.2,113.8 1 1
github.com/saredigital/sarepost/internal/api/mcp_posts_manage.go:116.147,118.18 2 6
github.com/saredigital/sarepost/internal/api/mcp_posts_manage.go:118.18,120.3 1 0
github.com/saredigital/sarepost/internal/api/mcp_posts_manage.go:121.2,123.23 3 6
github.com/saredigital/sarepost/internal/api/mcp_posts_manage.go:123.23,125.3 1 0
github.com/saredigital/sarepost/internal/api/mcp_posts_manage.go:126.2,126.38 1 6
github.com/saredigital/sarepost/internal/api/mcp_posts_manage.go:126.38,128.3 1 0
github.com/saredigital/sarepost/internal/api/mcp_posts_manage.go:130.2,131.16 2 6
github.com/saredigital/sarepost/internal/api/mcp_posts_manage.go:131.16,133.3 1 0
github.com/saredigital/sarepost/internal/api/mcp_posts_manage.go:134.2,135.16 2 6
github.com/saredigital/sarepost/internal/api/mcp_posts_manage.go:135.16,137.3 1 0
github.com/saredigital/sarepost/internal/api/mcp_posts_manage.go:139.2,154.16 4 6
github.com/saredigital/sarepost/internal/api/mcp_posts_manage.go:154.16,155.10 1 1
github.com/saredigital/sarepost/internal/api/mcp_posts_manage.go:156.51,157.70 1 0
github.com/saredigital/sarepost/internal/api/mcp_posts_manage.go:158.49,159.67 1 0
github.com/saredigital/sarepost/internal/api/mcp_posts_manage.go:160.54,161.75 1 0
github.com/saredigital/sarepost/internal/api/mcp_posts_manage.go:162.11,163.40 1 1
github.com/saredigital/sarepost/internal/api/mcp_posts_manage.go:166.2,168.29 3 5
github.com/saredigital/sarepost/internal/api/mcp_posts_manage.go:168.29,170.3 1 5
github.com/saredigital/sarepost/internal/api/mcp_posts_manage.go:172.2,178.8 1 5
github.com/saredigital/sarepost/internal/api/mcp_posts_manage.go:181.153,183.18 2 1
github.com/saredigital/sarepost/internal/api/mcp_posts_manage.go:183.18,185.3 1 0
github.com/saredigital/sarepost/internal/api/mcp_posts_manage.go:186.2,187.56 2 1
github.com/saredigital/sarepost/internal/api/mcp_posts_manage.go:187.56,188.10 1 0
github.com/saredigital/sarepost/internal/api/mcp_posts_manage.go:189.51,190.72 1 0
github.com/saredigital/sarepost/internal/api/mcp_posts_manage.go:191.47,192.71 1 0
github.com/saredigital/sarepost/internal/api/mcp_posts_manage.go:193.11,194.42 1 0
github.com/saredigital/sarepost/internal/api/mcp_posts_manage.go:197.2,200.8 1 1
github.com/saredigital/sarepost/internal/api/media.go:36.40,38.2 1 20
github.com/saredigital/sarepost/internal/api/media.go:40.37,41.12 1 68
github.com/saredigital/sarepost/internal/api/media.go:41.12,43.3 1 50
github.com/saredigital/sarepost/internal/api/media.go:44.2,47.38 4 18
github.com/saredigital/sarepost/internal/api/media.go:47.38,50.3 2 2
github.com/saredigital/sarepost/internal/api/media.go:51.2,51.25 1 18
github.com/saredigital/sarepost/internal/api/media.go:51.25,53.3 1 16
github.com/saredigital/sarepost/internal/api/media.go:54.2,54.46 1 2
github.com/saredigital/sarepost/internal/api/media.go:57.101,58.16 1 14
github.com/saredigital/sarepost/internal/api/media.go:58.16,60.3 1 0
github.com/saredigital/sarepost/internal/api/media.go:61.2,67.31 7 14
github.com/saredigital/sarepost/internal/api/media.go:67.31,70.3 2 14
github.com/saredigital/sarepost/internal/api/media.go:71.2,85.3 1 14
github.com/saredigital/sarepost/internal/api/media.go:88.109,91.16 3 57
github.com/saredigital/sarepost/internal/api/media.go:91.16,93.3 1 0
github.com/saredigital/sarepost/internal/api/media.go:94.2,95.26 2 57
github.com/saredigital/sarepost/internal/api/media.go:95.26,97.3 1 6
github.com/saredigital/sarepost/internal/api/media.go:98.2,98.19 1 57
github.com/saredigital/sarepost/internal/api/media.go:101.113,104.16 3 7
github.com/saredigital/sarepost/internal/api/media.go:104.16,106.3 1 2
github.com/saredigital/sarepost/internal/api/media.go:107.2,107.55 1 5
github.com/saredigital/sarepost/internal/api/media.go:110.114,113.16 3 1
github.com/saredigital/sarepost/internal/api/media.go:113.16,115.3 1 0
github.com/saredigital/sarepost/internal/api/media.go:116.2,117.31 2 1
github.com/saredigital/sarepost/internal/api/media.go:117.31,119.3 1 3
github.com/saredigital/sarepost/internal/api/media.go:120.2,120.17 1 1
github.com/saredigital/sarepost/internal/api/media.go:123.73,125.69 2 2
github.com/saredigital/sarepost/internal/api/media.go:125.69,127.74 2 2
github.com/saredigital/sarepost/internal/api/media.go:127.74,130.4 2 0
github.com/saredigital/sarepost/internal/api/media.go:131.3,131.17 1 2
github.com/saredigital/sarepost/internal/api/media.go:134.2,135.16 2 2
github.com/saredigital/sarepost/internal/api/media.go:135.16,137.3 1 0
github.com/saredigital/sarepost/internal/api/media.go:138.2,139.16 2 2
github.com/saredigital/sarepost/internal/api/media.go:139.16,142.3 2 0
github.com/saredigital/sarepost/internal/api/media.go:143.2,146.4 1 2
github.com/saredigital/sarepost/internal/api/media.go:149.76,151.19 2 5
github.com/saredigital/sarepost/internal/api/media.go:151.19,154.3 2 0
github.com/saredigital/sarepost/internal/api/media.go:156.2,157.16 2 5
github.com/saredigital/sarepost/internal/api/media.go:157.16,158.66 1 0
github.com/saredigital/sarepost/internal/api/media.go:158.66,161.4 2 0
github.com/saredigital/sarepost/internal/api/media.go:162.3,163.9 2 0
github.com/saredigital/sarepost/internal/api/media.go:165.2,165.21 1 5
github.com/saredigital/sarepost/internal/api/media.go:165.21,168.3 2 0
github.com/saredigital/sarepost/internal/api/media.go:169.2,171.44 3 5
github.com/saredigital/sarepost/internal/api/media.go:171.44,173.3 1 4
github.com/saredigital/sarepost/internal/api/media.go:173.8,176.3 2 1
github.com/saredigital/sarepost/internal/api/media.go:177.2,177.48 1 5
github.com/saredigital/sarepost/internal/api/media.go:177.48,179.3 1 1
github.com/saredigital/sarepost/internal/api/media.go:180.2,180.40 1 5
github.com/saredigital/sarepost/internal/api/media.go:183.44,184.9 1 2
github.com/saredigital/sarepost/internal/api/media.go:185.51,186.31 1 0
github.com/saredigital/sarepost/internal/api/media.go:187.37,188.29 1 0
github.com/saredigital/sarepost/internal/api/media.go:189.40,190.29 1 2
github.com/saredigital/sarepost/internal/api/media.go:191.10,192.40 1 0
github.com/saredigital/sarepost/internal/api/media.go:196.48,197.9 1 2
github.com/saredigital/sarepost/internal/api/media.go:198.51,199.32 1 0
github.com/saredigital/sarepost/internal/api/media.go:200.37,201.27 1 0
github.com/saredigital/sarepost/internal/api/media.go:202.40,203.63 1 2
github.com/saredigital/sarepost/internal/api/media.go:204.10,205.40 1 0
github.com/saredigital/sarepost/internal/api/media.go:209.75,211.19 2 5
github.com/saredigital/sarepost/internal/api/media.go:211.19,214.3 2 0
github.com/saredigital/sarepost/internal/api/media.go:216.2,217.16 2 5
github.com/saredigital/sarepost/internal/api/media.go:217.16,219.3 1 0
github.com/saredigital/sarepost/internal/api/media.go:220.2,221.16 2 5
github.com/saredigital/sarepost/internal/api/media.go:221.16,224.3 2 2
github.com/saredigital/sarepost/internal/api/media.go:225.2,228.4 1 3
github.com/saredigital/sarepost/internal/api/media.go:231.79,232.38 1 1
github.com/saredigital/sarepost/internal/api/media.go:232.38,235.3 2 0
github.com/saredigital/sarepost/internal/api/media.go:236.2,238.20 3 1
github.com/saredigital/sarepost/internal/api/media.go:238.20,240.3 1 0
github.com/saredigital/sarepost/internal/api/media.go:241.2,242.16 2 1
github.com/saredigital/sarepost/internal/api/media.go:242.16,244.3 1 0
github.com/saredigital/sarepost/internal/api/media.go:245.2,245.74 1 1
github.com/saredigital/sarepost/internal/api/media.go:245.74,248.3 2 0
github.com/saredigital/sarepost/internal/api/media.go:249.2,249.102 1 1
github.com/saredigital/sarepost/internal/api/media.go:252.78,253.38 1 1
github.com/saredigital/sarepost/internal/api/media.go:253.38,256.3 2 0
github.com/saredigital/sarepost/internal/api/media.go:257.2,259.20 3 1
github.com/saredigital/sarepost/internal/api/media.go:259.20,261.3 1 0
github.com/saredigital/sarepost/internal/api/media.go:262.2,263.16 2 1
github.com/saredigital/sarepost/internal/api/media.go:263.16,265.3 1 0
github.com/saredigital/sarepost/internal/api/media.go:266.2,267.16 2 1
github.com/saredigital/sarepost/internal/api/media.go:267.16,270.3 2 0
github.com/saredigital/sarepost/internal/api/media.go:271.2,272.22 2 1
github.com/saredigital/sarepost/internal/api/media.go:272.22,274.3 1 1
github.com/saredigital/sarepost/internal/api/media.go:275.2,275.94 1 1
github.com/saredigital/sarepost/internal/api/middleware.go:33.83,39.2 1 1
github.com/saredigital/sarepost/internal/api/middleware.go:41.65,47.2 5 128
github.com/saredigital/sarepost/internal/api/middleware.go:49.74,50.71 1 128
github.com/saredigital/sarepost/internal/api/middleware.go:50.71,53.22 3 286
github.com/saredigital/sarepost/internal/api/middleware.go:53.22,55.4 1 286
github.com/saredigital/sarepost/internal/api/middleware.go:56.3,67.4 4 286
github.com/saredigital/sarepost/internal/api/middleware.go:71.64,75.57 4 128
github.com/saredigital/sarepost/internal/api/middleware.go:75.57,77.3 1 110
github.com/saredigital/sarepost/internal/api/middleware.go:78.2,78.71 1 18
github.com/saredigital/sarepost/internal/api/middleware.go:78.71,79.31 1 30
github.com/saredigital/sarepost/internal/api/middleware.go:79.31,82.4 2 0
github.com/saredigital/sarepost/internal/api/middleware.go:83.3,83.34 1 30
github.com/saredigital/sarepost/internal/api/middleware.go:83.34,86.4 2 1
github.com/saredigital/sarepost/internal/api/middleware.go:87.3,87.36 1 29
github.com/saredigital/sarepost/internal/api/middleware.go:87.36,90.4 2 1
github.com/saredigital/sarepost/internal/api/middleware.go:91.3,91.37 1 28
github.com/saredigital/sarepost/internal/api/middleware.go:91.37,94.4 2 1
github.com/saredigital/sarepost/internal/api/middleware.go:95.3,95.38 1 27
github.com/saredigital/sarepost/internal/api/middleware.go:95.38,98.4 2 0
github.com/saredigital/sarepost/internal/api/middleware.go:99.3,99.40 1 27
github.com/saredigital/sarepost/internal/api/middleware.go:99.40,102.4 2 11
github.com/saredigital/sarepost/internal/api/middleware.go:103.3,103.60 1 16
github.com/saredigital/sarepost/internal/api/middleware.go:103.60,106.4 2 3
github.com/saredigital/sarepost/internal/api/middleware.go:107.3,107.59 1 13
github.com/saredigital/sarepost/internal/api/middleware.go:107.59,108.46 1 4
github.com/saredigital/sarepost/internal/api/middleware.go:108.46,111.5 2 3
github.com/saredigital/sarepost/internal/api/middleware.go:112.4,112.24 1 1
github.com/saredigital/sarepost/internal/api/middleware.go:112.24,113.62 1 1
github.com/saredigital/sarepost/internal/api/middleware.go:113.62,116.6 2 1
github.com/saredigital/sarepost/internal/api/middleware.go:119.3,119.50 1 9
github.com/saredigital/sarepost/internal/api/middleware.go:119.50,122.4 2 3
github.com/saredigital/sarepost/internal/api/middleware.go:123.3,123.60 1 6
github.com/saredigital/sarepost/internal/api/middleware.go:123.60,126.4 2 0
github.com/saredigital/sarepost/internal/api/middleware.go:127.3,127.68 1 6
github.com/saredigital/sarepost/internal/api/middleware.go:127.68,130.4 2 1
github.com/saredigital/sarepost/internal/api/middleware.go:131.3,131.55 1 5
github.com/saredigital/sarepost/internal/api/middleware.go:131.55,132.61 1 2
github.com/saredigital/sarepost/internal/api/middleware.go:132.61,135.5 2 1
github.com/saredigital/sarepost/internal/api/middleware.go:136.4,137.34 2 1
github.com/saredigital/sarepost/internal/api/middleware.go:137.34,138.73 1 1
github.com/saredigital/sarepost/internal/api/middleware.go:138.73,140.6 1 1
github.com/saredigital/sarepost/internal/api/middleware.go:142.4,143.10 2 1
github.com/saredigital/sarepost/internal/api/middleware.go:145.3,145.28 1 3
github.com/saredigital/sarepost/internal/api/middleware.go:145.28,147.4 1 2
github.com/saredigital/sarepost/internal/api/middleware.go:147.9,147.26 1 1
github.com/saredigital/sarepost/internal/api/middleware.go:147.26,149.4 1 0
github.com/saredigital/sarepost/internal/api/middleware.go:150.3,150.69 1 3
github.com/saredigital/sarepost/internal/api/middleware.go:154.42,157.2 2 29
github.com/saredigital/sarepost/internal/api/middleware.go:159.43,162.2 2 28
github.com/saredigital/sarepost/internal/api/middleware.go:164.46,166.17 2 27
github.com/saredigital/sarepost/internal/api/middleware.go:167.236,168.14 1 11
github.com/saredigital/sarepost/internal/api/middleware.go:169.10,170.15 1 16
github.com/saredigital/sarepost/internal/api/middleware.go:174.34,177.2 2 30
github.com/saredigital/sarepost/internal/api/middleware.go:179.54,180.71 1 5
github.com/saredigital/sarepost/internal/api/middleware.go:180.71,182.3 1 0
github.com/saredigital/sarepost/internal/api/middleware.go:184.2,186.16 3 5
github.com/saredigital/sarepost/internal/api/middleware.go:186.16,188.3 1 0
github.com/saredigital/sarepost/internal/api/middleware.go:189.2,190.48 2 5
github.com/saredigital/sarepost/internal/api/middleware.go:190.48,192.3 1 0
github.com/saredigital/sarepost/internal/api/middleware.go:194.2,197.54 2 5
github.com/saredigital/sarepost/internal/api/middleware.go:197.54,199.3 1 5
github.com/saredigital/sarepost/internal/api/middleware.go:201.2,204.53 2 0
github.com/saredigital/sarepost/internal/api/middleware.go:204.53,206.3 1 0
github.com/saredigital/sarepost/internal/api/middleware.go:207.2,207.21 1 0
github.com/saredigital/sarepost/internal/api/middleware.go:207.21,209.3 1 0
github.com/saredigital/sarepost/internal/api/middleware.go:210.2,210.29 1 0
github.com/saredigital/sarepost/internal/api/middleware.go:210.29,211.41 1 0
github.com/saredigital/sarepost/internal/api/middleware.go:211.41,213.4 1 0
github.com/saredigital/sarepost/internal/api/middleware.go:215.2,215.13 1 0
github.com/saredigital/sarepost/internal/api/middleware.go:218.47,219.35 1 5
github.com/saredigital/sarepost/internal/api/middleware.go:220.71,221.14 1 3
github.com/saredigital/sarepost/internal/api/middleware.go:222.10,223.15 1 2
github.com/saredigital/sarepost/internal/api/middleware.go:227.69,228.25 1 128
github.com/saredigital/sarepost/internal/api/middleware.go:228.25,230.3 1 127
github.com/saredigital/sarepost/internal/api/middleware.go:231.2,232.71 2 1
github.com/saredigital/sarepost/internal/api/middleware.go:232.71,233.31 1 2
github.com/saredigital/sarepost/internal/api/middleware.go:233.31,236.4 2 0
github.com/saredigital/sarepost/internal/api/middleware.go:237.3,239.15 3 2
github.com/saredigital/sarepost/internal/api/middleware.go:239.15,243.4 3 1
github.com/saredigital/sarepost/internal/api/middleware.go:244.3,244.23 1 1
github.com/saredigital/sarepost/internal/api/middleware.go:248.86,253.37 4 2
github.com/saredigital/sarepost/internal/api/middleware.go:253.37,255.29 2 1
github.com/saredigital/sarepost/internal/api/middleware.go:255.29,256.32 1 0
github.com/saredigital/sarepost/internal/api/middleware.go:256.32,257.29 1 0
github.com/saredigital/sarepost/internal/api/middleware.go:257.29,259.6 1 0
github.com/saredigital/sarepost/internal/api/middleware.go:262.3,262.17 1 1
github.com/saredigital/sarepost/internal/api/middleware.go:264.2,264.28 1 1
github.com/saredigital/sarepost/internal/api/middleware.go:264.28,266.3 1 1
github.com/saredigital/sarepost/internal/api/middleware.go:267.2,269.16 3 0
github.com/saredigital/sarepost/internal/api/middleware.go:272.43,273.74 1 283
github.com/saredigital/sarepost/internal/api/middleware.go:273.74,275.3 1 0
github.com/saredigital/sarepost/internal/api/middleware.go:276.2,276.115 1 283
github.com/saredigital/sarepost/internal/api/middleware.go:276.115,278.3 1 0
github.com/saredigital/sarepost/internal/api/middleware.go:279.2,279.74 1 283
github.com/saredigital/sarepost/internal/api/middleware.go:279.74,282.3 2 0
github.com/saredigital/sarepost/internal/api/middleware.go:283.2,284.30 2 283
github.com/saredigital/sarepost/internal/api/middleware.go:284.30,286.3 1 283
github.com/saredigital/sarepost/internal/api/middleware.go:287.2,287.24 1 0
github.com/saredigital/sarepost/internal/api/middleware.go:287.24,289.3 1 0
github.com/saredigital/sarepost/internal/api/middleware.go:290.2,290.18 1 0
github.com/saredigital/sarepost/internal/api/middleware.go:293.49,294.74 1 288
github.com/saredigital/sarepost/internal/api/middleware.go:294.74,296.3 1 1
github.com/saredigital/sarepost/internal/api/middleware.go:297.2,297.115 1 287
github.com/saredigital/sarepost/internal/api/middleware.go:297.115,299.18 2 6
github.com/saredigital/sarepost/internal/api/middleware.go:299.18,301.4 1 6
github.com/saredigital/sarepost/internal/api/middleware.go:303.2,303.24 1 281
github.com/saredigital/sarepost/internal/api/middleware.go:306.44,309.2 2 7
github.com/saredigital/sarepost/internal/api/middleware.go:311.58,313.20 2 4
github.com/saredigital/sarepost/internal/api/middleware.go:313.20,315.3 1 0
github.com/saredigital/sarepost/internal/api/middleware.go:316.2,316.74 1 4
github.com/saredigital/sarepost/internal/api/middleware.go:316.74,318.3 1 0
github.com/saredigital/sarepost/internal/api/middleware.go:319.2,320.57 2 4
github.com/saredigital/sarepost/internal/api/middleware.go:320.57,323.3 2 3
github.com/saredigital/sarepost/internal/api/middleware.go:324.2,324.14 1 1
github.com/saredigital/sarepost/internal/api/middleware.go:327.67,329.44 2 13
github.com/saredigital/sarepost/internal/api/middleware.go:329.44,331.3 1 9
github.com/saredigital/sarepost/internal/api/middleware.go:332.2,333.59 2 4
github.com/saredigital/sarepost/internal/api/middleware.go:333.59,335.3 1 0
github.com/saredigital/sarepost/internal/api/middleware.go:336.2,336.27 1 4
github.com/saredigital/sarepost/internal/api/middleware.go:336.27,338.3 1 0
github.com/saredigital/sarepost/internal/api/middleware.go:339.2,339.58 1 4
github.com/saredigital/sarepost/internal/api/middleware.go:339.58,341.3 1 0
github.com/saredigital/sarepost/internal/api/middleware.go:342.2,342.134 1 4
github.com/saredigital/sarepost/internal/api/middleware.go:342.134,344.3 1 0
github.com/saredigital/sarepost/internal/api/middleware.go:345.2,346.19 2 4
github.com/saredigital/sarepost/internal/api/middleware.go:346.19,348.3 1 0
github.com/saredigital/sarepost/internal/api/middleware.go:349.2,349.22 1 4
github.com/saredigital/sarepost/internal/api/middleware.go:352.67,354.44 2 2
github.com/saredigital/sarepost/internal/api/middleware.go:354.44,356.3 1 0
github.com/saredigital/sarepost/internal/api/middleware.go:357.2,358.46 2 2
github.com/saredigital/sarepost/internal/api/middleware.go:358.46,360.3 1 1
github.com/saredigital/sarepost/internal/api/middleware.go:361.2,361.65 1 1
github.com/saredigital/sarepost/internal/api/middleware.go:364.44,366.44 2 27
github.com/saredigital/sarepost/internal/api/middleware.go:366.44,368.3 1 26
github.com/saredigital/sarepost/internal/api/middleware.go:369.2,369.48 1 1
github.com/saredigital/sarepost/internal/api/middleware.go:372.80,375.31 3 4
github.com/saredigital/sarepost/internal/api/middleware.go:375.31,377.3 1 2
github.com/saredigital/sarepost/internal/api/middleware.go:378.2,378.31 1 4
github.com/saredigital/sarepost/internal/api/middleware.go:378.31,380.3 1 1
github.com/saredigital/sarepost/internal/api/middleware.go:381.2,382.32 2 3
github.com/saredigital/sarepost/internal/api/middleware.go:382.32,384.3 1 0
github.com/saredigital/sarepost/internal/api/middleware.go:385.2,386.23 2 3
github.com/saredigital/sarepost/internal/api/middleware.go:386.23,388.3 1 0
github.com/saredigital/sarepost/internal/api/middleware.go:389.2,389.39 1 3
github.com/saredigital/sarepost/internal/api/middleware.go:389.39,391.3 1 0
github.com/saredigital/sarepost/internal/api/middleware.go:392.2,393.57 2 3
github.com/saredigital/sarepost/internal/api/middleware.go:396.60,398.9 2 1
github.com/saredigital/sarepost/internal/api/middleware.go:398.9,400.3 1 0
github.com/saredigital/sarepost/internal/api/middleware.go:401.2,401.31 1 1
github.com/saredigital/sarepost/internal/api/middleware.go:409.56,412.2 2 192
github.com/saredigital/sarepost/internal/api/middleware.go:414.33,416.43 2 286
github.com/saredigital/sarepost/internal/api/middleware.go:416.43,418.3 1 0
github.com/saredigital/sarepost/internal/api/middleware.go:419.2,419.42 1 286
github.com/saredigital/sarepost/internal/api/posts_handlers.go:34.74,36.16 2 82
github.com/saredigital/sarepost/internal/api/posts_handlers.go:36.16,37.15 1 0
github.com/saredigital/sarepost/internal/api/posts_handlers.go:37.15,40.4 2 0
github.com/saredigital/sarepost/internal/api/posts_handlers.go:41.3,42.9 2 0
github.com/saredigital/sarepost/internal/api/posts_handlers.go:45.2,46.26 2 82
github.com/saredigital/sarepost/internal/api/posts_handlers.go:46.26,47.15 1 0
github.com/saredigital/sarepost/internal/api/posts_handlers.go:47.15,50.4 2 0
github.com/saredigital/sarepost/internal/api/posts_handlers.go:51.3,52.9 2 0
github.com/saredigital/sarepost/internal/api/posts_handlers.go:55.2,57.23 3 82
github.com/saredigital/sarepost/internal/api/posts_handlers.go:57.23,59.3 1 3
github.com/saredigital/sarepost/internal/api/posts_handlers.go:60.2,60.38 1 82
github.com/saredigital/sarepost/internal/api/posts_handlers.go:60.38,61.15 1 0
github.com/saredigital/sarepost/internal/api/posts_handlers.go:61.15,64.4 2 0
github.com/saredigital/sarepost/internal/api/posts_handlers.go:65.3,66.9 2 0
github.com/saredigital/sarepost/internal/api/posts_handlers.go:69.2,70.16 2 82
github.com/saredigital/sarepost/internal/api/posts_handlers.go:70.16,71.15 1 0
github.com/saredigital/sarepost/internal/api/posts_handlers.go:71.15,74.4 2 0
github.com/saredigital/sarepost/internal/api/posts_handlers.go:75.3,76.9 2 0
github.com/saredigital/sarepost/internal/api/posts_handlers.go:78.2,79.16 2 82
github.com/saredigital/sarepost/internal/api/posts_handlers.go:79.16,80.15 1 1
github.com/saredigital/sarepost/internal/api/posts_handlers.go:80.15,83.4 2 0
github.com/saredigital/sarepost/internal/api/posts_handlers.go:84.3,85.9 2 1
github.com/saredigital/sarepost/internal/api/posts_handlers.go:87.2,87.14 1 81
github.com/saredigital/sarepost/internal/api/posts_handlers.go:87.14,89.17 2 6
github.com/saredigital/sarepost/internal/api/posts_handlers.go:90.16,91.29 1 3
github.com/saredigital/sarepost/internal/api/posts_handlers.go:92.19,93.28 1 0
github.com/saredigital/sarepost/internal/api/posts_handlers.go:93.28,96.5 2 0
github.com/saredigital/sarepost/internal/api/posts_handlers.go:97.22,98.34 1 1
github.com/saredigital/sarepost/internal/api/posts_handlers.go:102.2,117.16 4 81
github.com/saredigital/sarepost/internal/api/posts_handlers.go:117.16,119.15 2 1
github.com/saredigital/sarepost/internal/api/posts_handlers.go:119.15,122.4 2 1
github.com/saredigital/sarepost/internal/api/posts_handlers.go:123.3,124.9 2 0
github.com/saredigital/sarepost/internal/api/posts_handlers.go:127.2,127.14 1 80
github.com/saredigital/sarepost/internal/api/posts_handlers.go:127.14,129.31 2 5
github.com/saredigital/sarepost/internal/api/posts_handlers.go:129.31,130.34 1 1
github.com/saredigital/sarepost/internal/api/posts_handlers.go:130.34,132.5 1 1
github.com/saredigital/sarepost/internal/api/posts_handlers.go:132.10,134.5 1 0
github.com/saredigital/sarepost/internal/api/posts_handlers.go:135.9,135.40 1 4
github.com/saredigital/sarepost/internal/api/posts_handlers.go:135.40,137.4 1 4
github.com/saredigital/sarepost/internal/api/posts_handlers.go:138.3,139.9 2 5
github.com/saredigital/sarepost/internal/api/posts_handlers.go:142.2,142.31 1 75
github.com/saredigital/sarepost/internal/api/posts_handlers.go:142.31,143.33 1 72
github.com/saredigital/sarepost/internal/api/posts_handlers.go:143.33,146.4 2 71
github.com/saredigital/sarepost/internal/api/posts_handlers.go:147.3,148.9 2 1
github.com/saredigital/sarepost/internal/api/posts_handlers.go:151.2,152.39 2 3
github.com/saredigital/sarepost/internal/api/posts_handlers.go:152.39,154.3 1 6
github.com/saredigital/sarepost/internal/api/posts_handlers.go:155.2,157.23 3 3
github.com/saredigital/sarepost/internal/api/posts_handlers.go:157.23,159.40 2 3
github.com/saredigital/sarepost/internal/api/posts_handlers.go:159.40,160.37 1 3
github.com/saredigital/sarepost/internal/api/posts_handlers.go:160.37,162.10 2 3
github.com/saredigital/sarepost/internal/api/posts_handlers.go:166.2,166.32 1 3
github.com/saredigital/sarepost/internal/api/posts_handlers.go:166.32,172.21 2 3
github.com/saredigital/sarepost/internal/api/posts_handlers.go:172.21,175.4 2 3
github.com/saredigital/sarepost/internal/api/posts_handlers.go:176.3,177.9 2 3
github.com/saredigital/sarepost/internal/api/posts_handlers.go:179.2,184.20 2 0
github.com/saredigital/sarepost/internal/api/posts_handlers.go:184.20,187.3 2 0
github.com/saredigital/sarepost/internal/api/posts_handlers.go:188.2,188.38 1 0
github.com/saredigital/sarepost/internal/api/posts_handlers.go:191.65,192.68 1 1
github.com/saredigital/sarepost/internal/api/posts_handlers.go:192.68,194.3 1 0
github.com/saredigital/sarepost/internal/api/posts_handlers.go:195.2,195.37 1 1
github.com/saredigital/sarepost/internal/api/posts_handlers.go:195.37,197.3 1 1
github.com/saredigital/sarepost/internal/api/posts_handlers.go:198.2,198.52 1 0
github.com/saredigital/sarepost/internal/api/posts_handlers.go:201.76,203.16 2 7
github.com/saredigital/sarepost/internal/api/posts_handlers.go:203.16,206.3 2 0
github.com/saredigital/sarepost/internal/api/posts_handlers.go:207.2,208.16 2 7
github.com/saredigital/sarepost/internal/api/posts_handlers.go:208.16,211.3 2 0
github.com/saredigital/sarepost/internal/api/posts_handlers.go:213.2,215.16 3 7
github.com/saredigital/sarepost/internal/api/posts_handlers.go:215.16,218.3 2 0
github.com/saredigital/sarepost/internal/api/posts_handlers.go:219.2,224.44 2 7
github.com/saredigital/sarepost/internal/api/posts_handlers.go:224.44,229.3 4 1
github.com/saredigital/sarepost/internal/api/posts_handlers.go:230.2,232.38 3 6
github.com/saredigital/sarepost/internal/api/posts_handlers.go:235.78,237.69 2 2
github.com/saredigital/sarepost/internal/api/posts_handlers.go:237.69,239.82 2 2
github.com/saredigital/sarepost/internal/api/posts_handlers.go:239.82,242.4 2 1
github.com/saredigital/sarepost/internal/api/posts_handlers.go:243.3,243.36 1 1
github.com/saredigital/sarepost/internal/api/posts_handlers.go:246.2,247.16 2 1
github.com/saredigital/sarepost/internal/api/posts_handlers.go:247.16,250.3 2 0
github.com/saredigital/sarepost/internal/api/posts_handlers.go:252.2,255.4 1 1
github.com/saredigital/sarepost/internal/api/posts_handlers.go:258.75,259.47 1 8
github.com/saredigital/sarepost/internal/api/posts_handlers.go:259.47,262.3 2 0
github.com/saredigital/sarepost/internal/api/posts_handlers.go:263.2,263.9 1 8
github.com/saredigital/sarepost/internal/api/posts_handlers.go:264.48,265.27 1 0
github.com/saredigital/sarepost/internal/api/posts_handlers.go:266.50,267.34 1 1
github.com/saredigital/sarepost/internal/api/posts_handlers.go:268.46,269.25 1 4
github.com/saredigital/sarepost/internal/api/posts_handlers.go:270.48,271.27 1 3
github.com/saredigital/sarepost/internal/api/posts_handlers.go:272.10,273.62 1 0
github.com/saredigital/sarepost/internal/api/posts_handlers.go:277.74,279.16 2 0
github.com/saredigital/sarepost/internal/api/posts_handlers.go:279.16,282.3 2 0
github.com/saredigital/sarepost/internal/api/posts_handlers.go:283.2,284.56 2 0
github.com/saredigital/sarepost/internal/api/posts_handlers.go:284.56,285.49 1 0
github.com/saredigital/sarepost/internal/api/posts_handlers.go:285.49,288.4 2 0
github.com/saredigital/sarepost/internal/api/posts_handlers.go:289.3,290.9 2 0
github.com/saredigital/sarepost/internal/api/posts_handlers.go:292.2,292.107 1 0
github.com/saredigital/sarepost/internal/api/posts_handlers.go:295.74,297.16 2 3
github.com/saredigital/sarepost/internal/api/posts_handlers.go:297.16,300.3 2 0
github.com/saredigital/sarepost/internal/api/posts_handlers.go:301.2,302.14 2 3
github.com/saredigital/sarepost/internal/api/posts_handlers.go:302.14,303.39 1 3
github.com/saredigital/sarepost/internal/api/posts_handlers.go:303.39,306.4 2 0
github.com/saredigital/sarepost/internal/api/posts_handlers.go:308.2,309.20 2 3
github.com/saredigital/sarepost/internal/api/posts_handlers.go:309.20,311.3 1 0
github.com/saredigital/sarepost/internal/api/posts_handlers.go:313.2,314.14 2 3
github.com/saredigital/sarepost/internal/api/posts_handlers.go:314.14,316.19 2 3
github.com/saredigital/sarepost/internal/api/posts_handlers.go:316.19,319.27 3 1
github.com/saredigital/sarepost/internal/api/posts_handlers.go:319.27,320.63 1 2
github.com/saredigital/sarepost/internal/api/posts_handlers.go:320.63,322.14 2 0
github.com/saredigital/sarepost/internal/api/posts_handlers.go:324.5,324.19 1 2
github.com/saredigital/sarepost/internal/api/posts_handlers.go:326.4,326.25 1 1
github.com/saredigital/sarepost/internal/api/posts_handlers.go:326.25,329.5 2 0
github.com/saredigital/sarepost/internal/api/posts_handlers.go:330.4,331.24 2 1
github.com/saredigital/sarepost/internal/api/posts_handlers.go:331.24,333.5 1 1
github.com/saredigital/sarepost/internal/api/posts_handlers.go:334.4,335.23 2 1
github.com/saredigital/sarepost/internal/api/posts_handlers.go:335.23,337.5 1 0
github.com/saredigital/sarepost/internal/api/posts_handlers.go:338.4,339.10 2 1
github.com/saredigital/sarepost/internal/api/posts_handlers.go:343.2,343.64 1 2
github.com/saredigital/sarepost/internal/api/posts_handlers.go:343.64,344.15 1 1
github.com/saredigital/sarepost/internal/api/posts_handlers.go:344.15,347.4 2 1
github.com/saredigital/sarepost/internal/api/posts_handlers.go:348.3,348.49 1 0
github.com/saredigital/sarepost/internal/api/posts_handlers.go:348.49,351.4 2 0
github.com/saredigital/sarepost/internal/api/posts_handlers.go:352.3,352.45 1 0
github.com/saredigital/sarepost/internal/api/posts_handlers.go:352.45,355.4 2 0
github.com/saredigital/sarepost/internal/api/posts_handlers.go:356.3,357.9 2 0
github.com/saredigital/sarepost/internal/api/posts_handlers.go:360.2,360.14 1 1
github.com/saredigital/sarepost/internal/api/posts_handlers.go:360.14,363.3 2 1
github.com/saredigital/sarepost/internal/api/posts_handlers.go:364.2,364.76 1 0
github.com/saredigital/sarepost/internal/api/posts_handlers.go:367.45,368.19 1 19
github.com/saredigital/sarepost/internal/api/posts_handlers.go:368.19,370.3 1 16
github.com/saredigital/sarepost/internal/api/posts_handlers.go:371.2,373.26 3 3
github.com/saredigital/sarepost/internal/api/posts_handlers.go:373.26,375.15 2 6
github.com/saredigital/sarepost/internal/api/posts_handlers.go:375.15,376.12 1 0
github.com/saredigital/sarepost/internal/api/posts_handlers.go:378.3,378.28 1 6
github.com/saredigital/sarepost/internal/api/posts_handlers.go:378.28,379.12 1 0
github.com/saredigital/sarepost/internal/api/posts_handlers.go:381.3,382.24 2 6
github.com/saredigital/sarepost/internal/api/posts_handlers.go:384.2,384.12 1 3
github.com/saredigital/sarepost/internal/api/posts_handlers.go:387.94,390.47 3 4
github.com/saredigital/sarepost/internal/api/posts_handlers.go:390.47,392.3 1 3
github.com/saredigital/sarepost/internal/api/posts_handlers.go:393.2,394.16 2 1
github.com/saredigital/sarepost/internal/api/posts_handlers.go:394.16,396.3 1 0
github.com/saredigital/sarepost/internal/api/posts_handlers.go:397.2,398.25 2 1
github.com/saredigital/sarepost/internal/api/posts_handlers.go:398.25,400.3 1 0
github.com/saredigital/sarepost/internal/api/posts_handlers.go:401.2,401.22 1 1
github.com/saredigital/sarepost/internal/api/posts_handlers.go:401.22,403.3 1 1
github.com/saredigital/sarepost/internal/api/posts_handlers.go:404.2,405.24 2 1
github.com/saredigital/sarepost/internal/api/posts_handlers.go:408.81,410.16 2 1
github.com/saredigital/sarepost/internal/api/posts_handlers.go:410.16,413.3 2 0
github.com/saredigital/sarepost/internal/api/posts_handlers.go:414.2,415.16 2 1
github.com/saredigital/sarepost/internal/api/posts_handlers.go:415.16,418.3 2 0
github.com/saredigital/sarepost/internal/api/posts_handlers.go:420.2,421.26 2 1
github.com/saredigital/sarepost/internal/api/posts_handlers.go:421.26,423.21 2 1
github.com/saredigital/sarepost/internal/api/posts_handlers.go:423.21,425.18 2 0
github.com/saredigital/sarepost/internal/api/posts_handlers.go:425.18,427.5 1 0
github.com/saredigital/sarepost/internal/api/posts_handlers.go:430.2,430.26 1 1
github.com/saredigital/sarepost/internal/api/posts_handlers.go:430.26,434.63 2 1
github.com/saredigital/sarepost/internal/api/posts_handlers.go:434.63,436.4 1 1
github.com/saredigital/sarepost/internal/api/posts_handlers.go:438.2,438.26 1 1
github.com/saredigital/sarepost/internal/api/posts_handlers.go:438.26,441.3 2 0
github.com/saredigital/sarepost/internal/api/posts_handlers.go:442.2,443.16 2 1
github.com/saredigital/sarepost/internal/api/posts_handlers.go:443.16,446.3 2 0
github.com/saredigital/sarepost/internal/api/posts_handlers.go:447.2,449.48 3 1
github.com/saredigital/sarepost/internal/api/posts_handlers.go:449.48,452.3 2 0
github.com/saredigital/sarepost/internal/api/posts_handlers.go:453.2,453.51 1 1
github.com/saredigital/sarepost/internal/api/posts_handlers.go:453.51,456.3 2 0
github.com/saredigital/sarepost/internal/api/posts_handlers.go:457.2,457.16 1 1
github.com/saredigital/sarepost/internal/api/posts_handlers.go:457.16,460.3 2 0
github.com/saredigital/sarepost/internal/api/posts_handlers.go:461.2,461.104 1 1
github.com/saredigital/sarepost/internal/api/posts_handlers.go:464.72,466.16 2 4
github.com/saredigital/sarepost/internal/api/posts_handlers.go:466.16,469.3 2 0
github.com/saredigital/sarepost/internal/api/posts_handlers.go:470.2,475.16 6 4
github.com/saredigital/sarepost/internal/api/posts_handlers.go:475.16,476.15 1 0
github.com/saredigital/sarepost/internal/api/posts_handlers.go:476.15,480.4 3 0
github.com/saredigital/sarepost/internal/api/posts_handlers.go:481.3,482.9 2 0
github.com/saredigital/sarepost/internal/api/posts_handlers.go:484.2,490.26 7 4
github.com/saredigital/sarepost/internal/api/posts_handlers.go:490.26,492.3 1 4
github.com/saredigital/sarepost/internal/api/posts_handlers.go:493.2,493.14 1 4
github.com/saredigital/sarepost/internal/api/posts_handlers.go:493.14,494.49 1 4
github.com/saredigital/sarepost/internal/api/posts_handlers.go:494.49,496.43 2 0
github.com/saredigital/sarepost/internal/api/posts_handlers.go:496.43,498.22 2 0
github.com/saredigital/sarepost/internal/api/posts_handlers.go:498.22,499.14 1 0
github.com/saredigital/sarepost/internal/api/posts_handlers.go:501.5,501.41 1 0
github.com/saredigital/sarepost/internal/api/posts_handlers.go:505.2,505.87 1 4
github.com/saredigital/sarepost/internal/api/posts_handlers.go:505.87,506.49 1 1
github.com/saredigital/sarepost/internal/api/posts_handlers.go:506.49,507.16 1 0
github.com/saredigital/sarepost/internal/api/posts_handlers.go:507.16,511.5 3 0
github.com/saredigital/sarepost/internal/api/posts_handlers.go:512.4,513.10 2 0
github.com/saredigital/sarepost/internal/api/posts_handlers.go:515.3,516.70 2 1
github.com/saredigital/sarepost/internal/api/posts_handlers.go:516.70,517.16 1 0
github.com/saredigital/sarepost/internal/api/posts_handlers.go:517.16,521.5 3 0
github.com/saredigital/sarepost/internal/api/posts_handlers.go:522.4,523.10 2 0
github.com/saredigital/sarepost/internal/api/posts_handlers.go:525.3,525.49 1 1
github.com/saredigital/sarepost/internal/api/posts_handlers.go:527.2,527.15 1 4
github.com/saredigital/sarepost/internal/api/posts_handlers.go:527.15,538.63 2 0
github.com/saredigital/sarepost/internal/api/posts_handlers.go:538.63,539.18 1 0
github.com/saredigital/sarepost/internal/api/posts_handlers.go:539.18,541.5 1 0
github.com/saredigital/sarepost/internal/api/posts_handlers.go:542.4,542.20 1 0
github.com/saredigital/sarepost/internal/api/posts_handlers.go:542.20,544.5 1 0
github.com/saredigital/sarepost/internal/api/posts_handlers.go:545.4,545.28 1 0
github.com/saredigital/sarepost/internal/api/posts_handlers.go:545.28,547.5 1 0
github.com/saredigital/sarepost/internal/api/posts_handlers.go:548.4,548.25 1 0
github.com/saredigital/sarepost/internal/api/posts_handlers.go:548.25,550.5 1 0
github.com/saredigital/sarepost/internal/api/posts_handlers.go:551.4,551.28 1 0
github.com/saredigital/sarepost/internal/api/posts_handlers.go:551.28,553.5 1 0
github.com/saredigital/sarepost/internal/api/posts_handlers.go:554.4,554.28 1 0
github.com/saredigital/sarepost/internal/api/posts_handlers.go:554.28,556.5 1 0
github.com/saredigital/sarepost/internal/api/posts_handlers.go:557.4,557.28 1 0
github.com/saredigital/sarepost/internal/api/posts_handlers.go:557.28,560.46 3 0
github.com/saredigital/sarepost/internal/api/posts_handlers.go:560.46,562.23 2 0
github.com/saredigital/sarepost/internal/api/posts_handlers.go:562.23,563.15 1 0
github.com/saredigital/sarepost/internal/api/posts_handlers.go:565.6,565.42 1 0
github.com/saredigital/sarepost/internal/api/posts_handlers.go:568.4,568.29 1 0
github.com/saredigital/sarepost/internal/api/posts_handlers.go:568.29,570.5 1 0
github.com/saredigital/sarepost/internal/api/posts_handlers.go:573.2,574.23 2 4
github.com/saredigital/sarepost/internal/api/posts_handlers.go:574.23,576.3 1 1
github.com/saredigital/sarepost/internal/api/posts_handlers.go:577.2,577.38 1 4
github.com/saredigital/sarepost/internal/api/posts_handlers.go:577.38,578.15 1 0
github.com/saredigital/sarepost/internal/api/posts_handlers.go:578.15,582.4 3 0
github.com/saredigital/sarepost/internal/api/posts_handlers.go:583.3,584.9 2 0
github.com/saredigital/sarepost/internal/api/posts_handlers.go:586.2,587.26 2 4
github.com/saredigital/sarepost/internal/api/posts_handlers.go:587.26,589.17 2 1
github.com/saredigital/sarepost/internal/api/posts_handlers.go:589.17,590.16 1 0
github.com/saredigital/sarepost/internal/api/posts_handlers.go:590.16,594.5 3 0
github.com/saredigital/sarepost/internal/api/posts_handlers.go:595.4,596.10 2 0
github.com/saredigital/sarepost/internal/api/posts_handlers.go:598.3,598.23 1 1
github.com/saredigital/sarepost/internal/api/posts_handlers.go:600.2,614.51 3 4
github.com/saredigital/sarepost/internal/api/posts_handlers.go:614.51,615.15 1 0
github.com/saredigital/sarepost/internal/api/posts_handlers.go:615.15,619.4 3 0
github.com/saredigital/sarepost/internal/api/posts_handlers.go:620.3,621.9 2 0
github.com/saredigital/sarepost/internal/api/posts_handlers.go:623.2,623.16 1 4
github.com/saredigital/sarepost/internal/api/posts_handlers.go:623.16,624.15 1 1
github.com/saredigital/sarepost/internal/api/posts_handlers.go:624.15,628.4 3 1
github.com/saredigital/sarepost/internal/api/posts_handlers.go:629.3,630.9 2 0
github.com/saredigital/sarepost/internal/api/posts_handlers.go:632.2,633.15 2 3
github.com/saredigital/sarepost/internal/api/posts_handlers.go:633.15,634.21 1 0
github.com/saredigital/sarepost/internal/api/posts_handlers.go:634.21,643.4 2 0
github.com/saredigital/sarepost/internal/api/posts_handlers.go:644.3,645.9 2 0
github.com/saredigital/sarepost/internal/api/posts_handlers.go:647.2,648.32 2 3
github.com/saredigital/sarepost/internal/api/posts_handlers.go:648.32,650.3 1 3
github.com/saredigital/sarepost/internal/api/posts_handlers.go:651.2,652.104 2 3
github.com/saredigital/sarepost/internal/api/posts_handlers.go:655.75,656.19 1 94
github.com/saredigital/sarepost/internal/api/posts_handlers.go:656.19,658.3 1 90
github.com/saredigital/sarepost/internal/api/posts_handlers.go:659.2,660.30 2 4
github.com/saredigital/sarepost/internal/api/posts_handlers.go:660.30,662.17 2 8
github.com/saredigital/sarepost/internal/api/posts_handlers.go:662.17,663.12 1 0
github.com/saredigital/sarepost/internal/api/posts_handlers.go:665.3,666.44 2 8
github.com/saredigital/sarepost/internal/api/posts_handlers.go:666.44,668.21 2 1
github.com/saredigital/sarepost/internal/api/posts_handlers.go:668.21,669.13 1 0
github.com/saredigital/sarepost/internal/api/posts_handlers.go:671.4,671.40 1 1
github.com/saredigital/sarepost/internal/api/posts_handlers.go:673.3,676.5 1 8
github.com/saredigital/sarepost/internal/api/posts_handlers.go:678.2,678.17 1 4
github.com/saredigital/sarepost/internal/api/posts_parse.go:18.79,20.20 2 82
github.com/saredigital/sarepost/internal/api/posts_parse.go:20.20,22.3 1 0
github.com/saredigital/sarepost/internal/api/posts_parse.go:23.2,23.44 1 82
github.com/saredigital/sarepost/internal/api/posts_parse.go:23.44,25.3 1 0
github.com/saredigital/sarepost/internal/api/posts_parse.go:26.2,32.63 5 82
github.com/saredigital/sarepost/internal/api/posts_parse.go:32.63,34.55 2 76
github.com/saredigital/sarepost/internal/api/posts_parse.go:34.55,36.4 1 0
github.com/saredigital/sarepost/internal/api/posts_parse.go:37.3,39.40 3 76
github.com/saredigital/sarepost/internal/api/posts_parse.go:39.40,41.16 2 0
github.com/saredigital/sarepost/internal/api/posts_parse.go:41.16,42.13 1 0
github.com/saredigital/sarepost/internal/api/posts_parse.go:44.4,44.45 1 0
github.com/saredigital/sarepost/internal/api/posts_parse.go:46.3,48.54 3 76
github.com/saredigital/sarepost/internal/api/posts_parse.go:48.54,50.4 1 76
github.com/saredigital/sarepost/internal/api/posts_parse.go:51.3,51.53 1 76
github.com/saredigital/sarepost/internal/api/posts_parse.go:51.53,53.4 1 0
github.com/saredigital/sarepost/internal/api/posts_parse.go:54.3,54.25 1 76
github.com/saredigital/sarepost/internal/api/posts_parse.go:57.2,57.38 1 6
github.com/saredigital/sarepost/internal/api/posts_parse.go:57.38,59.3 1 0
github.com/saredigital/sarepost/internal/api/posts_parse.go:60.2,66.46 2 6
github.com/saredigital/sarepost/internal/api/posts_parse.go:66.46,68.15 2 4
github.com/saredigital/sarepost/internal/api/posts_parse.go:68.15,69.12 1 0
github.com/saredigital/sarepost/internal/api/posts_parse.go:71.3,71.46 1 4
github.com/saredigital/sarepost/internal/api/posts_parse.go:73.2,74.53 2 6
github.com/saredigital/sarepost/internal/api/posts_parse.go:74.53,76.3 1 4
github.com/saredigital/sarepost/internal/api/posts_parse.go:77.2,77.52 1 6
github.com/saredigital/sarepost/internal/api/posts_parse.go:77.52,79.3 1 0
github.com/saredigital/sarepost/internal/api/posts_parse.go:80.2,80.76 1 6
github.com/saredigital/sarepost/internal/api/posts_parse.go:80.76,82.3 1 2
github.com/saredigital/sarepost/internal/api/posts_parse.go:82.8,84.3 1 4
github.com/saredigital/sarepost/internal/api/posts_parse.go:85.2,85.44 1 6
github.com/saredigital/sarepost/internal/api/posts_parse.go:85.44,87.15 2 1
github.com/saredigital/sarepost/internal/api/posts_parse.go:87.15,88.12 1 0
github.com/saredigital/sarepost/internal/api/posts_parse.go:90.3,90.42 1 1
github.com/saredigital/sarepost/internal/api/posts_parse.go:92.2,92.87 1 6
github.com/saredigital/sarepost/internal/api/posts_parse.go:92.87,94.70 2 0
github.com/saredigital/sarepost/internal/api/posts_parse.go:94.70,96.4 1 0
github.com/saredigital/sarepost/internal/api/posts_parse.go:97.3,97.50 1 0
github.com/saredigital/sarepost/internal/api/posts_parse.go:99.2,99.23 1 6
github.com/saredigital/sarepost/internal/api/posts_parse.go:102.76,103.19 1 84
github.com/saredigital/sarepost/internal/api/posts_parse.go:103.19,105.3 1 79
github.com/saredigital/sarepost/internal/api/posts_parse.go:106.2,107.30 2 5
github.com/saredigital/sarepost/internal/api/posts_parse.go:107.30,109.17 2 509
github.com/saredigital/sarepost/internal/api/posts_parse.go:109.17,110.12 1 0
github.com/saredigital/sarepost/internal/api/posts_parse.go:112.3,113.47 2 509
github.com/saredigital/sarepost/internal/api/posts_parse.go:113.47,115.21 2 1
github.com/saredigital/sarepost/internal/api/posts_parse.go:115.21,116.13 1 0
github.com/saredigital/sarepost/internal/api/posts_parse.go:118.4,118.54 1 1
github.com/saredigital/sarepost/internal/api/posts_parse.go:120.3,123.5 1 509
github.com/saredigital/sarepost/internal/api/posts_parse.go:125.2,125.12 1 5
github.com/saredigital/sarepost/internal/api/posts_parse.go:128.59,130.2 1 0
github.com/saredigital/sarepost/internal/api/posts_parse.go:132.89,134.15 2 92
github.com/saredigital/sarepost/internal/api/posts_parse.go:134.15,136.3 1 22
github.com/saredigital/sarepost/internal/api/posts_parse.go:137.2,137.16 1 70
github.com/saredigital/sarepost/internal/api/posts_parse.go:137.16,139.3 1 0
github.com/saredigital/sarepost/internal/api/posts_parse.go:141.2,141.88 1 70
github.com/saredigital/sarepost/internal/api/posts_parse.go:141.88,143.3 1 3
github.com/saredigital/sarepost/internal/api/posts_parse.go:145.2,146.16 2 67
github.com/saredigital/sarepost/internal/api/posts_parse.go:146.16,148.3 1 1
github.com/saredigital/sarepost/internal/api/posts_parse.go:149.2,149.26 1 66
github.com/saredigital/sarepost/internal/api/posts_parse.go:152.98,155.37 3 10
github.com/saredigital/sarepost/internal/api/posts_parse.go:155.37,157.3 1 4
github.com/saredigital/sarepost/internal/api/posts_parse.go:158.2,158.39 1 10
github.com/saredigital/sarepost/internal/api/posts_parse.go:158.39,160.3 1 0
github.com/saredigital/sarepost/internal/api/posts_parse.go:161.2,161.35 1 10
github.com/saredigital/sarepost/internal/api/posts_parse.go:161.35,163.3 1 5
github.com/saredigital/sarepost/internal/api/posts_parse.go:164.2,164.47 1 10
github.com/saredigital/sarepost/internal/api/posts_parse.go:164.47,166.3 1 3
github.com/saredigital/sarepost/internal/api/posts_parse.go:167.2,167.39 1 10
github.com/saredigital/sarepost/internal/api/posts_parse.go:167.39,169.3 1 2
github.com/saredigital/sarepost/internal/api/posts_parse.go:170.2,170.41 1 10
github.com/saredigital/sarepost/internal/api/posts_parse.go:170.41,172.3 1 8
github.com/saredigital/sarepost/internal/api/posts_parse.go:173.2,173.26 1 10
github.com/saredigital/sarepost/internal/api/settings_handlers.go:15.75,21.14 5 10
github.com/saredigital/sarepost/internal/api/settings_handlers.go:21.14,22.39 1 10
github.com/saredigital/sarepost/internal/api/settings_handlers.go:22.39,25.4 2 0
github.com/saredigital/sarepost/internal/api/settings_handlers.go:26.3,28.21 3 10
github.com/saredigital/sarepost/internal/api/settings_handlers.go:28.21,30.4 1 10
github.com/saredigital/sarepost/internal/api/settings_handlers.go:31.8,35.63 2 0
github.com/saredigital/sarepost/internal/api/settings_handlers.go:35.63,38.4 2 0
github.com/saredigital/sarepost/internal/api/settings_handlers.go:39.3,39.46 1 0
github.com/saredigital/sarepost/internal/api/settings_handlers.go:42.2,42.20 1 10
github.com/saredigital/sarepost/internal/api/settings_handlers.go:42.20,43.15 1 0
github.com/saredigital/sarepost/internal/api/settings_handlers.go:43.15,46.4 2 0
github.com/saredigital/sarepost/internal/api/settings_handlers.go:47.3,48.9 2 0
github.com/saredigital/sarepost/internal/api/settings_handlers.go:50.2,50.55 1 10
github.com/saredigital/sarepost/internal/api/settings_handlers.go:50.55,51.15 1 0
github.com/saredigital/sarepost/internal/api/settings_handlers.go:51.15,54.4 2 0
github.com/saredigital/sarepost/internal/api/settings_handlers.go:55.3,56.9 2 0
github.com/saredigital/sarepost/internal/api/settings_handlers.go:58.2,58.69 1 10
github.com/saredigital/sarepost/internal/api/settings_handlers.go:58.69,59.15 1 0
github.com/saredigital/sarepost/internal/api/settings_handlers.go:59.15,62.4 2 0
github.com/saredigital/sarepost/internal/api/settings_handlers.go:63.3,64.9 2 0
github.com/saredigital/sarepost/internal/api/settings_handlers.go:67.2,67.14 1 10
github.com/saredigital/sarepost/internal/api/settings_handlers.go:67.14,70.3 2 10
github.com/saredigital/sarepost/internal/api/settings_handlers.go:71.2,71.67 1 0
github.com/saredigital/sarepost/internal/api/settings_handlers.go:74.84,76.16 2 1
github.com/saredigital/sarepost/internal/api/settings_handlers.go:76.16,77.15 1 0
github.com/saredigital/sarepost/internal/api/settings_handlers.go:77.15,80.4 2 0
github.com/saredigital/sarepost/internal/api/settings_handlers.go:81.3,82.9 2 0
github.com/saredigital/sarepost/internal/api/settings_handlers.go:84.2,86.16 3 1
github.com/saredigital/sarepost/internal/api/settings_handlers.go:86.16,87.15 1 0
github.com/saredigital/sarepost/internal/api/settings_handlers.go:87.15,90.4 2 0
github.com/saredigital/sarepost/internal/api/settings_handlers.go:91.3,92.9 2 0
github.com/saredigital/sarepost/internal/api/settings_handlers.go:94.2,94.14 1 1
github.com/saredigital/sarepost/internal/api/settings_handlers.go:94.14,97.3 2 0
github.com/saredigital/sarepost/internal/api/settings_handlers.go:98.2,98.35 1 1
github.com/saredigital/sarepost/internal/api/settings_handlers.go:101.85,103.16 2 1
github.com/saredigital/sarepost/internal/api/settings_handlers.go:103.16,104.15 1 0
github.com/saredigital/sarepost/internal/api/settings_handlers.go:104.15,107.4 2 0
github.com/saredigital/sarepost/internal/api/settings_handlers.go:108.3,109.9 2 0
github.com/saredigital/sarepost/internal/api/settings_handlers.go:111.2,112.71 2 1
github.com/saredigital/sarepost/internal/api/settings_handlers.go:112.71,113.15 1 0
github.com/saredigital/sarepost/internal/api/settings_handlers.go:113.15,116.4 2 0
github.com/saredigital/sarepost/internal/api/settings_handlers.go:117.3,118.9 2 0
github.com/saredigital/sarepost/internal/api/settings_handlers.go:120.2,121.16 2 1
github.com/saredigital/sarepost/internal/api/settings_handlers.go:121.16,122.15 1 0
github.com/saredigital/sarepost/internal/api/settings_handlers.go:122.15,125.4 2 0
github.com/saredigital/sarepost/internal/api/settings_handlers.go:126.3,127.9 2 0
github.com/saredigital/sarepost/internal/api/settings_handlers.go:129.2,129.14 1 1
github.com/saredigital/sarepost/internal/api/settings_handlers.go:129.14,132.3 2 0
github.com/saredigital/sarepost/internal/api/settings_handlers.go:133.2,133.35 1 1
github.com/saredigital/sarepost/internal/api/settings_handlers.go:136.102,140.14 4 2
github.com/saredigital/sarepost/internal/api/settings_handlers.go:140.14,141.39 1 0
github.com/saredigital/sarepost/internal/api/settings_handlers.go:141.39,143.4 1 0
github.com/saredigital/sarepost/internal/api/settings_handlers.go:144.3,145.21 2 0
github.com/saredigital/sarepost/internal/api/settings_handlers.go:145.21,147.4 1 0
github.com/saredigital/sarepost/internal/api/settings_handlers.go:148.3,161.25 2 0
github.com/saredigital/sarepost/internal/api/settings_handlers.go:163.2,176.62 2 2
github.com/saredigital/sarepost/internal/api/settings_handlers.go:176.62,178.3 1 0
github.com/saredigital/sarepost/internal/api/settings_handlers.go:179.2,191.25 1 2
github.com/saredigital/sarepost/internal/api/ui_calendar_events_grouping.go:14.113,15.21 1 0
github.com/saredigital/sarepost/internal/api/ui_calendar_events_grouping.go:15.21,17.3 1 0
github.com/saredigital/sarepost/internal/api/ui_calendar_events_grouping.go:19.2,22.29 3 0
github.com/saredigital/sarepost/internal/api/ui_calendar_events_grouping.go:22.29,23.32 1 0
github.com/saredigital/sarepost/internal/api/ui_calendar_events_grouping.go:23.32,24.12 1 0
github.com/saredigital/sarepost/internal/api/ui_calendar_events_grouping.go:26.3,30.10 5 0
github.com/saredigital/sarepost/internal/api/ui_calendar_events_grouping.go:30.10,48.4 3 0
github.com/saredigital/sarepost/internal/api/ui_calendar_events_grouping.go:50.3,52.61 3 0
github.com/saredigital/sarepost/internal/api/ui_calendar_events_grouping.go:52.61,55.4 2 0
github.com/saredigital/sarepost/internal/api/ui_calendar_events_grouping.go:58.2,59.31 2 0
github.com/saredigital/sarepost/internal/api/ui_calendar_events_grouping.go:59.31,62.3 2 0
github.com/saredigital/sarepost/internal/api/ui_calendar_events_grouping.go:63.2,63.12 1 0
github.com/saredigital/sarepost/internal/api/ui_calendar_events_grouping.go:66.48,68.23 2 48
github.com/saredigital/sarepost/internal/api/ui_calendar_events_grouping.go:68.23,70.3 1 0
github.com/saredigital/sarepost/internal/api/ui_calendar_events_grouping.go:71.2,71.16 1 48
github.com/saredigital/sarepost/internal/api/ui_calendar_events_grouping.go:74.110,75.16 1 0
github.com/saredigital/sarepost/internal/api/ui_calendar_events_grouping.go:76.34,77.37 1 0
github.com/saredigital/sarepost/internal/api/ui_calendar_events_grouping.go:78.34,79.37 1 0
github.com/saredigital/sarepost/internal/api/ui_calendar_events_grouping.go:80.35,81.38 1 0
github.com/saredigital/sarepost/internal/api/ui_calendar_events_grouping.go:82.31,83.34 1 0
github.com/saredigital/sarepost/internal/api/ui_calendar_events_grouping.go:84.33,85.36 1 0
github.com/saredigital/sarepost/internal/api/ui_calendar_events_grouping.go:87.2,87.32 1 0
github.com/saredigital/sarepost/internal/api/ui_calendar_events_grouping.go:90.112,91.38 1 48
github.com/saredigital/sarepost/internal/api/ui_calendar_events_grouping.go:92.19,93.37 1 6
github.com/saredigital/sarepost/internal/api/ui_calendar_events_grouping.go:94.19,95.37 1 27
github.com/saredigital/sarepost/internal/api/ui_calendar_events_grouping.go:96.20,97.38 1 1
github.com/saredigital/sarepost/internal/api/ui_calendar_events_grouping.go:98.16,99.34 1 14
github.com/saredigital/sarepost/internal/api/ui_calendar_events_grouping.go:100.18,101.36 1 0
github.com/saredigital/sarepost/internal/api/ui_calendar_events_grouping.go:102.10,103.33 1 0
github.com/saredigital/sarepost/internal/api/ui_failed_grouping.go:17.157,18.21 1 0
github.com/saredigital/sarepost/internal/api/ui_failed_grouping.go:18.21,20.3 1 0
github.com/saredigital/sarepost/internal/api/ui_failed_grouping.go:21.2,26.29 5 0
github.com/saredigital/sarepost/internal/api/ui_failed_grouping.go:26.29,30.14 4 0
github.com/saredigital/sarepost/internal/api/ui_failed_grouping.go:30.14,34.30 4 0
github.com/saredigital/sarepost/internal/api/ui_failed_grouping.go:34.30,36.5 1 0
github.com/saredigital/sarepost/internal/api/ui_failed_grouping.go:37.4,37.39 1 0
github.com/saredigital/sarepost/internal/api/ui_failed_grouping.go:37.39,39.21 2 0
github.com/saredigital/sarepost/internal/api/ui_failed_grouping.go:39.21,41.6 1 0
github.com/saredigital/sarepost/internal/api/ui_failed_grouping.go:42.5,42.64 1 0
github.com/saredigital/sarepost/internal/api/ui_failed_grouping.go:44.4,45.20 2 0
github.com/saredigital/sarepost/internal/api/ui_failed_grouping.go:45.20,47.5 1 0
github.com/saredigital/sarepost/internal/api/ui_failed_grouping.go:48.4,64.67 3 0
github.com/saredigital/sarepost/internal/api/ui_failed_grouping.go:67.3,69.46 3 0
github.com/saredigital/sarepost/internal/api/ui_failed_grouping.go:69.46,71.4 1 0
github.com/saredigital/sarepost/internal/api/ui_failed_grouping.go:72.3,72.42 1 0
github.com/saredigital/sarepost/internal/api/ui_failed_grouping.go:72.42,74.4 1 0
github.com/saredigital/sarepost/internal/api/ui_failed_grouping.go:75.3,75.48 1 0
github.com/saredigital/sarepost/internal/api/ui_failed_grouping.go:75.48,77.4 1 0
github.com/saredigital/sarepost/internal/api/ui_failed_grouping.go:78.3,78.28 1 0
github.com/saredigital/sarepost/internal/api/ui_failed_grouping.go:78.28,80.4 1 0
github.com/saredigital/sarepost/internal/api/ui_failed_grouping.go:81.3,83.58 2 0
github.com/saredigital/sarepost/internal/api/ui_failed_grouping.go:83.58,86.4 2 0
github.com/saredigital/sarepost/internal/api/ui_failed_grouping.go:88.3,89.22 2 0
github.com/saredigital/sarepost/internal/api/ui_failed_grouping.go:89.22,90.49 1 0
github.com/saredigital/sarepost/internal/api/ui_failed_grouping.go:90.49,93.5 2 0
github.com/saredigital/sarepost/internal/api/ui_failed_grouping.go:97.2,97.21 1 0
github.com/saredigital/sarepost/internal/api/ui_failed_grouping.go:97.21,99.3 1 0
github.com/saredigital/sarepost/internal/api/ui_failed_grouping.go:100.2,100.12 1 0
github.com/saredigital/sarepost/internal/api/ui_i18n.go:10.59,18.33 4 61
github.com/saredigital/sarepost/internal/api/ui_i18n.go:18.33,20.18 2 72
github.com/saredigital/sarepost/internal/api/ui_i18n.go:20.18,21.12 1 53
github.com/saredigital/sarepost/internal/api/ui_i18n.go:23.3,25.51 3 19
github.com/saredigital/sarepost/internal/api/ui_i18n.go:25.51,28.33 3 12
github.com/saredigital/sarepost/internal/api/ui_i18n.go:28.33,30.67 2 12
github.com/saredigital/sarepost/internal/api/ui_i18n.go:30.67,31.14 1 0
github.com/saredigital/sarepost/internal/api/ui_i18n.go:33.5,33.84 1 12
github.com/saredigital/sarepost/internal/api/ui_i18n.go:33.84,35.6 1 12
github.com/saredigital/sarepost/internal/api/ui_i18n.go:38.3,39.17 2 19
github.com/saredigital/sarepost/internal/api/ui_i18n.go:39.17,40.12 1 7
github.com/saredigital/sarepost/internal/api/ui_i18n.go:42.3,42.56 1 12
github.com/saredigital/sarepost/internal/api/ui_i18n.go:42.56,44.4 1 6
github.com/saredigital/sarepost/internal/api/ui_i18n.go:46.2,46.18 1 61
github.com/saredigital/sarepost/internal/api/ui_i18n.go:49.48,51.15 2 19
github.com/saredigital/sarepost/internal/api/ui_i18n.go:51.15,53.3 1 0
github.com/saredigital/sarepost/internal/api/ui_i18n.go:54.2,54.16 1 19
github.com/saredigital/sarepost/internal/api/ui_i18n.go:54.16,56.3 1 1
github.com/saredigital/sarepost/internal/api/ui_i18n.go:57.2,57.50 1 18
github.com/saredigital/sarepost/internal/api/ui_i18n.go:57.50,59.3 1 6
github.com/saredigital/sarepost/internal/api/ui_i18n.go:60.2,60.13 1 18
github.com/saredigital/sarepost/internal/api/ui_i18n.go:61.18,62.13 1 11
github.com/saredigital/sarepost/internal/api/ui_i18n.go:63.10,64.12 1 7
github.com/saredigital/sarepost/internal/api/ui_i18n.go:68.54,70.42 2 4014
github.com/saredigital/sarepost/internal/api/ui_i18n.go:70.42,72.3 1 4014
github.com/saredigital/sarepost/internal/api/ui_i18n.go:73.2,74.9 2 4014
github.com/saredigital/sarepost/internal/api/ui_i18n.go:74.9,76.3 1 0
github.com/saredigital/sarepost/internal/api/ui_i18n.go:77.2,77.15 1 4014
github.com/saredigital/sarepost/internal/api/ui_i18n.go:77.15,79.3 1 0
github.com/saredigital/sarepost/internal/api/ui_i18n.go:80.2,80.20 1 4014
github.com/saredigital/sarepost/internal/api/ui_i18n.go:80.20,82.3 1 3835
github.com/saredigital/sarepost/internal/api/ui_i18n.go:83.2,83.34 1 179
github.com/saredigital/sarepost/internal/api/ui_i18n.go:86.61,88.20 2 12
github.com/saredigital/sarepost/internal/api/ui_i18n.go:88.20,90.3 1 0
github.com/saredigital/sarepost/internal/api/ui_i18n.go:91.2,91.31 1 12
github.com/saredigital/sarepost/internal/api/ui_i18n.go:91.31,93.3 1 12
github.com/saredigital/sarepost/internal/api/ui_i18n.go:94.2,94.12 1 12
github.com/saredigital/sarepost/internal/api/ui_i18n.go:97.75,102.18 2 54
github.com/saredigital/sarepost/internal/api/ui_i18n.go:102.18,107.3 1 2
github.com/saredigital/sarepost/internal/api/ui_i18n.go:108.2,109.43 2 54
github.com/saredigital/sarepost/internal/api/ui_i18n.go:109.43,111.3 1 0
github.com/saredigital/sarepost/internal/api/ui_i18n.go:112.2,112.83 1 54
github.com/saredigital/sarepost/internal/api/ui_i18n.go:115.73,118.18 3 54
github.com/saredigital/sarepost/internal/api/ui_i18n.go:118.18,121.3 2 2
github.com/saredigital/sarepost/internal/api/ui_i18n.go:122.2,124.102 3 54
github.com/saredigital/sarepost/internal/api/ui_i18n.go:124.102,126.3 1 0
github.com/saredigital/sarepost/internal/api/ui_i18n.go:127.2,127.137 1 54
github.com/saredigital/sarepost/internal/api/ui_i18n.go:130.43,131.18 1 54
github.com/saredigital/sarepost/internal/api/ui_i18n.go:131.18,133.3 1 2
github.com/saredigital/sarepost/internal/api/ui_i18n.go:134.2,134.66 1 52
github.com/saredigital/sarepost/internal/api/ui_i18n.go:137.50,138.18 1 54
github.com/saredigital/sarepost/internal/api/ui_i18n.go:138.18,140.3 1 2
github.com/saredigital/sarepost/internal/api/ui_i18n.go:141.2,141.139 1 52
github.com/saredigital/sarepost/internal/api/ui_i18n.go:144.52,145.18 1 54
github.com/saredigital/sarepost/internal/api/ui_i18n.go:145.18,147.3 1 2
github.com/saredigital/sarepost/internal/api/ui_i18n.go:148.2,148.52 1 52
github.com/saredigital/sarepost/internal/api/ui_logical_publications.go:42.26,43.23 1 216
github.com/saredigital/sarepost/internal/api/ui_logical_publications.go:43.23,45.3 1 134
github.com/saredigital/sarepost/internal/api/ui_logical_publications.go:47.2,50.36 3 82
github.com/saredigital/sarepost/internal/api/ui_logical_publications.go:50.36,52.23 2 129
github.com/saredigital/sarepost/internal/api/ui_logical_publications.go:52.23,53.12 1 0
github.com/saredigital/sarepost/internal/api/ui_logical_publications.go:55.3,57.10 3 129
github.com/saredigital/sarepost/internal/api/ui_logical_publications.go:57.10,60.30 3 100
github.com/saredigital/sarepost/internal/api/ui_logical_publications.go:60.30,62.5 1 0
github.com/saredigital/sarepost/internal/api/ui_logical_publications.go:63.4,63.34 1 100
github.com/saredigital/sarepost/internal/api/ui_logical_publications.go:63.34,65.21 2 87
github.com/saredigital/sarepost/internal/api/ui_logical_publications.go:65.21,67.6 1 87
github.com/saredigital/sarepost/internal/api/ui_logical_publications.go:68.5,68.64 1 87
github.com/saredigital/sarepost/internal/api/ui_logical_publications.go:70.4,72.32 3 100
github.com/saredigital/sarepost/internal/api/ui_logical_publications.go:72.32,74.5 1 104
github.com/saredigital/sarepost/internal/api/ui_logical_publications.go:75.4,101.6 3 100
github.com/saredigital/sarepost/internal/api/ui_logical_publications.go:104.3,108.19 5 129
github.com/saredigital/sarepost/internal/api/ui_logical_publications.go:108.19,110.59 2 129
github.com/saredigital/sarepost/internal/api/ui_logical_publications.go:110.59,111.33 1 39
github.com/saredigital/sarepost/internal/api/ui_logical_publications.go:111.33,113.11 2 0
github.com/saredigital/sarepost/internal/api/ui_logical_publications.go:116.4,116.23 1 129
github.com/saredigital/sarepost/internal/api/ui_logical_publications.go:116.23,118.5 1 129
github.com/saredigital/sarepost/internal/api/ui_logical_publications.go:120.3,120.48 1 129
github.com/saredigital/sarepost/internal/api/ui_logical_publications.go:120.48,122.23 2 10
github.com/saredigital/sarepost/internal/api/ui_logical_publications.go:122.23,123.66 1 10
github.com/saredigital/sarepost/internal/api/ui_logical_publications.go:123.66,127.32 4 10
github.com/saredigital/sarepost/internal/api/ui_logical_publications.go:127.32,128.78 1 10
github.com/saredigital/sarepost/internal/api/ui_logical_publications.go:128.78,130.8 1 10
github.com/saredigital/sarepost/internal/api/ui_logical_publications.go:132.6,138.8 1 10
github.com/saredigital/sarepost/internal/api/ui_logical_publications.go:142.3,142.31 1 129
github.com/saredigital/sarepost/internal/api/ui_logical_publications.go:142.31,144.20 2 133
github.com/saredigital/sarepost/internal/api/ui_logical_publications.go:144.20,145.52 1 133
github.com/saredigital/sarepost/internal/api/ui_logical_publications.go:145.52,148.6 2 133
github.com/saredigital/sarepost/internal/api/ui_logical_publications.go:150.4,150.62 1 133
github.com/saredigital/sarepost/internal/api/ui_logical_publications.go:150.62,153.5 2 128
github.com/saredigital/sarepost/internal/api/ui_logical_publications.go:154.4,155.23 2 133
github.com/saredigital/sarepost/internal/api/ui_logical_publications.go:155.23,156.58 1 133
github.com/saredigital/sarepost/internal/api/ui_logical_publications.go:156.58,159.6 2 129
github.com/saredigital/sarepost/internal/api/ui_logical_publications.go:162.4,163.23 2 133
github.com/saredigital/sarepost/internal/api/ui_logical_publications.go:164.36,165.27 1 10
github.com/saredigital/sarepost/internal/api/ui_logical_publications.go:166.37,167.28 1 0
github.com/saredigital/sarepost/internal/api/ui_logical_publications.go:168.33,169.24 1 46
github.com/saredigital/sarepost/internal/api/ui_logical_publications.go:170.36,171.27 1 59
github.com/saredigital/sarepost/internal/api/ui_logical_publications.go:172.32,173.23 1 18
github.com/saredigital/sarepost/internal/api/ui_logical_publications.go:176.4,177.21 2 133
github.com/saredigital/sarepost/internal/api/ui_logical_publications.go:177.21,179.5 1 0
github.com/saredigital/sarepost/internal/api/ui_logical_publications.go:180.4,181.19 2 133
github.com/saredigital/sarepost/internal/api/ui_logical_publications.go:181.19,184.5 2 104
github.com/saredigital/sarepost/internal/api/ui_logical_publications.go:185.4,186.49 2 133
github.com/saredigital/sarepost/internal/api/ui_logical_publications.go:186.49,188.5 1 10
github.com/saredigital/sarepost/internal/api/ui_logical_publications.go:190.4,190.48 1 133
github.com/saredigital/sarepost/internal/api/ui_logical_publications.go:190.48,191.34 1 46
github.com/saredigital/sarepost/internal/api/ui_logical_publications.go:191.34,192.72 1 46
github.com/saredigital/sarepost/internal/api/ui_logical_publications.go:192.72,195.7 2 46
github.com/saredigital/sarepost/internal/api/ui_logical_publications.go:197.5,197.55 1 46
github.com/saredigital/sarepost/internal/api/ui_logical_publications.go:197.55,199.6 1 40
github.com/saredigital/sarepost/internal/api/ui_logical_publications.go:200.5,200.56 1 46
github.com/saredigital/sarepost/internal/api/ui_logical_publications.go:200.56,201.22 1 46
github.com/saredigital/sarepost/internal/api/ui_logical_publications.go:201.22,203.7 1 46
github.com/saredigital/sarepost/internal/api/ui_logical_publications.go:204.6,204.41 1 46
github.com/saredigital/sarepost/internal/api/ui_logical_publications.go:204.41,206.7 1 40
github.com/saredigital/sarepost/internal/api/ui_logical_publications.go:208.5,208.45 1 46
github.com/saredigital/sarepost/internal/api/ui_logical_publications.go:208.45,210.6 1 40
github.com/saredigital/sarepost/internal/api/ui_logical_publications.go:211.5,211.51 1 46
github.com/saredigital/sarepost/internal/api/ui_logical_publications.go:211.51,213.6 1 40
github.com/saredigital/sarepost/internal/api/ui_logical_publications.go:218.2,219.31 2 82
github.com/saredigital/sarepost/internal/api/ui_logical_publications.go:219.31,225.61 6 100
github.com/saredigital/sarepost/internal/api/ui_logical_publications.go:225.61,227.42 2 2
github.com/saredigital/sarepost/internal/api/ui_logical_publications.go:227.42,228.70 1 4
github.com/saredigital/sarepost/internal/api/ui_logical_publications.go:228.70,230.6 1 2
github.com/saredigital/sarepost/internal/api/ui_logical_publications.go:232.4,232.62 1 2
github.com/saredigital/sarepost/internal/api/ui_logical_publications.go:232.62,234.5 1 2
github.com/saredigital/sarepost/internal/api/ui_logical_publications.go:236.3,236.27 1 100
github.com/saredigital/sarepost/internal/api/ui_logical_publications.go:238.2,238.12 1 82
github.com/saredigital/sarepost/internal/api/ui_logical_publications.go:241.127,242.25 1 100
github.com/saredigital/sarepost/internal/api/ui_logical_publications.go:242.25,244.3 1 0
github.com/saredigital/sarepost/internal/api/ui_logical_publications.go:245.2,247.37 3 100
github.com/saredigital/sarepost/internal/api/ui_logical_publications.go:247.37,248.53 1 128
github.com/saredigital/sarepost/internal/api/ui_logical_publications.go:248.53,249.12 1 0
github.com/saredigital/sarepost/internal/api/ui_logical_publications.go:251.3,255.5 2 128
github.com/saredigital/sarepost/internal/api/ui_logical_publications.go:257.2,257.33 1 100
github.com/saredigital/sarepost/internal/api/ui_logical_publications.go:257.33,259.14 2 10
github.com/saredigital/sarepost/internal/api/ui_logical_publications.go:259.14,260.12 1 0
github.com/saredigital/sarepost/internal/api/ui_logical_publications.go:262.3,263.51 2 10
github.com/saredigital/sarepost/internal/api/ui_logical_publications.go:263.51,264.12 1 7
github.com/saredigital/sarepost/internal/api/ui_logical_publications.go:266.3,266.62 1 3
github.com/saredigital/sarepost/internal/api/ui_logical_publications.go:268.2,268.21 1 100
github.com/saredigital/sarepost/internal/api/ui_logical_publications.go:268.21,269.67 1 128
github.com/saredigital/sarepost/internal/api/ui_logical_publications.go:269.67,271.4 1 1
github.com/saredigital/sarepost/internal/api/ui_logical_publications.go:273.2,273.12 1 100
github.com/saredigital/sarepost/internal/api/ui_logical_publications.go:276.43,277.18 1 10
github.com/saredigital/sarepost/internal/api/ui_logical_publications.go:277.18,279.3 1 7
github.com/saredigital/sarepost/internal/api/ui_logical_publications.go:280.2,280.34 1 3
github.com/saredigital/sarepost/internal/api/ui_logical_publications.go:283.71,284.27 1 100
github.com/saredigital/sarepost/internal/api/ui_logical_publications.go:284.27,286.3 1 40
github.com/saredigital/sarepost/internal/api/ui_logical_publications.go:287.2,287.70 1 60
github.com/saredigital/sarepost/internal/api/ui_logical_publications.go:287.70,289.3 1 7
github.com/saredigital/sarepost/internal/api/ui_logical_publications.go:290.2,290.104 1 53
github.com/saredigital/sarepost/internal/api/ui_logical_publications.go:290.104,292.3 1 2
github.com/saredigital/sarepost/internal/api/ui_logical_publications.go:293.2,293.30 1 51
github.com/saredigital/sarepost/internal/api/ui_logical_publications.go:293.30,295.3 1 38
github.com/saredigital/sarepost/internal/api/ui_logical_publications.go:296.2,296.26 1 13
github.com/saredigital/sarepost/internal/api/ui_logical_publications.go:296.26,298.3 1 13
github.com/saredigital/sarepost/internal/api/ui_logical_publications.go:299.2,299.20 1 0
github.com/saredigital/sarepost/internal/api/ui_logical_publications.go:302.79,303.22 1 100
github.com/saredigital/sarepost/internal/api/ui_logical_publications.go:303.22,305.3 1 96
github.com/saredigital/sarepost/internal/api/ui_logical_publications.go:306.2,307.34 2 4
github.com/saredigital/sarepost/internal/api/ui_logical_publications.go:307.34,309.17 2 4
github.com/saredigital/sarepost/internal/api/ui_logical_publications.go:309.17,311.4 1 0
github.com/saredigital/sarepost/internal/api/ui_logical_publications.go:312.3,313.20 2 4
github.com/saredigital/sarepost/internal/api/ui_logical_publications.go:313.20,315.4 1 0
github.com/saredigital/sarepost/internal/api/ui_logical_publications.go:316.3,320.5 1 4
github.com/saredigital/sarepost/internal/api/ui_logical_publications.go:322.2,322.12 1 4
github.com/saredigital/sarepost/internal/api/ui_logical_publications.go:325.63,327.49 2 129
github.com/saredigital/sarepost/internal/api/ui_logical_publications.go:327.49,329.20 2 133
github.com/saredigital/sarepost/internal/api/ui_logical_publications.go:329.20,331.4 1 0
github.com/saredigital/sarepost/internal/api/ui_logical_publications.go:332.3,339.19 8 133
github.com/saredigital/sarepost/internal/api/ui_logical_publications.go:341.2,341.19 1 129
github.com/saredigital/sarepost/internal/api/ui_logical_publications.go:344.59,345.21 1 387
github.com/saredigital/sarepost/internal/api/ui_logical_publications.go:345.21,347.3 1 0
github.com/saredigital/sarepost/internal/api/ui_logical_publications.go:348.2,349.44 2 387
github.com/saredigital/sarepost/internal/api/ui_logical_publications.go:349.44,352.19 3 12
github.com/saredigital/sarepost/internal/api/ui_logical_publications.go:352.19,354.4 1 0
github.com/saredigital/sarepost/internal/api/ui_logical_publications.go:355.3,355.20 1 12
github.com/saredigital/sarepost/internal/api/ui_logical_publications.go:355.20,357.4 1 0
github.com/saredigital/sarepost/internal/api/ui_logical_publications.go:358.3,358.26 1 12
github.com/saredigital/sarepost/internal/api/ui_logical_publications.go:358.26,360.4 1 12
github.com/saredigital/sarepost/internal/api/ui_logical_publications.go:361.3,361.52 1 0
github.com/saredigital/sarepost/internal/api/ui_logical_publications.go:361.52,363.4 1 0
github.com/saredigital/sarepost/internal/api/ui_logical_publications.go:364.3,364.48 1 0
github.com/saredigital/sarepost/internal/api/ui_logical_publications.go:364.48,366.4 1 0
github.com/saredigital/sarepost/internal/api/ui_logical_publications.go:367.3,367.69 1 0
github.com/saredigital/sarepost/internal/api/ui_logical_publications.go:369.2,369.12 1 387
github.com/saredigital/sarepost/internal/api/ui_logical_publications.go:372.110,373.42 1 432
github.com/saredigital/sarepost/internal/api/ui_logical_publications.go:373.42,375.3 1 227
github.com/saredigital/sarepost/internal/api/ui_logical_publications.go:376.2,377.30 2 205
github.com/saredigital/sarepost/internal/api/ui_logical_publications.go:377.30,379.3 1 205
github.com/saredigital/sarepost/internal/api/ui_logical_publications.go:380.2,381.31 2 205
github.com/saredigital/sarepost/internal/api/ui_logical_publications.go:381.31,382.63 1 261
github.com/saredigital/sarepost/internal/api/ui_logical_publications.go:382.63,384.4 1 85
github.com/saredigital/sarepost/internal/api/ui_logical_publications.go:386.2,386.12 1 205
github.com/saredigital/sarepost/internal/api/ui_logical_publications.go:389.94,390.22 1 1918
github.com/saredigital/sarepost/internal/api/ui_logical_publications.go:390.22,392.3 1 1882
github.com/saredigital/sarepost/internal/api/ui_logical_publications.go:393.2,394.31 2 36
github.com/saredigital/sarepost/internal/api/ui_logical_publications.go:394.31,395.33 1 48
github.com/saredigital/sarepost/internal/api/ui_logical_publications.go:395.33,396.12 1 0
github.com/saredigital/sarepost/internal/api/ui_logical_publications.go:398.3,410.5 2 48
github.com/saredigital/sarepost/internal/api/ui_logical_publications.go:412.2,412.12 1 36
github.com/saredigital/sarepost/internal/api/ui_logical_publications.go:415.64,416.21 1 324
github.com/saredigital/sarepost/internal/api/ui_logical_publications.go:416.21,418.3 1 188
github.com/saredigital/sarepost/internal/api/ui_logical_publications.go:419.2,421.29 3 136
github.com/saredigital/sarepost/internal/api/ui_logical_publications.go:421.29,423.19 2 234
github.com/saredigital/sarepost/internal/api/ui_logical_publications.go:423.19,425.4 1 0
github.com/saredigital/sarepost/internal/api/ui_logical_publications.go:426.3,426.19 1 234
github.com/saredigital/sarepost/internal/api/ui_logical_publications.go:426.19,427.12 1 0
github.com/saredigital/sarepost/internal/api/ui_logical_publications.go:429.3,429.40 1 234
github.com/saredigital/sarepost/internal/api/ui_logical_publications.go:429.40,430.12 1 8
github.com/saredigital/sarepost/internal/api/ui_logical_publications.go:432.3,433.28 2 226
github.com/saredigital/sarepost/internal/api/ui_logical_publications.go:435.2,435.12 1 136
github.com/saredigital/sarepost/internal/api/ui_logical_publications.go:438.81,439.21 1 108
github.com/saredigital/sarepost/internal/api/ui_logical_publications.go:439.21,441.3 1 80
github.com/saredigital/sarepost/internal/api/ui_logical_publications.go:442.2,444.29 3 28
github.com/saredigital/sarepost/internal/api/ui_logical_publications.go:444.29,446.19 2 32
github.com/saredigital/sarepost/internal/api/ui_logical_publications.go:446.19,448.4 1 0
github.com/saredigital/sarepost/internal/api/ui_logical_publications.go:449.3,449.19 1 32
github.com/saredigital/sarepost/internal/api/ui_logical_publications.go:449.19,450.12 1 0
github.com/saredigital/sarepost/internal/api/ui_logical_publications.go:452.3,452.40 1 32
github.com/saredigital/sarepost/internal/api/ui_logical_publications.go:452.40,453.12 1 0
github.com/saredigital/sarepost/internal/api/ui_logical_publications.go:455.3,456.28 2 32
github.com/saredigital/sarepost/internal/api/ui_logical_publications.go:458.2,458.12 1 28
github.com/saredigital/sarepost/internal/api/ui_logical_publications.go:461.107,462.23 1 216
github.com/saredigital/sarepost/internal/api/ui_logical_publications.go:462.23,464.3 1 134
github.com/saredigital/sarepost/internal/api/ui_logical_publications.go:465.2,467.33 3 82
github.com/saredigital/sarepost/internal/api/ui_logical_publications.go:467.33,469.19 2 129
github.com/saredigital/sarepost/internal/api/ui_logical_publications.go:469.19,470.12 1 0
github.com/saredigital/sarepost/internal/api/ui_logical_publications.go:472.3,472.40 1 129
github.com/saredigital/sarepost/internal/api/ui_logical_publications.go:472.40,473.12 1 0
github.com/saredigital/sarepost/internal/api/ui_logical_publications.go:475.3,477.23 3 129
github.com/saredigital/sarepost/internal/api/ui_logical_publications.go:477.23,478.12 1 0
github.com/saredigital/sarepost/internal/api/ui_logical_publications.go:480.3,480.28 1 129
github.com/saredigital/sarepost/internal/api/ui_logical_publications.go:482.2,482.12 1 82
github.com/saredigital/sarepost/internal/api/ui_publications_grouping.go:18.118,19.21 1 0
github.com/saredigital/sarepost/internal/api/ui_publications_grouping.go:19.21,21.3 1 0
github.com/saredigital/sarepost/internal/api/ui_publications_grouping.go:23.2,26.29 3 0
github.com/saredigital/sarepost/internal/api/ui_publications_grouping.go:26.29,30.10 4 0
github.com/saredigital/sarepost/internal/api/ui_publications_grouping.go:30.10,51.4 3 0
github.com/saredigital/sarepost/internal/api/ui_publications_grouping.go:53.3,56.19 4 0
github.com/saredigital/sarepost/internal/api/ui_publications_grouping.go:56.19,57.51 1 0
github.com/saredigital/sarepost/internal/api/ui_publications_grouping.go:57.51,61.5 3 0
github.com/saredigital/sarepost/internal/api/ui_publications_grouping.go:63.3,63.47 1 0
github.com/saredigital/sarepost/internal/api/ui_publications_grouping.go:63.47,65.4 1 0
github.com/saredigital/sarepost/internal/api/ui_publications_grouping.go:66.3,66.61 1 0
github.com/saredigital/sarepost/internal/api/ui_publications_grouping.go:66.61,69.4 2 0
github.com/saredigital/sarepost/internal/api/ui_publications_grouping.go:70.3,71.22 2 0
github.com/saredigital/sarepost/internal/api/ui_publications_grouping.go:71.22,72.57 1 0
github.com/saredigital/sarepost/internal/api/ui_publications_grouping.go:72.57,75.5 2 0
github.com/saredigital/sarepost/internal/api/ui_publications_grouping.go:79.2,80.31 2 0
github.com/saredigital/sarepost/internal/api/ui_publications_grouping.go:80.31,83.3 2 0
github.com/saredigital/sarepost/internal/api/ui_publications_grouping.go:85.2,85.15 1 0
github.com/saredigital/sarepost/internal/api/ui_publications_grouping.go:88.71,91.31 3 0
github.com/saredigital/sarepost/internal/api/ui_publications_grouping.go:91.31,93.3 1 0
github.com/saredigital/sarepost/internal/api/ui_publications_grouping.go:93.8,95.3 1 0
github.com/saredigital/sarepost/internal/api/ui_publications_grouping.go:96.2,102.19 7 0
github.com/saredigital/sarepost/internal/api/ui_publications_grouping.go:105.61,106.21 1 133
github.com/saredigital/sarepost/internal/api/ui_publications_grouping.go:106.21,108.3 1 130
github.com/saredigital/sarepost/internal/api/ui_publications_grouping.go:109.2,110.29 2 3
github.com/saredigital/sarepost/internal/api/ui_publications_grouping.go:110.29,112.15 2 3
github.com/saredigital/sarepost/internal/api/ui_publications_grouping.go:112.15,114.4 1 0
github.com/saredigital/sarepost/internal/api/ui_publications_grouping.go:115.3,115.15 1 3
github.com/saredigital/sarepost/internal/api/ui_publications_grouping.go:115.15,117.4 1 0
github.com/saredigital/sarepost/internal/api/ui_publications_grouping.go:118.3,118.28 1 3
github.com/saredigital/sarepost/internal/api/ui_publications_grouping.go:120.2,121.33 2 3
github.com/saredigital/sarepost/internal/api/ui_schedule.go:21.76,22.23 1 54
github.com/saredigital/sarepost/internal/api/ui_schedule.go:22.23,25.3 2 0
github.com/saredigital/sarepost/internal/api/ui_schedule.go:26.2,28.16 3 54
github.com/saredigital/sarepost/internal/api/ui_schedule.go:28.16,31.3 2 0
github.com/saredigital/sarepost/internal/api/ui_schedule.go:32.2,34.16 3 54
github.com/saredigital/sarepost/internal/api/ui_schedule.go:34.16,36.3 1 2
github.com/saredigital/sarepost/internal/api/ui_schedule.go:37.2,37.132 1 54
github.com/saredigital/sarepost/internal/api/ui_schedule.go:37.132,39.3 1 0
github.com/saredigital/sarepost/internal/api/ui_schedule.go:40.2,56.79 17 54
github.com/saredigital/sarepost/internal/api/ui_schedule.go:56.79,57.87 1 14
github.com/saredigital/sarepost/internal/api/ui_schedule.go:57.87,59.4 1 14
github.com/saredigital/sarepost/internal/api/ui_schedule.go:61.2,67.16 7 54
github.com/saredigital/sarepost/internal/api/ui_schedule.go:67.16,70.3 2 0
github.com/saredigital/sarepost/internal/api/ui_schedule.go:71.2,71.33 1 54
github.com/saredigital/sarepost/internal/api/ui_schedule.go:71.33,72.47 1 35
github.com/saredigital/sarepost/internal/api/ui_schedule.go:72.47,74.4 1 35
github.com/saredigital/sarepost/internal/api/ui_schedule.go:76.2,77.16 2 54
github.com/saredigital/sarepost/internal/api/ui_schedule.go:77.16,80.3 2 0
github.com/saredigital/sarepost/internal/api/ui_schedule.go:81.2,82.16 2 54
github.com/saredigital/sarepost/internal/api/ui_schedule.go:82.16,85.3 2 0
github.com/saredigital/sarepost/internal/api/ui_schedule.go:86.2,87.35 2 54
github.com/saredigital/sarepost/internal/api/ui_schedule.go:87.35,89.3 1 63
github.com/saredigital/sarepost/internal/api/ui_schedule.go:90.2,90.51 1 54
github.com/saredigital/sarepost/internal/api/ui_schedule.go:90.51,92.3 1 10
github.com/saredigital/sarepost/internal/api/ui_schedule.go:93.2,94.35 2 54
github.com/saredigital/sarepost/internal/api/ui_schedule.go:94.35,95.54 1 63
github.com/saredigital/sarepost/internal/api/ui_schedule.go:95.54,97.4 1 62
github.com/saredigital/sarepost/internal/api/ui_schedule.go:99.2,100.16 2 54
github.com/saredigital/sarepost/internal/api/ui_schedule.go:100.16,103.3 2 0
github.com/saredigital/sarepost/internal/api/ui_schedule.go:104.2,108.35 5 54
github.com/saredigital/sarepost/internal/api/ui_schedule.go:108.35,110.17 2 16
github.com/saredigital/sarepost/internal/api/ui_schedule.go:110.17,111.12 1 0
github.com/saredigital/sarepost/internal/api/ui_schedule.go:113.3,113.33 1 16
github.com/saredigital/sarepost/internal/api/ui_schedule.go:113.33,115.4 1 16
github.com/saredigital/sarepost/internal/api/ui_schedule.go:116.3,117.33 2 16
github.com/saredigital/sarepost/internal/api/ui_schedule.go:117.33,119.4 1 16
github.com/saredigital/sarepost/internal/api/ui_schedule.go:120.3,140.56 5 16
github.com/saredigital/sarepost/internal/api/ui_schedule.go:143.2,153.16 9 54
github.com/saredigital/sarepost/internal/api/ui_schedule.go:153.16,156.3 2 0
github.com/saredigital/sarepost/internal/api/ui_schedule.go:157.2,157.23 1 54
github.com/saredigital/sarepost/internal/api/ui_schedule.go:157.23,158.37 1 64
github.com/saredigital/sarepost/internal/api/ui_schedule.go:158.37,160.4 1 64
github.com/saredigital/sarepost/internal/api/ui_schedule.go:163.2,172.43 10 54
github.com/saredigital/sarepost/internal/api/ui_schedule.go:172.43,174.3 1 16
github.com/saredigital/sarepost/internal/api/ui_schedule.go:175.2,175.33 1 54
github.com/saredigital/sarepost/internal/api/ui_schedule.go:175.33,177.19 2 129
github.com/saredigital/sarepost/internal/api/ui_schedule.go:177.19,178.12 1 0
github.com/saredigital/sarepost/internal/api/ui_schedule.go:180.3,180.53 1 129
github.com/saredigital/sarepost/internal/api/ui_schedule.go:180.53,181.12 1 129
github.com/saredigital/sarepost/internal/api/ui_schedule.go:183.3,184.42 2 0
github.com/saredigital/sarepost/internal/api/ui_schedule.go:184.42,185.12 1 0
github.com/saredigital/sarepost/internal/api/ui_schedule.go:187.3,188.42 2 0
github.com/saredigital/sarepost/internal/api/ui_schedule.go:191.2,191.43 1 54
github.com/saredigital/sarepost/internal/api/ui_schedule.go:191.43,192.17 1 100
github.com/saredigital/sarepost/internal/api/ui_schedule.go:192.17,194.4 1 96
github.com/saredigital/sarepost/internal/api/ui_schedule.go:195.3,195.56 1 4
github.com/saredigital/sarepost/internal/api/ui_schedule.go:197.2,197.52 1 54
github.com/saredigital/sarepost/internal/api/ui_schedule.go:197.52,198.30 1 2
github.com/saredigital/sarepost/internal/api/ui_schedule.go:198.30,200.4 1 0
github.com/saredigital/sarepost/internal/api/ui_schedule.go:201.3,201.65 1 2
github.com/saredigital/sarepost/internal/api/ui_schedule.go:204.2,242.42 8 54
github.com/saredigital/sarepost/internal/api/ui_schedule.go:242.42,243.92 1 12
github.com/saredigital/sarepost/internal/api/ui_schedule.go:243.92,246.4 2 12
github.com/saredigital/sarepost/internal/api/ui_schedule.go:248.2,249.20 2 54
github.com/saredigital/sarepost/internal/api/ui_schedule.go:249.20,251.3 1 12
github.com/saredigital/sarepost/internal/api/ui_schedule.go:252.2,253.35 2 54
github.com/saredigital/sarepost/internal/api/ui_schedule.go:253.35,255.31 2 63
github.com/saredigital/sarepost/internal/api/ui_schedule.go:255.31,257.4 1 0
github.com/saredigital/sarepost/internal/api/ui_schedule.go:258.3,260.25 3 63
github.com/saredigital/sarepost/internal/api/ui_schedule.go:261.38,263.64 2 62
github.com/saredigital/sarepost/internal/api/ui_schedule.go:264.41,265.67 1 1
github.com/saredigital/sarepost/internal/api/ui_schedule.go:266.34,268.60 2 0
github.com/saredigital/sarepost/internal/api/ui_schedule.go:270.3,270.24 1 63
github.com/saredigital/sarepost/internal/api/ui_schedule.go:270.24,272.4 1 0
github.com/saredigital/sarepost/internal/api/ui_schedule.go:273.3,285.5 1 63
github.com/saredigital/sarepost/internal/api/ui_schedule.go:287.2,288.47 2 54
github.com/saredigital/sarepost/internal/api/ui_schedule.go:288.47,290.17 2 1
github.com/saredigital/sarepost/internal/api/ui_schedule.go:290.17,291.27 1 0
github.com/saredigital/sarepost/internal/api/ui_schedule.go:291.27,292.99 1 0
github.com/saredigital/sarepost/internal/api/ui_schedule.go:292.99,294.6 1 0
github.com/saredigital/sarepost/internal/api/ui_schedule.go:294.11,296.6 1 0
github.com/saredigital/sarepost/internal/api/ui_schedule.go:298.9,300.4 1 1
github.com/saredigital/sarepost/internal/api/ui_schedule.go:303.2,304.16 2 54
github.com/saredigital/sarepost/internal/api/ui_schedule.go:304.16,307.3 2 0
github.com/saredigital/sarepost/internal/api/ui_schedule.go:309.2,319.39 3 54
github.com/saredigital/sarepost/internal/api/ui_schedule.go:319.39,320.33 1 48
github.com/saredigital/sarepost/internal/api/ui_schedule.go:320.33,321.12 1 0
github.com/saredigital/sarepost/internal/api/ui_schedule.go:323.3,324.71 2 48
github.com/saredigital/sarepost/internal/api/ui_schedule.go:327.2,328.110 2 54
github.com/saredigital/sarepost/internal/api/ui_schedule.go:328.110,330.3 1 14
github.com/saredigital/sarepost/internal/api/ui_schedule.go:331.2,331.73 1 54
github.com/saredigital/sarepost/internal/api/ui_schedule.go:331.73,332.86 1 14
github.com/saredigital/sarepost/internal/api/ui_schedule.go:332.86,334.4 1 14
github.com/saredigital/sarepost/internal/api/ui_schedule.go:337.2,338.64 2 54
github.com/saredigital/sarepost/internal/api/ui_schedule.go:338.64,351.3 4 1918
github.com/saredigital/sarepost/internal/api/ui_schedule.go:353.2,354.44 2 54
github.com/saredigital/sarepost/internal/api/ui_schedule.go:354.44,356.30 2 274
github.com/saredigital/sarepost/internal/api/ui_schedule.go:356.30,358.4 1 0
github.com/saredigital/sarepost/internal/api/ui_schedule.go:359.3,359.61 1 274
github.com/saredigital/sarepost/internal/api/ui_schedule.go:362.2,381.14 20 54
github.com/saredigital/sarepost/internal/api/ui_schedule.go:382.22,383.41 1 7
github.com/saredigital/sarepost/internal/api/ui_schedule.go:384.18,385.91 1 17
github.com/saredigital/sarepost/internal/api/ui_schedule.go:386.16,387.35 1 4
github.com/saredigital/sarepost/internal/api/ui_schedule.go:388.16,389.35 1 5
github.com/saredigital/sarepost/internal/api/ui_schedule.go:390.18,391.37 1 9
github.com/saredigital/sarepost/internal/api/ui_schedule.go:392.16,393.21 1 12
github.com/saredigital/sarepost/internal/api/ui_schedule.go:393.21,395.4 1 4
github.com/saredigital/sarepost/internal/api/ui_schedule.go:397.2,398.24 2 54
github.com/saredigital/sarepost/internal/api/ui_schedule.go:398.24,400.3 1 17
github.com/saredigital/sarepost/internal/api/ui_schedule.go:401.2,401.35 1 54
github.com/saredigital/sarepost/internal/api/ui_schedule.go:401.35,403.3 1 12
github.com/saredigital/sarepost/internal/api/ui_schedule.go:404.2,404.44 1 54
github.com/saredigital/sarepost/internal/api/ui_schedule.go:404.44,406.3 1 11
github.com/saredigital/sarepost/internal/api/ui_schedule.go:407.2,407.45 1 54
github.com/saredigital/sarepost/internal/api/ui_schedule.go:407.45,409.3 1 1
github.com/saredigital/sarepost/internal/api/ui_schedule.go:410.2,410.29 1 54
github.com/saredigital/sarepost/internal/api/ui_schedule.go:410.29,412.3 1 13
github.com/saredigital/sarepost/internal/api/ui_schedule.go:413.2,413.30 1 54
github.com/saredigital/sarepost/internal/api/ui_schedule.go:413.30,415.3 1 14
github.com/saredigital/sarepost/internal/api/ui_schedule.go:416.2,416.42 1 54
github.com/saredigital/sarepost/internal/api/ui_schedule.go:416.42,418.3 1 26
github.com/saredigital/sarepost/internal/api/ui_schedule.go:419.2,419.45 1 54
github.com/saredigital/sarepost/internal/api/ui_schedule.go:419.45,421.3 1 1
github.com/saredigital/sarepost/internal/api/ui_schedule.go:422.2,422.41 1 54
github.com/saredigital/sarepost/internal/api/ui_schedule.go:422.41,424.3 1 13
github.com/saredigital/sarepost/internal/api/ui_schedule.go:425.2,426.20 2 54
github.com/saredigital/sarepost/internal/api/ui_schedule.go:426.20,428.3 1 4
github.com/saredigital/sarepost/internal/api/ui_schedule.go:429.2,430.31 2 54
github.com/saredigital/sarepost/internal/api/ui_schedule.go:430.31,432.21 2 12
github.com/saredigital/sarepost/internal/api/ui_schedule.go:432.21,433.54 1 4
github.com/saredigital/sarepost/internal/api/ui_schedule.go:433.54,435.23 2 4
github.com/saredigital/sarepost/internal/api/ui_schedule.go:436.69,437.32 1 4
github.com/saredigital/sarepost/internal/api/ui_schedule.go:442.2,443.16 2 54
github.com/saredigital/sarepost/internal/api/ui_schedule.go:443.16,446.3 2 0
github.com/saredigital/sarepost/internal/api/ui_schedule.go:447.2,448.33 2 54
github.com/saredigital/sarepost/internal/api/ui_schedule.go:448.33,450.3 1 0
github.com/saredigital/sarepost/internal/api/ui_schedule.go:451.2,453.36 3 54
github.com/saredigital/sarepost/internal/api/ui_schedule.go:453.36,455.17 2 4
github.com/saredigital/sarepost/internal/api/ui_schedule.go:455.17,457.4 1 2
github.com/saredigital/sarepost/internal/api/ui_schedule.go:459.2,467.18 9 54
github.com/saredigital/sarepost/internal/api/ui_schedule.go:467.18,469.17 2 5
github.com/saredigital/sarepost/internal/api/ui_schedule.go:469.17,472.46 3 5
github.com/saredigital/sarepost/internal/api/ui_schedule.go:472.46,473.55 1 5
github.com/saredigital/sarepost/internal/api/ui_schedule.go:473.55,476.22 3 1
github.com/saredigital/sarepost/internal/api/ui_schedule.go:476.22,478.7 1 0
github.com/saredigital/sarepost/internal/api/ui_schedule.go:479.6,479.23 1 1
github.com/saredigital/sarepost/internal/api/ui_schedule.go:479.23,481.7 1 0
github.com/saredigital/sarepost/internal/api/ui_schedule.go:482.6,482.29 1 1
github.com/saredigital/sarepost/internal/api/ui_schedule.go:482.29,484.7 1 1
github.com/saredigital/sarepost/internal/api/ui_schedule.go:485.6,485.70 1 0
github.com/saredigital/sarepost/internal/api/ui_schedule.go:487.5,491.39 5 5
github.com/saredigital/sarepost/internal/api/ui_schedule.go:491.39,493.6 1 4
github.com/saredigital/sarepost/internal/api/ui_schedule.go:494.5,494.38 1 5
github.com/saredigital/sarepost/internal/api/ui_schedule.go:494.38,500.6 2 6
github.com/saredigital/sarepost/internal/api/ui_schedule.go:501.5,501.39 1 5
github.com/saredigital/sarepost/internal/api/ui_schedule.go:501.39,503.6 1 5
github.com/saredigital/sarepost/internal/api/ui_schedule.go:505.4,505.39 1 5
github.com/saredigital/sarepost/internal/api/ui_schedule.go:505.39,509.32 4 0
github.com/saredigital/sarepost/internal/api/ui_schedule.go:509.32,511.6 1 0
github.com/saredigital/sarepost/internal/api/ui_schedule.go:512.5,516.7 2 0
github.com/saredigital/sarepost/internal/api/ui_schedule.go:520.2,520.37 1 54
github.com/saredigital/sarepost/internal/api/ui_schedule.go:520.37,525.3 1 49
github.com/saredigital/sarepost/internal/api/ui_schedule.go:526.2,526.84 1 54
github.com/saredigital/sarepost/internal/api/ui_schedule.go:526.84,528.3 1 3
github.com/saredigital/sarepost/internal/api/ui_schedule.go:529.2,529.102 1 54
github.com/saredigital/sarepost/internal/api/ui_schedule.go:529.102,531.3 1 3
github.com/saredigital/sarepost/internal/api/ui_schedule.go:532.2,533.27 2 54
github.com/saredigital/sarepost/internal/api/ui_schedule.go:533.27,535.3 1 5
github.com/saredigital/sarepost/internal/api/ui_schedule.go:536.2,537.31 2 54
github.com/saredigital/sarepost/internal/api/ui_schedule.go:537.31,539.3 1 5
github.com/saredigital/sarepost/internal/api/ui_schedule.go:540.2,540.57 1 54
github.com/saredigital/sarepost/internal/api/ui_schedule.go:540.57,542.3 1 39
github.com/saredigital/sarepost/internal/api/ui_schedule.go:543.2,543.57 1 54
github.com/saredigital/sarepost/internal/api/ui_schedule.go:543.57,545.3 1 39
github.com/saredigital/sarepost/internal/api/ui_schedule.go:546.2,546.74 1 54
github.com/saredigital/sarepost/internal/api/ui_schedule.go:546.74,548.3 1 2
github.com/saredigital/sarepost/internal/api/ui_schedule.go:549.2,549.72 1 54
github.com/saredigital/sarepost/internal/api/ui_schedule.go:549.72,551.3 1 1
github.com/saredigital/sarepost/internal/api/ui_schedule.go:552.2,552.96 1 54
github.com/saredigital/sarepost/internal/api/ui_schedule.go:552.96,554.3 1 0
github.com/saredigital/sarepost/internal/api/ui_schedule.go:554.8,554.45 1 54
github.com/saredigital/sarepost/internal/api/ui_schedule.go:554.45,555.86 1 7
github.com/saredigital/sarepost/internal/api/ui_schedule.go:555.86,557.4 1 1
github.com/saredigital/sarepost/internal/api/ui_schedule.go:559.2,559.37 1 54
github.com/saredigital/sarepost/internal/api/ui_schedule.go:559.37,561.3 1 0
github.com/saredigital/sarepost/internal/api/ui_schedule.go:562.2,572.38 10 54
github.com/saredigital/sarepost/internal/api/ui_schedule.go:572.38,574.3 1 49
github.com/saredigital/sarepost/internal/api/ui_schedule.go:575.2,576.53 1 54
github.com/saredigital/sarepost/internal/api/ui_schedule.go:576.53,578.4 1 67
github.com/saredigital/sarepost/internal/api/ui_schedule.go:579.45,581.4 1 3802
github.com/saredigital/sarepost/internal/api/ui_schedule.go:582.46,584.4 1 12
github.com/saredigital/sarepost/internal/api/ui_schedule.go:585.26,587.4 1 0
github.com/saredigital/sarepost/internal/api/ui_schedule.go:590.52,592.4 1 0
github.com/saredigital/sarepost/internal/api/ui_schedule.go:593.50,596.4 2 45
github.com/saredigital/sarepost/internal/api/ui_schedule.go:597.67,599.78 2 30
github.com/saredigital/sarepost/internal/api/ui_schedule.go:600.36,601.79 1 6
github.com/saredigital/sarepost/internal/api/ui_schedule.go:602.40,603.83 1 0
github.com/saredigital/sarepost/internal/api/ui_schedule.go:605.4,605.38 1 30
github.com/saredigital/sarepost/internal/api/ui_schedule.go:607.37,609.18 2 2430
github.com/saredigital/sarepost/internal/api/ui_schedule.go:609.18,611.5 1 0
github.com/saredigital/sarepost/internal/api/ui_schedule.go:612.4,612.27 1 2430
github.com/saredigital/sarepost/internal/api/ui_schedule.go:615.2,615.16 1 54
github.com/saredigital/sarepost/internal/api/ui_schedule.go:615.16,618.3 2 0
github.com/saredigital/sarepost/internal/api/ui_schedule.go:619.2,705.4 2 54
github.com/saredigital/sarepost/internal/api/ui_schedule.go:708.73,709.26 1 6
github.com/saredigital/sarepost/internal/api/ui_schedule.go:709.26,711.3 1 5
github.com/saredigital/sarepost/internal/api/ui_schedule.go:712.2,713.35 2 1
github.com/saredigital/sarepost/internal/api/ui_schedule.go:713.35,715.20 2 1
github.com/saredigital/sarepost/internal/api/ui_schedule.go:715.20,716.12 1 0
github.com/saredigital/sarepost/internal/api/ui_schedule.go:718.3,724.5 1 1
github.com/saredigital/sarepost/internal/api/ui_schedule.go:726.2,726.20 1 1
github.com/saredigital/sarepost/internal/api/ui_schedule.go:729.48,730.28 1 404
github.com/saredigital/sarepost/internal/api/ui_schedule.go:730.28,731.62 1 404
github.com/saredigital/sarepost/internal/api/ui_schedule.go:731.62,733.4 1 404
github.com/saredigital/sarepost/internal/api/ui_schedule.go:735.2,735.35 1 0
github.com/saredigital/sarepost/internal/api/ui_schedule.go:738.99,739.29 1 178
github.com/saredigital/sarepost/internal/api/ui_schedule.go:739.29,741.19 2 133
github.com/saredigital/sarepost/internal/api/ui_schedule.go:741.19,742.12 1 0
github.com/saredigital/sarepost/internal/api/ui_schedule.go:744.3,745.19 2 133
github.com/saredigital/sarepost/internal/api/ui_schedule.go:745.19,746.12 1 0
github.com/saredigital/sarepost/internal/api/ui_schedule.go:748.3,749.40 2 133
github.com/saredigital/sarepost/internal/api/ui_schedule.go:749.40,750.48 1 55
github.com/saredigital/sarepost/internal/api/ui_schedule.go:750.48,752.10 2 51
github.com/saredigital/sarepost/internal/api/ui_schedule.go:755.3,755.21 1 133
github.com/saredigital/sarepost/internal/api/ui_schedule.go:755.21,756.12 1 51
github.com/saredigital/sarepost/internal/api/ui_schedule.go:758.3,759.46 2 82
github.com/saredigital/sarepost/internal/api/ui_schedule.go:763.73,764.23 1 82
github.com/saredigital/sarepost/internal/api/ui_schedule.go:764.23,765.51 1 84
github.com/saredigital/sarepost/internal/api/ui_schedule.go:765.51,767.4 1 66
github.com/saredigital/sarepost/internal/api/ui_schedule.go:769.2,769.46 1 82
github.com/saredigital/sarepost/internal/api/ui_schedule.go:769.46,772.19 3 2
github.com/saredigital/sarepost/internal/api/ui_schedule.go:772.19,774.4 1 0
github.com/saredigital/sarepost/internal/api/ui_schedule.go:775.3,775.20 1 2
github.com/saredigital/sarepost/internal/api/ui_schedule.go:775.20,777.4 1 0
github.com/saredigital/sarepost/internal/api/ui_schedule.go:778.3,778.26 1 2
github.com/saredigital/sarepost/internal/api/ui_schedule.go:778.26,780.4 1 2
github.com/saredigital/sarepost/internal/api/ui_schedule.go:781.3,781.55 1 0
github.com/saredigital/sarepost/internal/api/ui_schedule.go:785.72,787.18 2 0
github.com/saredigital/sarepost/internal/api/ui_schedule.go:787.18,789.3 1 0
github.com/saredigital/sarepost/internal/api/ui_schedule.go:790.2,791.16 2 0
github.com/saredigital/sarepost/internal/api/ui_schedule.go:791.16,793.3 1 0
github.com/saredigital/sarepost/internal/api/ui_schedule.go:794.2,795.19 2 0
github.com/saredigital/sarepost/internal/api/ui_schedule.go:795.19,797.3 1 0
github.com/saredigital/sarepost/internal/api/ui_schedule.go:798.2,798.22 1 0
github.com/saredigital/sarepost/internal/api/ui_schedule.go:798.22,800.3 1 0
github.com/saredigital/sarepost/internal/api/ui_schedule.go:801.2,801.47 1 0
github.com/saredigital/sarepost/internal/api/ui_schedule.go:804.53,806.2 1 54
github.com/saredigital/sarepost/internal/api/ui_schedule.go:808.46,809.34 1 108
github.com/saredigital/sarepost/internal/api/ui_schedule.go:809.34,811.3 1 102
github.com/saredigital/sarepost/internal/api/ui_schedule.go:812.2,815.29 4 6
github.com/saredigital/sarepost/internal/api/ui_schedule.go:815.29,817.15 2 16
github.com/saredigital/sarepost/internal/api/ui_schedule.go:817.15,818.12 1 0
github.com/saredigital/sarepost/internal/api/ui_schedule.go:820.3,820.36 1 16
github.com/saredigital/sarepost/internal/api/ui_schedule.go:820.36,821.12 1 0
github.com/saredigital/sarepost/internal/api/ui_schedule.go:823.3,824.24 2 16
github.com/saredigital/sarepost/internal/api/ui_schedule.go:826.2,826.12 1 6
github.com/saredigital/sarepost/internal/api/ui_schedule.go:829.59,831.16 2 5
github.com/saredigital/sarepost/internal/api/ui_schedule.go:831.16,833.3 1 0
github.com/saredigital/sarepost/internal/api/ui_schedule.go:834.2,836.25 3 5
github.com/saredigital/sarepost/internal/api/ui_schedule.go:836.25,838.29 2 8
github.com/saredigital/sarepost/internal/api/ui_schedule.go:838.29,839.12 1 3
github.com/saredigital/sarepost/internal/api/ui_schedule.go:841.3,841.24 1 5
github.com/saredigital/sarepost/internal/api/ui_schedule.go:843.2,843.12 1 5
github.com/saredigital/sarepost/internal/api/ui_schedule.go:846.98,847.41 1 54
github.com/saredigital/sarepost/internal/api/ui_schedule.go:847.41,849.3 1 49
github.com/saredigital/sarepost/internal/api/ui_schedule.go:850.2,851.35 2 5
github.com/saredigital/sarepost/internal/api/ui_schedule.go:851.35,853.15 2 10
github.com/saredigital/sarepost/internal/api/ui_schedule.go:853.15,854.12 1 0
github.com/saredigital/sarepost/internal/api/ui_schedule.go:856.3,856.27 1 10
github.com/saredigital/sarepost/internal/api/ui_schedule.go:858.2,860.25 3 5
github.com/saredigital/sarepost/internal/api/ui_schedule.go:860.25,862.15 2 10
github.com/saredigital/sarepost/internal/api/ui_schedule.go:862.15,863.12 1 0
github.com/saredigital/sarepost/internal/api/ui_schedule.go:865.3,865.40 1 10
github.com/saredigital/sarepost/internal/api/ui_schedule.go:865.40,866.12 1 0
github.com/saredigital/sarepost/internal/api/ui_schedule.go:868.3,868.36 1 10
github.com/saredigital/sarepost/internal/api/ui_schedule.go:868.36,869.12 1 0
github.com/saredigital/sarepost/internal/api/ui_schedule.go:871.3,872.24 2 10
github.com/saredigital/sarepost/internal/api/ui_schedule.go:874.2,874.12 1 5
github.com/saredigital/sarepost/internal/api/ui_schedule.go:877.88,882.31 5 91
github.com/saredigital/sarepost/internal/api/ui_schedule.go:882.31,885.3 2 91
github.com/saredigital/sarepost/internal/api/ui_schedule.go:886.2,886.32 1 91
github.com/saredigital/sarepost/internal/api/ui_schedule.go:886.32,888.3 1 91
github.com/saredigital/sarepost/internal/api/ui_schedule.go:889.2,889.31 1 91
github.com/saredigital/sarepost/internal/api/ui_schedule.go:892.87,893.52 1 4
github.com/saredigital/sarepost/internal/api/ui_schedule.go:893.52,895.3 1 2
github.com/saredigital/sarepost/internal/api/ui_schedule.go:896.2,897.16 2 2
github.com/saredigital/sarepost/internal/api/ui_schedule.go:897.16,899.3 1 0
github.com/saredigital/sarepost/internal/api/ui_schedule.go:900.2,910.30 2 2
github.com/saredigital/sarepost/internal/api/ui_schedule.go:913.93,914.16 1 9
github.com/saredigital/sarepost/internal/api/ui_schedule.go:914.16,916.3 1 0
github.com/saredigital/sarepost/internal/api/ui_schedule.go:917.2,918.18 2 9
github.com/saredigital/sarepost/internal/api/ui_schedule.go:918.18,920.21 2 7
github.com/saredigital/sarepost/internal/api/ui_schedule.go:920.21,922.4 1 6
github.com/saredigital/sarepost/internal/api/ui_schedule.go:923.3,924.17 2 1
github.com/saredigital/sarepost/internal/api/ui_schedule.go:924.17,926.4 1 0
github.com/saredigital/sarepost/internal/api/ui_schedule.go:927.3,927.91 1 1
github.com/saredigital/sarepost/internal/api/ui_schedule.go:927.91,929.4 1 0
github.com/saredigital/sarepost/internal/api/ui_schedule.go:930.3,930.64 1 1
github.com/saredigital/sarepost/internal/api/ui_schedule.go:932.2,932.18 1 3
github.com/saredigital/sarepost/internal/api/ui_schedule.go:932.18,934.3 1 0
github.com/saredigital/sarepost/internal/api/ui_schedule.go:935.2,936.16 2 3
github.com/saredigital/sarepost/internal/api/ui_schedule.go:936.16,938.3 1 0
github.com/saredigital/sarepost/internal/api/ui_schedule.go:939.2,939.24 1 3
github.com/saredigital/sarepost/internal/api/ui_schedule.go:942.78,944.76 2 65
github.com/saredigital/sarepost/internal/api/ui_schedule.go:945.34,946.77 1 12
github.com/saredigital/sarepost/internal/api/ui_schedule.go:947.38,948.81 1 1
github.com/saredigital/sarepost/internal/api/ui_schedule.go:950.2,951.36 2 65
github.com/saredigital/sarepost/internal/api/upload_stream.go:33.90,35.16 2 7
github.com/saredigital/sarepost/internal/api/upload_stream.go:35.16,37.3 1 0
github.com/saredigital/sarepost/internal/api/upload_stream.go:39.2,40.55 2 7
github.com/saredigital/sarepost/internal/api/upload_stream.go:40.55,42.3 1 0
github.com/saredigital/sarepost/internal/api/upload_stream.go:44.2,45.16 2 7
github.com/saredigital/sarepost/internal/api/upload_stream.go:45.16,47.3 1 0
github.com/saredigital/sarepost/internal/api/upload_stream.go:48.2,52.15 4 7
github.com/saredigital/sarepost/internal/api/upload_stream.go:52.15,53.17 1 7
github.com/saredigital/sarepost/internal/api/upload_stream.go:53.17,55.4 1 1
github.com/saredigital/sarepost/internal/api/upload_stream.go:56.3,56.17 1 7
github.com/saredigital/sarepost/internal/api/upload_stream.go:56.17,58.4 1 3
github.com/saredigital/sarepost/internal/api/upload_stream.go:61.2,62.6 2 7
github.com/saredigital/sarepost/internal/api/upload_stream.go:62.6,64.33 2 18
github.com/saredigital/sarepost/internal/api/upload_stream.go:64.33,65.9 1 5
github.com/saredigital/sarepost/internal/api/upload_stream.go:67.3,67.21 1 13
github.com/saredigital/sarepost/internal/api/upload_stream.go:67.21,69.4 1 0
github.com/saredigital/sarepost/internal/api/upload_stream.go:71.3,71.26 1 13
github.com/saredigital/sarepost/internal/api/upload_stream.go:72.15,75.22 3 4
github.com/saredigital/sarepost/internal/api/upload_stream.go:75.22,77.5 1 0
github.com/saredigital/sarepost/internal/api/upload_stream.go:78.4,78.16 1 4
github.com/saredigital/sarepost/internal/api/upload_stream.go:78.16,81.5 2 4
github.com/saredigital/sarepost/internal/api/upload_stream.go:82.15,83.32 1 6
github.com/saredigital/sarepost/internal/api/upload_stream.go:83.32,86.13 3 0
github.com/saredigital/sarepost/internal/api/upload_stream.go:89.4,91.18 3 6
github.com/saredigital/sarepost/internal/api/upload_stream.go:91.18,93.5 1 0
github.com/saredigital/sarepost/internal/api/upload_stream.go:94.4,97.22 3 6
github.com/saredigital/sarepost/internal/api/upload_stream.go:97.22,100.5 2 0
github.com/saredigital/sarepost/internal/api/upload_stream.go:101.4,102.18 2 6
github.com/saredigital/sarepost/internal/api/upload_stream.go:102.18,105.5 2 0
github.com/saredigital/sarepost/internal/api/upload_stream.go:106.4,106.24 1 6
github.com/saredigital/sarepost/internal/api/upload_stream.go:106.24,107.49 1 6
github.com/saredigital/sarepost/internal/api/upload_stream.go:107.49,110.6 2 0
github.com/saredigital/sarepost/internal/api/upload_stream.go:112.4,113.26 2 6
github.com/saredigital/sarepost/internal/api/upload_stream.go:113.26,116.5 2 1
github.com/saredigital/sarepost/internal/api/upload_stream.go:117.4,119.22 3 5
github.com/saredigital/sarepost/internal/api/upload_stream.go:119.22,121.5 1 0
github.com/saredigital/sarepost/internal/api/upload_stream.go:122.4,122.29 1 5
github.com/saredigital/sarepost/internal/api/upload_stream.go:122.29,124.5 1 0
github.com/saredigital/sarepost/internal/api/upload_stream.go:125.4,125.48 1 5
github.com/saredigital/sarepost/internal/api/upload_stream.go:125.48,127.5 1 0
github.com/saredigital/sarepost/internal/api/upload_stream.go:128.4,132.24 4 5
github.com/saredigital/sarepost/internal/api/upload_stream.go:132.24,134.5 1 1
github.com/saredigital/sarepost/internal/api/upload_stream.go:135.4,135.30 1 4
github.com/saredigital/sarepost/internal/api/upload_stream.go:136.11,138.20 2 3
github.com/saredigital/sarepost/internal/api/upload_stream.go:142.2,142.30 1 5
github.com/saredigital/sarepost/internal/api/upload_stream.go:142.30,144.3 1 1
github.com/saredigital/sarepost/internal/api/upload_stream.go:146.2,146.35 1 4
github.com/saredigital/sarepost/internal/api/upload_stream.go:149.79,151.16 2 4
github.com/saredigital/sarepost/internal/api/upload_stream.go:151.16,153.3 1 0
github.com/saredigital/sarepost/internal/api/upload_stream.go:154.2,154.32 1 4
github.com/saredigital/sarepost/internal/api/upload_stream.go:154.32,156.3 1 0
github.com/saredigital/sarepost/internal/api/upload_stream.go:157.2,157.44 1 4
github.com/saredigital/sarepost/internal/api/upload_stream.go:160.73,161.19 1 6
github.com/saredigital/sarepost/internal/api/upload_stream.go:161.19,163.3 1 0
github.com/saredigital/sarepost/internal/api/upload_stream.go:164.2,166.9 3 6
github.com/saredigital/sarepost/internal/api/upload_stream.go:167.79,168.22 1 6
github.com/saredigital/sarepost/internal/api/upload_stream.go:169.10,170.18 1 0
github.com/saredigital/sarepost/internal/api/upload_stream.go:174.95,176.38 2 8
github.com/saredigital/sarepost/internal/api/upload_stream.go:176.38,178.3 1 1
github.com/saredigital/sarepost/internal/api/upload_stream.go:179.2,179.22 1 7
github.com/saredigital/sarepost/internal/api/upload_stream.go:179.22,180.101 1 7
github.com/saredigital/sarepost/internal/api/upload_stream.go:180.101,182.4 1 1
github.com/saredigital/sarepost/internal/api/upload_stream.go:182.9,182.46 1 6
github.com/saredigital/sarepost/internal/api/upload_stream.go:182.46,184.4 1 1
github.com/saredigital/sarepost/internal/api/upload_stream.go:186.2,186.124 1 5
github.com/saredigital/sarepost/internal/api/upload_stream.go:186.124,187.43 1 5
github.com/saredigital/sarepost/internal/api/upload_stream.go:187.43,189.4 1 5
github.com/saredigital/sarepost/internal/api/upload_stream.go:190.3,190.42 1 0
github.com/saredigital/sarepost/internal/api/upload_stream.go:190.42,192.4 1 0
github.com/saredigital/sarepost/internal/api/upload_stream.go:193.3,193.51 1 0
github.com/saredigital/sarepost/internal/api/upload_stream.go:195.2,195.58 1 0
github.com/saredigital/sarepost/internal/api/upload_stream.go:195.58,197.3 1 0
github.com/saredigital/sarepost/internal/api/upload_stream.go:198.2,198.22 1 0
github.com/saredigital/sarepost/internal/api/upload_stream.go:198.22,199.83 1 0
github.com/saredigital/sarepost/internal/api/upload_stream.go:199.83,201.4 1 0
github.com/saredigital/sarepost/internal/api/upload_stream.go:203.2,203.40 1 0
github.com/saredigital/sarepost/internal/api/upload_stream.go:206.47,208.16 2 0
github.com/saredigital/sarepost/internal/api/upload_stream.go:208.16,210.48 2 0
github.com/saredigital/sarepost/internal/api/upload_stream.go:210.48,212.4 1 0
github.com/saredigital/sarepost/internal/api/upload_stream.go:214.2,214.64 1 0
github.com/saredigital/sarepost/internal/api/upload_stream.go:217.47,221.2 2 16
github.com/saredigital/sarepost/internal/api/upload_stream.go:223.46,228.2 2 15
github.com/saredigital/sarepost/internal/api/upload_stream.go:230.49,232.16 2 42
github.com/saredigital/sarepost/internal/api/upload_stream.go:232.16,234.48 2 2
github.com/saredigital/sarepost/internal/api/upload_stream.go:234.48,236.4 1 0
github.com/saredigital/sarepost/internal/api/upload_stream.go:238.2,238.53 1 42
github.com/saredigital/sarepost/internal/api/upload_stream.go:241.41,243.16 2 3
github.com/saredigital/sarepost/internal/api/upload_stream.go:243.16,245.3 1 1
github.com/saredigital/sarepost/internal/api/upload_stream.go:246.2,247.51 2 2
github.com/saredigital/sarepost/internal/api/upload_stream.go:247.51,249.3 1 0
github.com/saredigital/sarepost/internal/api/upload_stream.go:250.2,250.12 1 2
github.com/saredigital/sarepost/internal/api/validate.go:47.104,48.44 1 7
github.com/saredigital/sarepost/internal/api/validate.go:48.44,50.3 1 0
github.com/saredigital/sarepost/internal/api/validate.go:52.2,53.16 2 7
github.com/saredigital/sarepost/internal/api/validate.go:53.16,55.3 1 0
github.com/saredigital/sarepost/internal/api/validate.go:56.2,56.53 1 7
github.com/saredigital/sarepost/internal/api/validate.go:56.53,58.3 1 0
github.com/saredigital/sarepost/internal/api/validate.go:59.2,60.9 2 7
github.com/saredigital/sarepost/internal/api/validate.go:60.9,62.3 1 0
github.com/saredigital/sarepost/internal/api/validate.go:64.2,65.24 2 7
github.com/saredigital/sarepost/internal/api/validate.go:65.24,67.17 2 6
github.com/saredigital/sarepost/internal/api/validate.go:67.17,69.4 1 0
github.com/saredigital/sarepost/internal/api/validate.go:70.3,73.5 1 6
github.com/saredigital/sarepost/internal/api/validate.go:75.2,75.48 1 7
github.com/saredigital/sarepost/internal/api/validate.go:75.48,77.3 1 1
github.com/saredigital/sarepost/internal/api/validate.go:78.2,78.47 1 6
github.com/saredigital/sarepost/internal/api/validate.go:78.47,80.3 1 0
github.com/saredigital/sarepost/internal/api/validate.go:82.2,83.46 2 6
github.com/saredigital/sarepost/internal/api/validate.go:83.46,85.17 2 1
github.com/saredigital/sarepost/internal/api/validate.go:85.17,87.4 1 0
github.com/saredigital/sarepost/internal/api/validate.go:88.3,88.23 1 1
github.com/saredigital/sarepost/internal/api/validate.go:91.2,92.35 2 6
github.com/saredigital/sarepost/internal/api/validate.go:92.35,94.3 1 6
github.com/saredigital/sarepost/internal/api/validate.go:95.2,96.16 2 6
github.com/saredigital/sarepost/internal/api/validate.go:96.16,98.3 1 0
github.com/saredigital/sarepost/internal/api/validate.go:99.2,100.35 2 6
github.com/saredigital/sarepost/internal/api/validate.go:100.35,102.3 1 1
github.com/saredigital/sarepost/internal/api/validate.go:104.2,105.22 2 6
github.com/saredigital/sarepost/internal/api/validate.go:105.22,107.23 2 6
github.com/saredigital/sarepost/internal/api/validate.go:107.23,109.4 1 0
github.com/saredigital/sarepost/internal/api/validate.go:112.2,114.37 3 6
github.com/saredigital/sarepost/internal/api/validate.go:114.37,117.42 3 6
github.com/saredigital/sarepost/internal/api/validate.go:117.42,119.21 2 1
github.com/saredigital/sarepost/internal/api/validate.go:119.21,120.13 1 0
github.com/saredigital/sarepost/internal/api/validate.go:122.4,123.11 2 1
github.com/saredigital/sarepost/internal/api/validate.go:123.11,125.5 1 0
github.com/saredigital/sarepost/internal/api/validate.go:126.4,127.60 2 1
github.com/saredigital/sarepost/internal/api/validate.go:129.3,129.15 1 6
github.com/saredigital/sarepost/internal/api/validate.go:129.15,131.18 2 6
github.com/saredigital/sarepost/internal/api/validate.go:131.18,133.5 1 0
github.com/saredigital/sarepost/internal/api/validate.go:134.4,134.48 1 6
github.com/saredigital/sarepost/internal/api/validate.go:135.9,136.93 1 0
github.com/saredigital/sarepost/internal/api/validate.go:136.93,138.5 1 0
github.com/saredigital/sarepost/internal/api/validate.go:140.3,143.5 1 6
github.com/saredigital/sarepost/internal/api/validate.go:145.2,145.26 1 6
github.com/saredigital/sarepost/internal/api/validate.go:145.26,147.3 1 5
github.com/saredigital/sarepost/internal/api/validate.go:148.2,148.73 1 6
github.com/saredigital/sarepost/internal/api/validate.go:148.73,150.3 1 0
github.com/saredigital/sarepost/internal/api/validate.go:152.2,153.27 2 6
github.com/saredigital/sarepost/internal/api/validate.go:153.27,155.3 1 1
github.com/saredigital/sarepost/internal/api/validate.go:157.2,169.8 1 6
github.com/saredigital/sarepost/internal/api/validate.go:172.76,174.61 2 5
github.com/saredigital/sarepost/internal/api/validate.go:174.61,177.3 2 0
github.com/saredigital/sarepost/internal/api/validate.go:178.2,179.31 2 5
github.com/saredigital/sarepost/internal/api/validate.go:179.31,182.3 2 0
github.com/saredigital/sarepost/internal/api/validate.go:183.2,191.16 2 5
github.com/saredigital/sarepost/internal/api/validate.go:191.16,194.3 2 1
github.com/saredigital/sarepost/internal/api/validate.go:195.2,195.34 1 4
github.com/saredigital/sarepost/internal/api/validate.go:198.95,199.18 1 0
github.com/saredigital/sarepost/internal/api/validate.go:200.24,201.21 1 0
github.com/saredigital/sarepost/internal/api/validate.go:201.21,203.4 1 0
github.com/saredigital/sarepost/internal/api/validate.go:204.31,205.21 1 0
github.com/saredigital/sarepost/internal/api/validate.go:205.21,207.4 1 0
github.com/saredigital/sarepost/internal/api/validate.go:208.31,209.21 1 0
github.com/saredigital/sarepost/internal/api/validate.go:209.21,211.4 1 0
github.com/saredigital/sarepost/internal/api/validate.go:212.32,213.21 1 0
github.com/saredigital/sarepost/internal/api/validate.go:213.21,215.4 1 0
github.com/saredigital/sarepost/internal/api/validate.go:216.10,217.21 1 0
github.com/saredigital/sarepost/internal/api/validate.go:217.21,219.4 1 0
github.com/saredigital/sarepost/internal/api/validate.go:221.2,221.12 1 0
github.com/saredigital/sarepost/internal/application/notifications/smtp.go:103.79,105.23 2 7
github.com/saredigital/sarepost/internal/application/notifications/smtp.go:105.23,107.3 1 0
github.com/saredigital/sarepost/internal/application/notifications/smtp.go:108.2,109.16 2 7
github.com/saredigital/sarepost/internal/application/notifications/smtp.go:109.16,111.3 1 0
github.com/saredigital/sarepost/internal/application/notifications/smtp.go:112.2,112.58 1 7
github.com/saredigital/sarepost/internal/application/notifications/smtp.go:115.81,117.16 2 4
github.com/saredigital/sarepost/internal/application/notifications/smtp.go:117.16,119.3 1 0
github.com/saredigital/sarepost/internal/application/notifications/smtp.go:120.2,135.18 4 4
github.com/saredigital/sarepost/internal/application/notifications/smtp.go:138.103,139.20 1 3
github.com/saredigital/sarepost/internal/application/notifications/smtp.go:139.20,141.3 1 0
github.com/saredigital/sarepost/internal/application/notifications/smtp.go:142.2,143.15 2 3
github.com/saredigital/sarepost/internal/application/notifications/smtp.go:143.15,145.3 1 0
github.com/saredigital/sarepost/internal/application/notifications/smtp.go:146.2,158.53 2 3
github.com/saredigital/sarepost/internal/application/notifications/smtp.go:158.53,160.3 1 0
github.com/saredigital/sarepost/internal/application/notifications/smtp.go:161.2,161.29 1 3
github.com/saredigital/sarepost/internal/application/notifications/smtp.go:161.29,163.3 1 1
github.com/saredigital/sarepost/internal/application/notifications/smtp.go:164.2,164.47 1 3
github.com/saredigital/sarepost/internal/application/notifications/smtp.go:164.47,166.17 2 0
github.com/saredigital/sarepost/internal/application/notifications/smtp.go:166.17,168.4 1 0
github.com/saredigital/sarepost/internal/application/notifications/smtp.go:169.3,169.9 1 0
github.com/saredigital/sarepost/internal/application/notifications/smtp.go:169.9,171.4 1 0
github.com/saredigital/sarepost/internal/application/notifications/smtp.go:173.2,173.17 1 3
github.com/saredigital/sarepost/internal/application/notifications/smtp.go:173.17,174.64 1 2
github.com/saredigital/sarepost/internal/application/notifications/smtp.go:174.64,176.4 1 0
github.com/saredigital/sarepost/internal/application/notifications/smtp.go:178.2,179.16 2 3
github.com/saredigital/sarepost/internal/application/notifications/smtp.go:179.16,181.3 1 0
github.com/saredigital/sarepost/internal/application/notifications/smtp.go:182.2,183.16 2 3
github.com/saredigital/sarepost/internal/application/notifications/smtp.go:183.16,185.3 1 0
github.com/saredigital/sarepost/internal/application/notifications/smtp.go:186.2,186.87 1 3
github.com/saredigital/sarepost/internal/application/notifications/smtp.go:186.87,188.3 1 0
github.com/saredigital/sarepost/internal/application/notifications/smtp.go:189.2,189.33 1 3
github.com/saredigital/sarepost/internal/application/notifications/smtp.go:192.113,194.16 2 1
github.com/saredigital/sarepost/internal/application/notifications/smtp.go:194.16,196.3 1 0
github.com/saredigital/sarepost/internal/application/notifications/smtp.go:197.2,197.25 1 1
github.com/saredigital/sarepost/internal/application/notifications/smtp.go:197.25,199.3 1 0
github.com/saredigital/sarepost/internal/application/notifications/smtp.go:200.2,200.63 1 1
github.com/saredigital/sarepost/internal/application/notifications/smtp.go:200.63,202.3 1 0
github.com/saredigital/sarepost/internal/application/notifications/smtp.go:203.2,204.19 2 1
github.com/saredigital/sarepost/internal/application/notifications/smtp.go:204.19,206.3 1 0
github.com/saredigital/sarepost/internal/application/notifications/smtp.go:207.2,207.68 1 1
github.com/saredigital/sarepost/internal/application/notifications/smtp.go:210.76,212.16 2 1
github.com/saredigital/sarepost/internal/application/notifications/smtp.go:212.16,214.3 1 0
github.com/saredigital/sarepost/internal/application/notifications/smtp.go:215.2,215.9 1 1
github.com/saredigital/sarepost/internal/application/notifications/smtp.go:215.9,217.3 1 0
github.com/saredigital/sarepost/internal/application/notifications/smtp.go:218.2,219.16 2 1
github.com/saredigital/sarepost/internal/application/notifications/smtp.go:219.16,221.3 1 0
github.com/saredigital/sarepost/internal/application/notifications/smtp.go:222.2,222.63 1 1
github.com/saredigital/sarepost/internal/application/notifications/smtp.go:222.63,224.3 1 0
github.com/saredigital/sarepost/internal/application/notifications/smtp.go:225.2,226.19 2 1
github.com/saredigital/sarepost/internal/application/notifications/smtp.go:226.19,228.3 1 0
github.com/saredigital/sarepost/internal/application/notifications/smtp.go:229.2,229.67 1 1
github.com/saredigital/sarepost/internal/application/notifications/smtp.go:229.67,231.3 1 0
github.com/saredigital/sarepost/internal/application/notifications/smtp.go:232.2,232.18 1 1
github.com/saredigital/sarepost/internal/application/notifications/smtp.go:235.92,236.20 1 7
github.com/saredigital/sarepost/internal/application/notifications/smtp.go:236.20,238.3 1 0
github.com/saredigital/sarepost/internal/application/notifications/smtp.go:239.2,240.16 2 7
github.com/saredigital/sarepost/internal/application/notifications/smtp.go:240.16,241.36 1 0
github.com/saredigital/sarepost/internal/application/notifications/smtp.go:241.36,243.4 1 0
github.com/saredigital/sarepost/internal/application/notifications/smtp.go:244.3,244.40 1 0
github.com/saredigital/sarepost/internal/application/notifications/smtp.go:246.2,247.61 2 7
github.com/saredigital/sarepost/internal/application/notifications/smtp.go:247.61,249.3 1 0
github.com/saredigital/sarepost/internal/application/notifications/smtp.go:250.2,250.26 1 7
github.com/saredigital/sarepost/internal/application/notifications/smtp.go:253.81,265.24 2 3
github.com/saredigital/sarepost/internal/application/notifications/smtp.go:265.24,267.3 1 2
github.com/saredigital/sarepost/internal/application/notifications/smtp.go:268.2,268.21 1 1
github.com/saredigital/sarepost/internal/application/notifications/smtp.go:268.21,270.3 1 0
github.com/saredigital/sarepost/internal/application/notifications/smtp.go:271.2,272.16 2 1
github.com/saredigital/sarepost/internal/application/notifications/smtp.go:272.16,274.3 1 0
github.com/saredigital/sarepost/internal/application/notifications/smtp.go:275.2,278.20 4 1
github.com/saredigital/sarepost/internal/application/notifications/smtp.go:281.75,282.67 1 7
github.com/saredigital/sarepost/internal/application/notifications/smtp.go:282.67,284.3 1 5
github.com/saredigital/sarepost/internal/application/notifications/smtp.go:285.2,285.21 1 2
github.com/saredigital/sarepost/internal/application/notifications/smtp.go:285.21,287.3 1 0
github.com/saredigital/sarepost/internal/application/notifications/smtp.go:288.2,289.16 2 2
github.com/saredigital/sarepost/internal/application/notifications/smtp.go:289.16,291.3 1 0
github.com/saredigital/sarepost/internal/application/notifications/smtp.go:292.2,293.16 2 2
github.com/saredigital/sarepost/internal/application/notifications/smtp.go:293.16,295.3 1 0
github.com/saredigital/sarepost/internal/application/notifications/smtp.go:296.2,297.75 2 2
github.com/saredigital/sarepost/internal/application/notifications/smtp.go:297.75,299.3 1 0
github.com/saredigital/sarepost/internal/application/notifications/smtp.go:300.2,300.22 1 2
github.com/saredigital/sarepost/internal/application/notifications/smtp.go:303.80,316.2 1 7
github.com/saredigital/sarepost/internal/application/notifications/smtp.go:318.55,320.39 2 8
github.com/saredigital/sarepost/internal/application/notifications/smtp.go:320.39,322.3 1 0
github.com/saredigital/sarepost/internal/application/notifications/smtp.go:323.2,323.39 1 8
github.com/saredigital/sarepost/internal/application/notifications/smtp.go:323.39,325.3 1 0
github.com/saredigital/sarepost/internal/application/notifications/smtp.go:326.2,326.39 1 8
github.com/saredigital/sarepost/internal/application/notifications/smtp.go:326.39,328.3 1 0
github.com/saredigital/sarepost/internal/application/notifications/smtp.go:328.8,328.62 1 8
github.com/saredigital/sarepost/internal/application/notifications/smtp.go:328.62,330.3 1 0
github.com/saredigital/sarepost/internal/application/notifications/smtp.go:331.2,331.37 1 8
github.com/saredigital/sarepost/internal/application/notifications/smtp.go:331.37,333.3 1 0
github.com/saredigital/sarepost/internal/application/notifications/smtp.go:333.8,333.60 1 8
github.com/saredigital/sarepost/internal/application/notifications/smtp.go:333.60,335.3 1 0
github.com/saredigital/sarepost/internal/application/notifications/smtp.go:336.2,336.84 1 8
github.com/saredigital/sarepost/internal/application/notifications/smtp.go:336.84,338.3 1 0
github.com/saredigital/sarepost/internal/application/notifications/smtp.go:339.2,339.16 1 8
github.com/saredigital/sarepost/internal/application/notifications/smtp.go:342.100,346.31 4 1
github.com/saredigital/sarepost/internal/application/notifications/smtp.go:346.31,348.3 1 1
github.com/saredigital/sarepost/internal/application/notifications/smtp.go:349.2,350.25 2 1
github.com/saredigital/sarepost/internal/application/notifications/smtp.go:350.25,352.3 1 0
github.com/saredigital/sarepost/internal/application/notifications/smtp.go:353.2,358.22 6 1
github.com/saredigital/sarepost/internal/application/notifications/smtp.go:358.22,360.3 1 1
github.com/saredigital/sarepost/internal/application/notifications/smtp.go:361.2,363.32 3 1
github.com/saredigital/sarepost/internal/application/notifications/smtp.go:363.32,365.3 1 0
github.com/saredigital/sarepost/internal/application/notifications/smtp.go:366.2,367.54 2 1
github.com/saredigital/sarepost/internal/application/notifications/smtp.go:367.54,368.23 1 1
github.com/saredigital/sarepost/internal/application/notifications/smtp.go:368.23,370.4 1 0
github.com/saredigital/sarepost/internal/application/notifications/smtp.go:371.3,371.49 1 1
github.com/saredigital/sarepost/internal/application/notifications/smtp.go:373.2,373.60 1 1
github.com/saredigital/sarepost/internal/application/notifications/smtp.go:376.50,378.25 2 1
github.com/saredigital/sarepost/internal/application/notifications/smtp.go:378.25,380.3 1 0
github.com/saredigital/sarepost/internal/application/notifications/smtp.go:381.2,389.3 1 1
github.com/saredigital/sarepost/internal/application/notifications/smtp.go:394.92,396.16 2 0
github.com/saredigital/sarepost/internal/application/notifications/smtp.go:396.16,398.3 1 0
github.com/saredigital/sarepost/internal/application/notifications/smtp.go:399.2,400.16 2 0
github.com/saredigital/sarepost/internal/application/notifications/smtp.go:400.16,402.3 1 0
github.com/saredigital/sarepost/internal/application/notifications/smtp.go:403.2,405.15 3 0
github.com/saredigital/sarepost/internal/application/notifications/smtp.go:405.15,407.3 1 0
github.com/saredigital/sarepost/internal/application/notifications/smtp.go:408.2,411.16 4 0
github.com/saredigital/sarepost/internal/application/notifications/smtp.go:411.16,413.17 2 0
github.com/saredigital/sarepost/internal/application/notifications/smtp.go:413.17,415.4 1 0
github.com/saredigital/sarepost/internal/application/notifications/smtp.go:416.3,418.17 3 0
github.com/saredigital/sarepost/internal/application/notifications/smtp.go:418.17,420.4 1 0
github.com/saredigital/sarepost/internal/application/notifications/smtp.go:421.3,421.73 1 0
github.com/saredigital/sarepost/internal/application/notifications/smtp.go:423.2,424.16 2 0
github.com/saredigital/sarepost/internal/application/notifications/smtp.go:424.16,426.3 1 0
github.com/saredigital/sarepost/internal/application/notifications/smtp.go:427.2,429.16 3 0
github.com/saredigital/sarepost/internal/application/notifications/smtp.go:429.16,431.3 1 0
github.com/saredigital/sarepost/internal/application/notifications/smtp.go:432.2,432.18 1 0
github.com/saredigital/sarepost/internal/application/notifications/smtp.go:432.18,433.48 1 0
github.com/saredigital/sarepost/internal/application/notifications/smtp.go:433.48,434.103 1 0
github.com/saredigital/sarepost/internal/application/notifications/smtp.go:434.103,437.5 2 0
github.com/saredigital/sarepost/internal/application/notifications/smtp.go:440.2,440.72 1 0
github.com/saredigital/sarepost/internal/application/notifications/smtp.go:443.114,445.12 2 0
github.com/saredigital/sarepost/internal/application/notifications/smtp.go:445.12,447.25 2 0
github.com/saredigital/sarepost/internal/application/notifications/smtp.go:447.25,448.115 1 0
github.com/saredigital/sarepost/internal/application/notifications/smtp.go:448.115,451.5 2 0
github.com/saredigital/sarepost/internal/application/notifications/smtp.go:453.3,453.43 1 0
github.com/saredigital/sarepost/internal/application/notifications/smtp.go:453.43,456.4 2 0
github.com/saredigital/sarepost/internal/application/notifications/smtp.go:457.3,457.41 1 0
github.com/saredigital/sarepost/internal/application/notifications/smtp.go:457.41,460.4 2 0
github.com/saredigital/sarepost/internal/application/notifications/smtp.go:461.3,462.17 2 0
github.com/saredigital/sarepost/internal/application/notifications/smtp.go:462.17,465.4 2 0
github.com/saredigital/sarepost/internal/application/notifications/smtp.go:466.3,466.46 1 0
github.com/saredigital/sarepost/internal/application/notifications/smtp.go:466.46,470.4 3 0
github.com/saredigital/sarepost/internal/application/notifications/smtp.go:471.3,471.25 1 0
github.com/saredigital/sarepost/internal/application/notifications/smtp.go:473.2,473.9 1 0
github.com/saredigital/sarepost/internal/application/notifications/smtp.go:474.20,476.19 2 0
github.com/saredigital/sarepost/internal/application/notifications/smtp.go:477.21,478.13 1 0
github.com/saredigital/sarepost/internal/application/notifications/smtp.go:482.64,493.2 4 0
github.com/saredigital/sarepost/internal/postflow/client.go:87.67,89.37 2 1
github.com/saredigital/sarepost/internal/postflow/client.go:89.37,90.22 1 3
github.com/saredigital/sarepost/internal/postflow/client.go:90.22,91.12 1 1
github.com/saredigital/sarepost/internal/postflow/client.go:93.3,93.53 1 2
github.com/saredigital/sarepost/internal/postflow/client.go:95.2,95.17 1 1
github.com/saredigital/sarepost/internal/postflow/client.go:98.75,99.14 1 6
github.com/saredigital/sarepost/internal/postflow/client.go:99.14,101.3 1 2
github.com/saredigital/sarepost/internal/postflow/client.go:102.2,103.14 2 4
github.com/saredigital/sarepost/internal/postflow/client.go:106.85,108.9 2 3
github.com/saredigital/sarepost/internal/postflow/client.go:108.9,110.3 1 1
github.com/saredigital/sarepost/internal/postflow/client.go:111.2,112.26 2 2
github.com/saredigital/sarepost/internal/postflow/client.go:119.61,120.20 1 3
github.com/saredigital/sarepost/internal/postflow/client.go:120.20,122.3 1 1
github.com/saredigital/sarepost/internal/postflow/client.go:123.2,123.41 1 3
github.com/saredigital/sarepost/internal/postflow/client.go:126.50,128.2 1 3
github.com/saredigital/sarepost/internal/postflow/client.go:130.107,132.2 1 1
github.com/saredigital/sarepost/internal/postflow/client.go:134.148,136.2 1 1
github.com/saredigital/sarepost/internal/postflow/client.go:138.134,140.2 1 1
github.com/saredigital/sarepost/internal/postflow/linkedin.go:37.72,38.46 1 28
github.com/saredigital/sarepost/internal/postflow/linkedin.go:38.46,40.3 1 22
github.com/saredigital/sarepost/internal/postflow/linkedin.go:41.2,41.45 1 28
github.com/saredigital/sarepost/internal/postflow/linkedin.go:41.45,43.3 1 7
github.com/saredigital/sarepost/internal/postflow/linkedin.go:44.2,47.3 1 28
github.com/saredigital/sarepost/internal/postflow/linkedin.go:50.55,52.2 1 1
github.com/saredigital/sarepost/internal/postflow/linkedin.go:54.116,56.26 2 6
github.com/saredigital/sarepost/internal/postflow/linkedin.go:56.26,58.3 1 1
github.com/saredigital/sarepost/internal/postflow/linkedin.go:59.2,61.36 3 5
github.com/saredigital/sarepost/internal/postflow/linkedin.go:61.36,62.26 1 5
github.com/saredigital/sarepost/internal/postflow/linkedin.go:62.26,64.12 2 2
github.com/saredigital/sarepost/internal/postflow/linkedin.go:66.3,66.26 1 3
github.com/saredigital/sarepost/internal/postflow/linkedin.go:66.26,68.12 2 2
github.com/saredigital/sarepost/internal/postflow/linkedin.go:70.3,70.67 1 1
github.com/saredigital/sarepost/internal/postflow/linkedin.go:72.2,72.20 1 4
github.com/saredigital/sarepost/internal/postflow/linkedin.go:72.20,74.3 1 0
github.com/saredigital/sarepost/internal/postflow/linkedin.go:75.2,75.38 1 4
github.com/saredigital/sarepost/internal/postflow/linkedin.go:75.38,77.3 1 1
github.com/saredigital/sarepost/internal/postflow/linkedin.go:78.2,78.61 1 3
github.com/saredigital/sarepost/internal/postflow/linkedin.go:78.61,79.27 1 2
github.com/saredigital/sarepost/internal/postflow/linkedin.go:79.27,81.4 1 1
github.com/saredigital/sarepost/internal/postflow/linkedin.go:81.9,83.4 1 1
github.com/saredigital/sarepost/internal/postflow/linkedin.go:85.2,85.22 1 3
github.com/saredigital/sarepost/internal/postflow/linkedin.go:88.174,91.17 3 18
github.com/saredigital/sarepost/internal/postflow/linkedin.go:91.17,93.3 1 0
github.com/saredigital/sarepost/internal/postflow/linkedin.go:94.2,95.20 2 18
github.com/saredigital/sarepost/internal/postflow/linkedin.go:95.20,97.3 1 0
github.com/saredigital/sarepost/internal/postflow/linkedin.go:98.2,98.37 1 18
github.com/saredigital/sarepost/internal/postflow/linkedin.go:98.37,99.26 1 7
github.com/saredigital/sarepost/internal/postflow/linkedin.go:99.26,101.4 1 1
github.com/saredigital/sarepost/internal/postflow/linkedin.go:102.3,103.29 2 6
github.com/saredigital/sarepost/internal/postflow/linkedin.go:103.29,105.4 1 1
github.com/saredigital/sarepost/internal/postflow/linkedin.go:106.3,106.76 1 5
github.com/saredigital/sarepost/internal/postflow/linkedin.go:108.2,108.26 1 11
github.com/saredigital/sarepost/internal/postflow/linkedin.go:108.26,109.113 1 6
github.com/saredigital/sarepost/internal/postflow/linkedin.go:109.113,111.4 1 3
github.com/saredigital/sarepost/internal/postflow/linkedin.go:113.2,113.73 1 8
github.com/saredigital/sarepost/internal/postflow/linkedin.go:116.147,119.30 3 8
github.com/saredigital/sarepost/internal/postflow/linkedin.go:119.30,120.26 1 5
github.com/saredigital/sarepost/internal/postflow/linkedin.go:120.26,122.4 1 1
github.com/saredigital/sarepost/internal/postflow/linkedin.go:124.2,124.20 1 8
github.com/saredigital/sarepost/internal/postflow/linkedin.go:124.20,126.3 1 0
github.com/saredigital/sarepost/internal/postflow/linkedin.go:127.2,127.38 1 8
github.com/saredigital/sarepost/internal/postflow/linkedin.go:127.38,129.3 1 0
github.com/saredigital/sarepost/internal/postflow/linkedin.go:130.2,130.30 1 8
github.com/saredigital/sarepost/internal/postflow/linkedin.go:130.30,135.10 2 5
github.com/saredigital/sarepost/internal/postflow/linkedin.go:136.28,137.107 1 4
github.com/saredigital/sarepost/internal/postflow/linkedin.go:138.28,139.107 1 1
github.com/saredigital/sarepost/internal/postflow/linkedin.go:140.11,141.80 1 0
github.com/saredigital/sarepost/internal/postflow/linkedin.go:143.3,143.17 1 5
github.com/saredigital/sarepost/internal/postflow/linkedin.go:143.17,145.4 1 0
github.com/saredigital/sarepost/internal/postflow/linkedin.go:146.3,146.42 1 5
github.com/saredigital/sarepost/internal/postflow/linkedin.go:148.2,150.24 3 8
github.com/saredigital/sarepost/internal/postflow/linkedin.go:150.24,152.21 2 5
github.com/saredigital/sarepost/internal/postflow/linkedin.go:152.21,154.4 1 1
github.com/saredigital/sarepost/internal/postflow/linkedin.go:155.3,155.33 1 5
github.com/saredigital/sarepost/internal/postflow/linkedin.go:155.33,161.4 1 5
github.com/saredigital/sarepost/internal/postflow/linkedin.go:163.2,177.16 4 8
github.com/saredigital/sarepost/internal/postflow/linkedin.go:177.16,179.3 1 0
github.com/saredigital/sarepost/internal/postflow/linkedin.go:180.2,185.16 5 8
github.com/saredigital/sarepost/internal/postflow/linkedin.go:185.16,187.3 1 0
github.com/saredigital/sarepost/internal/postflow/linkedin.go:188.2,190.28 3 8
github.com/saredigital/sarepost/internal/postflow/linkedin.go:190.28,192.3 1 0
github.com/saredigital/sarepost/internal/postflow/linkedin.go:193.2,194.22 2 8
github.com/saredigital/sarepost/internal/postflow/linkedin.go:194.22,199.3 1 8
github.com/saredigital/sarepost/internal/postflow/linkedin.go:200.2,203.19 2 0
github.com/saredigital/sarepost/internal/postflow/linkedin.go:203.19,205.3 1 0
github.com/saredigital/sarepost/internal/postflow/linkedin.go:206.2,206.37 1 0
github.com/saredigital/sarepost/internal/postflow/linkedin.go:206.37,209.3 2 0
github.com/saredigital/sarepost/internal/postflow/linkedin.go:210.2,214.8 2 0
github.com/saredigital/sarepost/internal/postflow/linkedin.go:217.141,219.18 2 5
github.com/saredigital/sarepost/internal/postflow/linkedin.go:219.18,221.3 1 0
github.com/saredigital/sarepost/internal/postflow/linkedin.go:222.2,228.66 3 5
github.com/saredigital/sarepost/internal/postflow/linkedin.go:228.66,230.87 2 1
github.com/saredigital/sarepost/internal/postflow/linkedin.go:230.87,233.4 2 1
github.com/saredigital/sarepost/internal/postflow/linkedin.go:235.2,238.16 4 5
github.com/saredigital/sarepost/internal/postflow/linkedin.go:238.16,240.3 1 0
github.com/saredigital/sarepost/internal/postflow/linkedin.go:241.2,244.16 4 5
github.com/saredigital/sarepost/internal/postflow/linkedin.go:244.16,246.3 1 0
github.com/saredigital/sarepost/internal/postflow/linkedin.go:247.2,249.28 3 5
github.com/saredigital/sarepost/internal/postflow/linkedin.go:249.28,251.3 1 0
github.com/saredigital/sarepost/internal/postflow/linkedin.go:252.2,257.19 2 5
github.com/saredigital/sarepost/internal/postflow/linkedin.go:257.19,259.3 1 3
github.com/saredigital/sarepost/internal/postflow/linkedin.go:260.2,260.71 1 5
github.com/saredigital/sarepost/internal/postflow/linkedin.go:260.71,262.3 1 2
github.com/saredigital/sarepost/internal/postflow/linkedin.go:263.2,264.29 2 3
github.com/saredigital/sarepost/internal/postflow/linkedin.go:264.29,266.3 1 2
github.com/saredigital/sarepost/internal/postflow/linkedin.go:267.2,268.22 2 3
github.com/saredigital/sarepost/internal/postflow/linkedin.go:268.22,269.95 1 2
github.com/saredigital/sarepost/internal/postflow/linkedin.go:269.95,271.4 1 2
github.com/saredigital/sarepost/internal/postflow/linkedin.go:272.3,272.52 1 0
github.com/saredigital/sarepost/internal/postflow/linkedin.go:274.2,274.109 1 1
github.com/saredigital/sarepost/internal/postflow/linkedin.go:274.109,276.3 1 1
github.com/saredigital/sarepost/internal/postflow/linkedin.go:277.2,277.37 1 0
github.com/saredigital/sarepost/internal/postflow/linkedin.go:277.37,279.3 1 0
github.com/saredigital/sarepost/internal/postflow/linkedin.go:280.2,280.66 1 0
github.com/saredigital/sarepost/internal/postflow/linkedin.go:283.116,285.21 2 12
github.com/saredigital/sarepost/internal/postflow/linkedin.go:285.21,287.3 1 0
github.com/saredigital/sarepost/internal/postflow/linkedin.go:288.2,288.102 1 12
github.com/saredigital/sarepost/internal/postflow/linkedin.go:288.102,290.3 1 4
github.com/saredigital/sarepost/internal/postflow/linkedin.go:291.2,291.46 1 8
github.com/saredigital/sarepost/internal/postflow/linkedin.go:291.46,293.3 1 8
github.com/saredigital/sarepost/internal/postflow/linkedin.go:295.2,300.16 6 8
github.com/saredigital/sarepost/internal/postflow/linkedin.go:300.16,302.3 1 0
github.com/saredigital/sarepost/internal/postflow/linkedin.go:303.2,307.16 5 8
github.com/saredigital/sarepost/internal/postflow/linkedin.go:307.16,309.3 1 0
github.com/saredigital/sarepost/internal/postflow/linkedin.go:310.2,311.28 2 8
github.com/saredigital/sarepost/internal/postflow/linkedin.go:311.28,313.3 1 6
github.com/saredigital/sarepost/internal/postflow/linkedin.go:314.2,316.51 3 2
github.com/saredigital/sarepost/internal/postflow/linkedin.go:316.51,318.3 1 0
github.com/saredigital/sarepost/internal/postflow/linkedin.go:319.2,319.77 1 2
github.com/saredigital/sarepost/internal/postflow/linkedin.go:319.77,320.71 1 4
github.com/saredigital/sarepost/internal/postflow/linkedin.go:320.71,322.4 1 1
github.com/saredigital/sarepost/internal/postflow/linkedin.go:324.2,325.20 2 1
github.com/saredigital/sarepost/internal/postflow/linkedin.go:325.20,327.3 1 1
github.com/saredigital/sarepost/internal/postflow/linkedin.go:328.2,329.20 2 1
github.com/saredigital/sarepost/internal/postflow/linkedin.go:329.20,331.3 1 1
github.com/saredigital/sarepost/internal/postflow/linkedin.go:332.2,332.65 1 0
github.com/saredigital/sarepost/internal/postflow/linkedin.go:335.57,336.16 1 2
github.com/saredigital/sarepost/internal/postflow/linkedin.go:336.16,338.3 1 0
github.com/saredigital/sarepost/internal/postflow/linkedin.go:339.2,340.23 2 2
github.com/saredigital/sarepost/internal/postflow/linkedin.go:340.23,342.3 1 2
github.com/saredigital/sarepost/internal/postflow/linkedin.go:343.2,343.29 1 0
github.com/saredigital/sarepost/internal/postflow/linkedin.go:344.14,345.34 1 0
github.com/saredigital/sarepost/internal/postflow/linkedin.go:346.10,347.53 1 0
github.com/saredigital/sarepost/internal/postflow/linkedin.go:351.52,353.18 2 17
github.com/saredigital/sarepost/internal/postflow/linkedin.go:353.18,355.3 1 0
github.com/saredigital/sarepost/internal/postflow/linkedin.go:356.2,356.94 1 17
github.com/saredigital/sarepost/internal/postflow/linkedin.go:356.94,358.3 1 17
github.com/saredigital/sarepost/internal/postflow/linkedin.go:359.2,359.15 1 17
github.com/saredigital/sarepost/internal/postflow/linkedin.go:362.61,365.2 2 5
github.com/saredigital/sarepost/internal/postflow/linkedin.go:367.57,370.83 3 1
github.com/saredigital/sarepost/internal/postflow/linkedin.go:370.83,372.3 1 0
github.com/saredigital/sarepost/internal/postflow/linkedin.go:373.2,375.16 3 1
github.com/saredigital/sarepost/internal/postflow/linkedin.go:375.16,377.3 1 0
github.com/saredigital/sarepost/internal/postflow/linkedin.go:378.2,378.41 1 1
github.com/saredigital/sarepost/internal/postflow/linkedin.go:381.66,384.40 3 3
github.com/saredigital/sarepost/internal/postflow/linkedin.go:384.40,386.3 1 0
github.com/saredigital/sarepost/internal/postflow/linkedin.go:387.2,387.68 1 3
github.com/saredigital/sarepost/internal/postflow/linkedin.go:390.142,392.20 2 5
github.com/saredigital/sarepost/internal/postflow/linkedin.go:392.20,394.3 1 0
github.com/saredigital/sarepost/internal/postflow/linkedin.go:395.2,407.16 4 5
github.com/saredigital/sarepost/internal/postflow/linkedin.go:407.16,409.3 1 0
github.com/saredigital/sarepost/internal/postflow/linkedin.go:410.2,414.16 5 5
github.com/saredigital/sarepost/internal/postflow/linkedin.go:414.16,416.3 1 0
github.com/saredigital/sarepost/internal/postflow/linkedin.go:417.2,419.36 3 5
github.com/saredigital/sarepost/internal/postflow/linkedin.go:419.36,421.3 1 0
github.com/saredigital/sarepost/internal/postflow/linkedin.go:422.2,430.67 2 5
github.com/saredigital/sarepost/internal/postflow/linkedin.go:430.67,432.3 1 0
github.com/saredigital/sarepost/internal/postflow/linkedin.go:433.2,434.20 2 5
github.com/saredigital/sarepost/internal/postflow/linkedin.go:434.20,436.3 1 0
github.com/saredigital/sarepost/internal/postflow/linkedin.go:437.2,438.62 2 5
github.com/saredigital/sarepost/internal/postflow/linkedin.go:438.62,440.22 2 5
github.com/saredigital/sarepost/internal/postflow/linkedin.go:440.22,441.9 1 5
github.com/saredigital/sarepost/internal/postflow/linkedin.go:444.2,444.21 1 5
github.com/saredigital/sarepost/internal/postflow/linkedin.go:444.21,446.3 1 0
github.com/saredigital/sarepost/internal/postflow/linkedin.go:448.2,449.16 2 5
github.com/saredigital/sarepost/internal/postflow/linkedin.go:449.16,451.3 1 0
github.com/saredigital/sarepost/internal/postflow/linkedin.go:452.2,453.16 2 5
github.com/saredigital/sarepost/internal/postflow/linkedin.go:453.16,455.3 1 0
github.com/saredigital/sarepost/internal/postflow/linkedin.go:456.2,456.23 1 5
github.com/saredigital/sarepost/internal/postflow/linkedin.go:456.23,458.3 1 5
github.com/saredigital/sarepost/internal/postflow/linkedin.go:459.2,460.16 2 5
github.com/saredigital/sarepost/internal/postflow/linkedin.go:460.16,462.3 1 0
github.com/saredigital/sarepost/internal/postflow/linkedin.go:463.2,465.34 3 5
github.com/saredigital/sarepost/internal/postflow/linkedin.go:465.34,467.3 1 0
github.com/saredigital/sarepost/internal/postflow/linkedin.go:468.2,468.22 1 5
github.com/saredigital/sarepost/internal/postflow/linkedin.go:471.68,473.16 2 5
github.com/saredigital/sarepost/internal/postflow/linkedin.go:473.16,475.3 1 0
github.com/saredigital/sarepost/internal/postflow/linkedin.go:476.2,477.16 2 5
github.com/saredigital/sarepost/internal/postflow/linkedin.go:477.16,479.3 1 0
github.com/saredigital/sarepost/internal/postflow/linkedin.go:480.2,481.23 2 5
github.com/saredigital/sarepost/internal/postflow/linkedin.go:481.23,483.16 2 0
github.com/saredigital/sarepost/internal/postflow/linkedin.go:483.16,485.4 1 0
github.com/saredigital/sarepost/internal/postflow/linkedin.go:487.2,487.23 1 5
github.com/saredigital/sarepost/internal/postflow/linkedin.go:487.23,489.3 1 0
github.com/saredigital/sarepost/internal/postflow/linkedin.go:490.2,490.34 1 5
github.com/saredigital/sarepost/internal/postflow/linkedin.go:493.141,494.34 1 1
github.com/saredigital/sarepost/internal/postflow/linkedin.go:494.34,496.3 1 0
github.com/saredigital/sarepost/internal/postflow/linkedin.go:497.2,497.36 1 1
github.com/saredigital/sarepost/internal/postflow/linkedin.go:497.36,499.3 1 0
github.com/saredigital/sarepost/internal/postflow/linkedin.go:500.2,500.72 1 1
github.com/saredigital/sarepost/internal/postflow/linkedin.go:500.72,502.3 1 0
github.com/saredigital/sarepost/internal/postflow/linkedin.go:503.2,509.16 7 1
github.com/saredigital/sarepost/internal/postflow/linkedin.go:509.16,511.3 1 0
github.com/saredigital/sarepost/internal/postflow/linkedin.go:512.2,514.16 3 1
github.com/saredigital/sarepost/internal/postflow/linkedin.go:514.16,516.3 1 0
github.com/saredigital/sarepost/internal/postflow/linkedin.go:517.2,519.28 3 1
github.com/saredigital/sarepost/internal/postflow/linkedin.go:519.28,521.3 1 0
github.com/saredigital/sarepost/internal/postflow/linkedin.go:522.2,529.57 2 1
github.com/saredigital/sarepost/internal/postflow/linkedin.go:529.57,531.3 1 0
github.com/saredigital/sarepost/internal/postflow/linkedin.go:532.2,532.52 1 1
github.com/saredigital/sarepost/internal/postflow/linkedin.go:532.52,534.3 1 0
github.com/saredigital/sarepost/internal/postflow/linkedin.go:535.2,537.53 3 1
github.com/saredigital/sarepost/internal/postflow/linkedin.go:537.53,539.3 1 1
github.com/saredigital/sarepost/internal/postflow/linkedin.go:540.2,540.29 1 1
github.com/saredigital/sarepost/internal/postflow/linkedin.go:540.29,543.3 2 1
github.com/saredigital/sarepost/internal/postflow/linkedin.go:544.2,546.27 3 1
github.com/saredigital/sarepost/internal/postflow/linkedin.go:549.104,550.92 1 3
github.com/saredigital/sarepost/internal/postflow/linkedin.go:550.92,552.3 1 1
github.com/saredigital/sarepost/internal/postflow/linkedin.go:553.2,560.129 8 2
github.com/saredigital/sarepost/internal/postflow/linkedin.go:563.120,571.16 8 3
github.com/saredigital/sarepost/internal/postflow/linkedin.go:571.16,573.3 1 0
github.com/saredigital/sarepost/internal/postflow/linkedin.go:574.2,577.16 3 3
github.com/saredigital/sarepost/internal/postflow/linkedin.go:577.16,579.3 1 0
github.com/saredigital/sarepost/internal/postflow/linkedin.go:580.2,582.28 3 3
github.com/saredigital/sarepost/internal/postflow/linkedin.go:582.28,584.3 1 0
github.com/saredigital/sarepost/internal/postflow/linkedin.go:585.2,592.57 2 3
github.com/saredigital/sarepost/internal/postflow/linkedin.go:592.57,594.3 1 0
github.com/saredigital/sarepost/internal/postflow/linkedin.go:595.2,595.52 1 3
github.com/saredigital/sarepost/internal/postflow/linkedin.go:595.52,597.3 1 0
github.com/saredigital/sarepost/internal/postflow/linkedin.go:599.2,600.16 2 3
github.com/saredigital/sarepost/internal/postflow/linkedin.go:600.16,602.3 1 1
github.com/saredigital/sarepost/internal/postflow/linkedin.go:603.2,609.29 2 2
github.com/saredigital/sarepost/internal/postflow/linkedin.go:609.29,612.3 2 2
github.com/saredigital/sarepost/internal/postflow/linkedin.go:613.2,620.62 2 2
github.com/saredigital/sarepost/internal/postflow/linkedin.go:620.62,622.17 2 1
github.com/saredigital/sarepost/internal/postflow/linkedin.go:622.17,624.4 1 0
github.com/saredigital/sarepost/internal/postflow/linkedin.go:625.3,625.37 1 1
github.com/saredigital/sarepost/internal/postflow/linkedin.go:625.37,627.19 2 1
github.com/saredigital/sarepost/internal/postflow/linkedin.go:627.19,628.13 1 0
github.com/saredigital/sarepost/internal/postflow/linkedin.go:630.4,636.6 1 1
github.com/saredigital/sarepost/internal/postflow/linkedin.go:639.2,639.22 1 2
github.com/saredigital/sarepost/internal/postflow/linkedin.go:642.130,644.16 2 3
github.com/saredigital/sarepost/internal/postflow/linkedin.go:644.16,646.3 1 1
github.com/saredigital/sarepost/internal/postflow/linkedin.go:648.2,649.22 2 2
github.com/saredigital/sarepost/internal/postflow/linkedin.go:649.22,651.3 1 1
github.com/saredigital/sarepost/internal/postflow/linkedin.go:653.2,653.125 1 1
github.com/saredigital/sarepost/internal/postflow/linkedin.go:656.142,658.16 2 3
github.com/saredigital/sarepost/internal/postflow/linkedin.go:658.16,660.3 1 0
github.com/saredigital/sarepost/internal/postflow/linkedin.go:661.2,663.16 3 3
github.com/saredigital/sarepost/internal/postflow/linkedin.go:663.16,665.3 1 0
github.com/saredigital/sarepost/internal/postflow/linkedin.go:666.2,668.28 3 3
github.com/saredigital/sarepost/internal/postflow/linkedin.go:668.28,670.3 1 2
github.com/saredigital/sarepost/internal/postflow/linkedin.go:671.2,677.56 2 1
github.com/saredigital/sarepost/internal/postflow/linkedin.go:677.56,679.3 1 0
github.com/saredigital/sarepost/internal/postflow/linkedin.go:680.2,681.20 2 1
github.com/saredigital/sarepost/internal/postflow/linkedin.go:681.20,683.3 1 0
github.com/saredigital/sarepost/internal/postflow/linkedin.go:684.2,685.23 2 1
github.com/saredigital/sarepost/internal/postflow/linkedin.go:685.23,687.3 1 0
github.com/saredigital/sarepost/internal/postflow/linkedin.go:688.2,688.23 1 1
github.com/saredigital/sarepost/internal/postflow/linkedin.go:688.23,690.3 1 0
github.com/saredigital/sarepost/internal/postflow/linkedin.go:691.2,691.35 1 1
github.com/saredigital/sarepost/internal/postflow/linkedin.go:694.136,696.16 2 2
github.com/saredigital/sarepost/internal/postflow/linkedin.go:696.16,698.3 1 0
github.com/saredigital/sarepost/internal/postflow/linkedin.go:699.2,702.16 4 2
github.com/saredigital/sarepost/internal/postflow/linkedin.go:702.16,704.3 1 0
github.com/saredigital/sarepost/internal/postflow/linkedin.go:705.2,707.28 3 2
github.com/saredigital/sarepost/internal/postflow/linkedin.go:707.28,709.3 1 1
github.com/saredigital/sarepost/internal/postflow/linkedin.go:710.2,715.50 2 1
github.com/saredigital/sarepost/internal/postflow/linkedin.go:715.50,717.3 1 0
github.com/saredigital/sarepost/internal/postflow/linkedin.go:718.2,719.20 2 1
github.com/saredigital/sarepost/internal/postflow/linkedin.go:719.20,721.3 1 0
github.com/saredigital/sarepost/internal/postflow/linkedin.go:722.2,723.23 2 1
github.com/saredigital/sarepost/internal/postflow/linkedin.go:723.23,725.3 1 0
github.com/saredigital/sarepost/internal/postflow/linkedin.go:726.2,726.35 1 1
github.com/saredigital/sarepost/internal/postflow/linkedin.go:734.120,736.2 1 1
github.com/saredigital/sarepost/internal/postflow/linkedin.go:738.124,742.6 4 1
github.com/saredigital/sarepost/internal/postflow/linkedin.go:742.6,753.17 2 1
github.com/saredigital/sarepost/internal/postflow/linkedin.go:753.17,755.4 1 0
github.com/saredigital/sarepost/internal/postflow/linkedin.go:756.3,761.17 5 1
github.com/saredigital/sarepost/internal/postflow/linkedin.go:761.17,763.4 1 0
github.com/saredigital/sarepost/internal/postflow/linkedin.go:764.3,766.29 3 1
github.com/saredigital/sarepost/internal/postflow/linkedin.go:766.29,768.4 1 0
github.com/saredigital/sarepost/internal/postflow/linkedin.go:769.3,780.52 2 1
github.com/saredigital/sarepost/internal/postflow/linkedin.go:780.52,782.4 1 0
github.com/saredigital/sarepost/internal/postflow/linkedin.go:783.3,783.40 1 1
github.com/saredigital/sarepost/internal/postflow/linkedin.go:783.40,784.57 1 1
github.com/saredigital/sarepost/internal/postflow/linkedin.go:784.57,785.13 1 0
github.com/saredigital/sarepost/internal/postflow/linkedin.go:787.4,788.19 2 1
github.com/saredigital/sarepost/internal/postflow/linkedin.go:788.19,789.13 1 0
github.com/saredigital/sarepost/internal/postflow/linkedin.go:791.4,791.32 1 1
github.com/saredigital/sarepost/internal/postflow/linkedin.go:791.32,792.13 1 0
github.com/saredigital/sarepost/internal/postflow/linkedin.go:794.4,795.52 2 1
github.com/saredigital/sarepost/internal/postflow/linkedin.go:797.3,797.56 1 1
github.com/saredigital/sarepost/internal/postflow/linkedin.go:797.56,798.9 1 1
github.com/saredigital/sarepost/internal/postflow/linkedin.go:800.3,800.29 1 0
github.com/saredigital/sarepost/internal/postflow/linkedin.go:802.2,802.31 1 1
github.com/saredigital/sarepost/internal/postflow/linkedin.go:802.31,804.3 1 0
github.com/saredigital/sarepost/internal/postflow/linkedin.go:805.2,805.69 1 1
github.com/saredigital/sarepost/internal/postflow/linkedin.go:808.139,815.16 2 1
github.com/saredigital/sarepost/internal/postflow/linkedin.go:815.16,817.3 1 0
github.com/saredigital/sarepost/internal/postflow/linkedin.go:818.2,823.16 5 1
github.com/saredigital/sarepost/internal/postflow/linkedin.go:823.16,825.3 1 0
github.com/saredigital/sarepost/internal/postflow/linkedin.go:826.2,828.28 3 1
github.com/saredigital/sarepost/internal/postflow/linkedin.go:828.28,830.3 1 0
github.com/saredigital/sarepost/internal/postflow/linkedin.go:831.2,839.51 2 1
github.com/saredigital/sarepost/internal/postflow/linkedin.go:839.51,841.3 1 0
github.com/saredigital/sarepost/internal/postflow/linkedin.go:842.2,843.25 2 1
github.com/saredigital/sarepost/internal/postflow/linkedin.go:843.25,845.10 2 1
github.com/saredigital/sarepost/internal/postflow/linkedin.go:845.10,847.12 2 0
github.com/saredigital/sarepost/internal/postflow/linkedin.go:849.3,850.17 2 1
github.com/saredigital/sarepost/internal/postflow/linkedin.go:850.17,851.50 1 0
github.com/saredigital/sarepost/internal/postflow/linkedin.go:851.50,852.43 1 0
github.com/saredigital/sarepost/internal/postflow/linkedin.go:852.43,854.11 2 0
github.com/saredigital/sarepost/internal/postflow/linkedin.go:858.3,861.5 1 1
github.com/saredigital/sarepost/internal/postflow/linkedin.go:863.2,863.27 1 1
github.com/saredigital/sarepost/internal/postflow/linkedin.go:866.59,867.50 1 1
github.com/saredigital/sarepost/internal/postflow/linkedin.go:868.100,869.14 1 1
github.com/saredigital/sarepost/internal/postflow/linkedin.go:870.10,871.15 1 0
github.com/saredigital/sarepost/internal/postflow/linkedin.go:875.65,876.50 1 2
github.com/saredigital/sarepost/internal/postflow/linkedin.go:876.50,877.34 1 5
github.com/saredigital/sarepost/internal/postflow/linkedin.go:878.106,879.15 1 1
github.com/saredigital/sarepost/internal/postflow/linkedin.go:882.2,882.14 1 1
github.com/saredigital/sarepost/internal/postflow/linkedin.go:885.64,886.105 1 2
github.com/saredigital/sarepost/internal/postflow/linkedin.go:886.105,888.3 1 1
github.com/saredigital/sarepost/internal/postflow/linkedin.go:889.2,889.35 1 1
github.com/saredigital/sarepost/internal/postflow/linkedin.go:892.49,893.72 1 2
github.com/saredigital/sarepost/internal/postflow/linkedin.go:893.72,895.3 1 89
github.com/saredigital/sarepost/internal/postflow/linkedin.go:898.48,900.15 2 1
github.com/saredigital/sarepost/internal/postflow/linkedin.go:900.15,902.3 1 0
github.com/saredigital/sarepost/internal/postflow/linkedin.go:903.2,904.34 2 1
github.com/saredigital/sarepost/internal/postflow/linkedin.go:904.34,906.3 1 0
github.com/saredigital/sarepost/internal/postflow/linkedin.go:907.2,907.39 1 1
github.com/saredigital/sarepost/internal/postflow/linkedin.go:910.60,912.22 2 18
github.com/saredigital/sarepost/internal/postflow/linkedin.go:912.22,914.3 1 0
github.com/saredigital/sarepost/internal/postflow/linkedin.go:915.2,915.76 1 18
github.com/saredigital/sarepost/internal/postflow/linkedin.go:916.38,917.45 1 2
github.com/saredigital/sarepost/internal/postflow/linkedin.go:918.10,919.39 1 16
github.com/saredigital/sarepost/internal/postflow/linkedin_article.go:46.42,48.32 2 10
github.com/saredigital/sarepost/internal/postflow/linkedin_article.go:48.32,51.34 3 9
github.com/saredigital/sarepost/internal/postflow/linkedin_article.go:51.34,52.12 1 0
github.com/saredigital/sarepost/internal/postflow/linkedin_article.go:54.3,55.86 2 9
github.com/saredigital/sarepost/internal/postflow/linkedin_article.go:55.86,57.4 1 9
github.com/saredigital/sarepost/internal/postflow/linkedin_article.go:59.2,59.11 1 1
github.com/saredigital/sarepost/internal/postflow/linkedin_article.go:62.140,64.20 2 6
github.com/saredigital/sarepost/internal/postflow/linkedin_article.go:64.20,66.3 1 0
github.com/saredigital/sarepost/internal/postflow/linkedin_article.go:67.2,68.48 2 6
github.com/saredigital/sarepost/internal/postflow/linkedin_article.go:68.48,70.3 1 3
github.com/saredigital/sarepost/internal/postflow/linkedin_article.go:71.2,71.44 1 3
github.com/saredigital/sarepost/internal/postflow/linkedin_article.go:71.44,73.58 2 2
github.com/saredigital/sarepost/internal/postflow/linkedin_article.go:73.58,76.4 2 1
github.com/saredigital/sarepost/internal/postflow/linkedin_article.go:78.2,79.16 2 3
github.com/saredigital/sarepost/internal/postflow/linkedin_article.go:79.16,81.3 1 0
github.com/saredigital/sarepost/internal/postflow/linkedin_article.go:82.2,82.26 1 3
github.com/saredigital/sarepost/internal/postflow/linkedin_article.go:85.117,87.16 2 6
github.com/saredigital/sarepost/internal/postflow/linkedin_article.go:87.16,89.3 1 1
github.com/saredigital/sarepost/internal/postflow/linkedin_article.go:90.2,91.16 2 5
github.com/saredigital/sarepost/internal/postflow/linkedin_article.go:91.16,93.3 1 0
github.com/saredigital/sarepost/internal/postflow/linkedin_article.go:94.2,95.28 2 5
github.com/saredigital/sarepost/internal/postflow/linkedin_article.go:95.28,97.3 1 1
github.com/saredigital/sarepost/internal/postflow/linkedin_article.go:98.2,99.129 2 4
github.com/saredigital/sarepost/internal/postflow/linkedin_article.go:99.129,101.3 1 0
github.com/saredigital/sarepost/internal/postflow/linkedin_article.go:102.2,102.55 1 4
github.com/saredigital/sarepost/internal/postflow/linkedin_article.go:102.55,104.3 1 0
github.com/saredigital/sarepost/internal/postflow/linkedin_article.go:105.2,106.16 2 4
github.com/saredigital/sarepost/internal/postflow/linkedin_article.go:106.16,108.3 1 0
github.com/saredigital/sarepost/internal/postflow/linkedin_article.go:109.2,109.46 1 4
github.com/saredigital/sarepost/internal/postflow/linkedin_article.go:109.46,111.3 1 0
github.com/saredigital/sarepost/internal/postflow/linkedin_article.go:112.2,113.52 2 4
github.com/saredigital/sarepost/internal/postflow/linkedin_article.go:113.52,115.3 1 4
github.com/saredigital/sarepost/internal/postflow/linkedin_article.go:116.2,117.71 2 4
github.com/saredigital/sarepost/internal/postflow/linkedin_article.go:117.71,119.3 1 1
github.com/saredigital/sarepost/internal/postflow/linkedin_article.go:120.2,126.9 1 3
github.com/saredigital/sarepost/internal/postflow/linkedin_article.go:129.140,131.2 1 7
github.com/saredigital/sarepost/internal/postflow/linkedin_article.go:133.92,136.64 3 4
github.com/saredigital/sarepost/internal/postflow/linkedin_article.go:136.64,139.16 3 7
github.com/saredigital/sarepost/internal/postflow/linkedin_article.go:139.16,140.12 1 0
github.com/saredigital/sarepost/internal/postflow/linkedin_article.go:142.3,143.20 2 7
github.com/saredigital/sarepost/internal/postflow/linkedin_article.go:143.20,144.12 1 0
github.com/saredigital/sarepost/internal/postflow/linkedin_article.go:146.3,146.44 1 7
github.com/saredigital/sarepost/internal/postflow/linkedin_article.go:146.44,148.4 1 7
github.com/saredigital/sarepost/internal/postflow/linkedin_article.go:150.2,170.123 5 4
github.com/saredigital/sarepost/internal/postflow/linkedin_article.go:173.44,175.20 2 4
github.com/saredigital/sarepost/internal/postflow/linkedin_article.go:175.20,177.3 1 3
github.com/saredigital/sarepost/internal/postflow/linkedin_article.go:178.2,178.36 1 1
github.com/saredigital/sarepost/internal/postflow/linkedin_article.go:181.56,183.67 2 7
github.com/saredigital/sarepost/internal/postflow/linkedin_article.go:183.67,184.21 1 14
github.com/saredigital/sarepost/internal/postflow/linkedin_article.go:184.21,185.12 1 0
github.com/saredigital/sarepost/internal/postflow/linkedin_article.go:187.3,189.59 3 14
github.com/saredigital/sarepost/internal/postflow/linkedin_article.go:191.2,191.12 1 7
github.com/saredigital/sarepost/internal/postflow/linkedin_article.go:194.45,197.2 2 8
github.com/saredigital/sarepost/internal/postflow/linkedin_article.go:199.63,202.35 3 3
github.com/saredigital/sarepost/internal/postflow/linkedin_article.go:202.35,204.3 1 1
github.com/saredigital/sarepost/internal/postflow/linkedin_article.go:205.2,206.16 2 2
github.com/saredigital/sarepost/internal/postflow/linkedin_article.go:206.16,208.3 1 0
github.com/saredigital/sarepost/internal/postflow/linkedin_article.go:209.2,210.16 2 2
github.com/saredigital/sarepost/internal/postflow/linkedin_article.go:210.16,212.3 1 0
github.com/saredigital/sarepost/internal/postflow/linkedin_article.go:213.2,213.44 1 2
github.com/saredigital/sarepost/internal/postflow/linkedin_article.go:216.136,218.16 2 2
github.com/saredigital/sarepost/internal/postflow/linkedin_article.go:218.16,220.3 1 1
github.com/saredigital/sarepost/internal/postflow/linkedin_article.go:221.2,228.16 4 1
github.com/saredigital/sarepost/internal/postflow/linkedin_article.go:228.16,230.3 1 0
github.com/saredigital/sarepost/internal/postflow/linkedin_article.go:231.2,236.16 6 1
github.com/saredigital/sarepost/internal/postflow/linkedin_article.go:236.16,238.3 1 0
github.com/saredigital/sarepost/internal/postflow/linkedin_article.go:239.2,241.28 3 1
github.com/saredigital/sarepost/internal/postflow/linkedin_article.go:241.28,243.3 1 0
github.com/saredigital/sarepost/internal/postflow/linkedin_article.go:244.2,253.51 2 1
github.com/saredigital/sarepost/internal/postflow/linkedin_article.go:253.51,255.3 1 0
github.com/saredigital/sarepost/internal/postflow/linkedin_article.go:256.2,258.21 3 1
github.com/saredigital/sarepost/internal/postflow/linkedin_article.go:258.21,259.55 1 0
github.com/saredigital/sarepost/internal/postflow/linkedin_article.go:259.55,261.23 2 0
github.com/saredigital/sarepost/internal/postflow/linkedin_article.go:261.23,262.10 1 0
github.com/saredigital/sarepost/internal/postflow/linkedin_article.go:266.2,266.39 1 1
github.com/saredigital/sarepost/internal/postflow/linkedin_article.go:266.39,268.3 1 0
github.com/saredigital/sarepost/internal/postflow/linkedin_article.go:269.2,270.16 2 1
github.com/saredigital/sarepost/internal/postflow/linkedin_article.go:270.16,272.3 1 0
github.com/saredigital/sarepost/internal/postflow/linkedin_article.go:273.2,273.23 1 1
github.com/saredigital/sarepost/internal/postflow/linkedin_article.go:273.23,275.3 1 1
github.com/saredigital/sarepost/internal/postflow/linkedin_article.go:276.2,277.16 2 1
github.com/saredigital/sarepost/internal/postflow/linkedin_article.go:277.16,279.3 1 0
github.com/saredigital/sarepost/internal/postflow/linkedin_article.go:280.2,282.34 3 1
github.com/saredigital/sarepost/internal/postflow/linkedin_article.go:282.34,284.3 1 0
github.com/saredigital/sarepost/internal/postflow/linkedin_article.go:285.2,285.26 1 1
github.com/saredigital/sarepost/internal/postflow/linkedin_article.go:288.108,290.16 2 2
github.com/saredigital/sarepost/internal/postflow/linkedin_article.go:290.16,292.3 1 0
github.com/saredigital/sarepost/internal/postflow/linkedin_article.go:293.2,294.16 2 2
github.com/saredigital/sarepost/internal/postflow/linkedin_article.go:294.16,296.3 1 0
github.com/saredigital/sarepost/internal/postflow/linkedin_article.go:297.2,298.28 2 2
github.com/saredigital/sarepost/internal/postflow/linkedin_article.go:298.28,300.3 1 0
github.com/saredigital/sarepost/internal/postflow/linkedin_article.go:301.2,302.68 2 2
github.com/saredigital/sarepost/internal/postflow/linkedin_article.go:302.68,304.3 1 1
github.com/saredigital/sarepost/internal/postflow/linkedin_article.go:305.2,305.56 1 1
github.com/saredigital/sarepost/internal/postflow/linkedin_article.go:305.56,307.3 1 0
github.com/saredigital/sarepost/internal/postflow/linkedin_article.go:308.2,309.16 2 1
github.com/saredigital/sarepost/internal/postflow/linkedin_article.go:309.16,311.3 1 0
github.com/saredigital/sarepost/internal/postflow/linkedin_article.go:312.2,312.50 1 1
github.com/saredigital/sarepost/internal/postflow/linkedin_article.go:312.50,314.3 1 0
github.com/saredigital/sarepost/internal/postflow/linkedin_article.go:315.2,315.23 1 1
github.com/saredigital/sarepost/internal/postflow/linkedin_article.go:315.23,317.3 1 0
github.com/saredigital/sarepost/internal/postflow/linkedin_article.go:318.2,318.23 1 1
github.com/saredigital/sarepost/internal/postflow/linkedin_article.go:318.23,320.3 1 0
github.com/saredigital/sarepost/internal/postflow/linkedin_article.go:321.2,321.83 1 1
github.com/saredigital/sarepost/internal/postflow/linkedin_article.go:321.83,323.3 1 0
github.com/saredigital/sarepost/internal/postflow/linkedin_article.go:324.2,324.34 1 1
github.com/saredigital/sarepost/internal/postflow/linkedin_article.go:327.137,329.2 1 3
github.com/saredigital/sarepost/internal/postflow/linkedin_article.go:331.132,333.2 1 0
github.com/saredigital/sarepost/internal/postflow/linkedin_article.go:335.161,337.34 2 10
github.com/saredigital/sarepost/internal/postflow/linkedin_article.go:337.34,338.70 1 3
github.com/saredigital/sarepost/internal/postflow/linkedin_article.go:338.70,340.4 1 1
github.com/saredigital/sarepost/internal/postflow/linkedin_article.go:342.2,343.16 2 9
github.com/saredigital/sarepost/internal/postflow/linkedin_article.go:343.16,345.3 1 0
github.com/saredigital/sarepost/internal/postflow/linkedin_article.go:346.2,346.18 1 9
github.com/saredigital/sarepost/internal/postflow/linkedin_article.go:346.18,348.3 1 9
github.com/saredigital/sarepost/internal/postflow/linkedin_article.go:349.2,349.50 1 9
github.com/saredigital/sarepost/internal/postflow/linkedin_article.go:352.76,353.33 1 9
github.com/saredigital/sarepost/internal/postflow/linkedin_article.go:353.33,355.3 1 7
github.com/saredigital/sarepost/internal/postflow/linkedin_article.go:356.2,357.17 2 2
github.com/saredigital/sarepost/internal/postflow/linkedin_article.go:357.17,359.3 1 0
github.com/saredigital/sarepost/internal/postflow/linkedin_article.go:360.2,361.15 2 2
github.com/saredigital/sarepost/internal/postflow/linkedin_article.go:361.15,363.3 1 2
github.com/saredigital/sarepost/internal/postflow/linkedin_article.go:364.2,365.76 2 2
github.com/saredigital/sarepost/internal/postflow/linkedin_article.go:365.76,366.47 1 0
github.com/saredigital/sarepost/internal/postflow/linkedin_article.go:366.47,368.4 1 0
github.com/saredigital/sarepost/internal/postflow/linkedin_article.go:369.3,369.35 1 0
github.com/saredigital/sarepost/internal/postflow/linkedin_article.go:369.35,371.4 1 0
github.com/saredigital/sarepost/internal/postflow/linkedin_article.go:372.3,372.90 1 0
github.com/saredigital/sarepost/internal/postflow/linkedin_article.go:372.90,374.4 1 0
github.com/saredigital/sarepost/internal/postflow/linkedin_article.go:375.3,375.35 1 0
github.com/saredigital/sarepost/internal/postflow/linkedin_article.go:375.35,377.4 1 0
github.com/saredigital/sarepost/internal/postflow/linkedin_article.go:378.3,378.13 1 0
github.com/saredigital/sarepost/internal/postflow/linkedin_article.go:380.2,380.16 1 2
github.com/saredigital/sarepost/internal/postflow/linkedin_article.go:388.77,390.29 2 2
github.com/saredigital/sarepost/internal/postflow/linkedin_article.go:390.29,392.3 1 2
github.com/saredigital/sarepost/internal/postflow/linkedin_article.go:393.2,395.14 3 2
github.com/saredigital/sarepost/internal/postflow/linkedin_article.go:398.101,400.16 2 2
github.com/saredigital/sarepost/internal/postflow/linkedin_article.go:400.16,402.3 1 0
github.com/saredigital/sarepost/internal/postflow/linkedin_article.go:403.2,404.16 2 2
github.com/saredigital/sarepost/internal/postflow/linkedin_article.go:404.16,406.3 1 0
github.com/saredigital/sarepost/internal/postflow/linkedin_article.go:407.2,408.29 2 2
github.com/saredigital/sarepost/internal/postflow/linkedin_article.go:408.29,409.41 1 2
github.com/saredigital/sarepost/internal/postflow/linkedin_article.go:409.41,411.12 2 0
github.com/saredigital/sarepost/internal/postflow/linkedin_article.go:413.3,414.17 2 2
github.com/saredigital/sarepost/internal/postflow/linkedin_article.go:414.17,416.4 1 0
github.com/saredigital/sarepost/internal/postflow/linkedin_article.go:417.3,417.16 1 2
github.com/saredigital/sarepost/internal/postflow/linkedin_article.go:419.2,419.20 1 2
github.com/saredigital/sarepost/internal/postflow/linkedin_article.go:419.20,421.3 1 2
github.com/saredigital/sarepost/internal/postflow/linkedin_article.go:422.2,422.72 1 0
github.com/saredigital/sarepost/internal/postflow/linkedin_article.go:425.80,427.16 2 8
github.com/saredigital/sarepost/internal/postflow/linkedin_article.go:427.16,429.3 1 0
github.com/saredigital/sarepost/internal/postflow/linkedin_article.go:430.2,430.19 1 8
github.com/saredigital/sarepost/internal/postflow/linkedin_article.go:430.19,432.3 1 0
github.com/saredigital/sarepost/internal/postflow/linkedin_article.go:433.2,434.43 2 8
github.com/saredigital/sarepost/internal/postflow/linkedin_article.go:434.43,436.3 1 1
github.com/saredigital/sarepost/internal/postflow/linkedin_article.go:437.2,438.16 2 7
github.com/saredigital/sarepost/internal/postflow/linkedin_article.go:438.16,440.3 1 0
github.com/saredigital/sarepost/internal/postflow/linkedin_article.go:441.2,441.47 1 7
github.com/saredigital/sarepost/internal/postflow/linkedin_article.go:444.74,446.16 2 7
github.com/saredigital/sarepost/internal/postflow/linkedin_article.go:446.16,448.3 1 0
github.com/saredigital/sarepost/internal/postflow/linkedin_article.go:449.2,449.40 1 7
github.com/saredigital/sarepost/internal/postflow/linkedin_article.go:449.40,450.36 1 4
github.com/saredigital/sarepost/internal/postflow/linkedin_article.go:450.36,452.4 1 4
github.com/saredigital/sarepost/internal/postflow/linkedin_article.go:453.3,453.13 1 0
github.com/saredigital/sarepost/internal/postflow/linkedin_article.go:455.2,456.16 2 3
github.com/saredigital/sarepost/internal/postflow/linkedin_article.go:456.16,458.3 1 0
github.com/saredigital/sarepost/internal/postflow/linkedin_article.go:459.2,459.21 1 3
github.com/saredigital/sarepost/internal/postflow/linkedin_article.go:459.21,461.3 1 0
github.com/saredigital/sarepost/internal/postflow/linkedin_article.go:462.2,462.29 1 3
github.com/saredigital/sarepost/internal/postflow/linkedin_article.go:462.29,463.41 1 3
github.com/saredigital/sarepost/internal/postflow/linkedin_article.go:463.41,465.4 1 1
github.com/saredigital/sarepost/internal/postflow/linkedin_article.go:467.2,467.12 1 2
github.com/saredigital/sarepost/internal/postflow/linkedin_article.go:470.48,471.15 1 9
github.com/saredigital/sarepost/internal/postflow/linkedin_article.go:471.15,473.3 1 0
github.com/saredigital/sarepost/internal/postflow/linkedin_article.go:474.2,479.19 1 9
github.com/saredigital/sarepost/internal/postflow/linkedin_article.go:482.161,483.81 1 3
github.com/saredigital/sarepost/internal/postflow/linkedin_article.go:483.81,485.3 1 0
github.com/saredigital/sarepost/internal/postflow/linkedin_article.go:486.2,490.86 2 3
github.com/saredigital/sarepost/internal/postflow/linkedin_article.go:490.86,492.3 1 1
github.com/saredigital/sarepost/internal/postflow/linkedin_article.go:493.2,493.78 1 3
github.com/saredigital/sarepost/internal/postflow/linkedin_article.go:493.78,495.116 2 1
github.com/saredigital/sarepost/internal/postflow/linkedin_article.go:495.116,497.4 1 1
github.com/saredigital/sarepost/internal/postflow/linkedin_article.go:499.2,516.16 4 3
github.com/saredigital/sarepost/internal/postflow/linkedin_article.go:516.16,518.3 1 0
github.com/saredigital/sarepost/internal/postflow/linkedin_article.go:519.2,524.16 6 3
github.com/saredigital/sarepost/internal/postflow/linkedin_article.go:524.16,526.3 1 0
github.com/saredigital/sarepost/internal/postflow/linkedin_article.go:527.2,529.28 3 3
github.com/saredigital/sarepost/internal/postflow/linkedin_article.go:529.28,531.3 1 0
github.com/saredigital/sarepost/internal/postflow/linkedin_article.go:532.2,533.22 2 3
github.com/saredigital/sarepost/internal/postflow/linkedin_article.go:533.22,537.20 2 0
github.com/saredigital/sarepost/internal/postflow/linkedin_article.go:537.20,539.4 1 0
github.com/saredigital/sarepost/internal/postflow/linkedin_article.go:540.3,540.41 1 0
github.com/saredigital/sarepost/internal/postflow/linkedin_article.go:542.2,542.22 1 3
github.com/saredigital/sarepost/internal/postflow/linkedin_article.go:542.22,544.3 1 0
github.com/saredigital/sarepost/internal/postflow/linkedin_article.go:545.2,548.8 1 3
github.com/saredigital/sarepost/internal/postflow/linkedin_article.go:551.52,553.31 2 16
github.com/saredigital/sarepost/internal/postflow/linkedin_article.go:553.31,555.3 1 6
github.com/saredigital/sarepost/internal/postflow/linkedin_article.go:556.2,557.25 2 10
github.com/saredigital/sarepost/internal/postflow/linkedin_article.go:557.25,559.3 1 10
github.com/saredigital/sarepost/internal/postflow/linkedin_article.go:560.2,560.49 1 0
github.com/saredigital/sarepost/internal/postflow/meta.go:37.69,38.43 1 20
github.com/saredigital/sarepost/internal/postflow/meta.go:38.43,40.3 1 9
github.com/saredigital/sarepost/internal/postflow/meta.go:41.2,41.44 1 20
github.com/saredigital/sarepost/internal/postflow/meta.go:41.44,43.3 1 18
github.com/saredigital/sarepost/internal/postflow/meta.go:44.2,44.45 1 20
github.com/saredigital/sarepost/internal/postflow/meta.go:44.45,46.3 1 7
github.com/saredigital/sarepost/internal/postflow/meta.go:47.2,47.36 1 20
github.com/saredigital/sarepost/internal/postflow/meta.go:47.36,49.3 1 20
github.com/saredigital/sarepost/internal/postflow/meta.go:50.2,50.36 1 20
github.com/saredigital/sarepost/internal/postflow/meta.go:50.36,52.3 1 20
github.com/saredigital/sarepost/internal/postflow/meta.go:53.2,53.12 1 20
github.com/saredigital/sarepost/internal/postflow/meta.go:56.68,59.2 2 9
github.com/saredigital/sarepost/internal/postflow/meta.go:61.70,64.2 2 11
github.com/saredigital/sarepost/internal/postflow/meta.go:66.55,68.2 1 1
github.com/saredigital/sarepost/internal/postflow/meta.go:70.56,72.2 1 1
github.com/saredigital/sarepost/internal/postflow/meta.go:74.116,75.27 1 4
github.com/saredigital/sarepost/internal/postflow/meta.go:75.27,77.3 1 1
github.com/saredigital/sarepost/internal/postflow/meta.go:78.2,80.35 3 3
github.com/saredigital/sarepost/internal/postflow/meta.go:80.35,81.25 1 4
github.com/saredigital/sarepost/internal/postflow/meta.go:81.25,83.12 2 1
github.com/saredigital/sarepost/internal/postflow/meta.go:85.3,85.25 1 3
github.com/saredigital/sarepost/internal/postflow/meta.go:85.25,87.12 2 2
github.com/saredigital/sarepost/internal/postflow/meta.go:89.3,89.67 1 1
github.com/saredigital/sarepost/internal/postflow/meta.go:91.2,91.20 1 2
github.com/saredigital/sarepost/internal/postflow/meta.go:91.20,93.3 1 0
github.com/saredigital/sarepost/internal/postflow/meta.go:94.2,94.38 1 2
github.com/saredigital/sarepost/internal/postflow/meta.go:94.38,96.3 1 1
github.com/saredigital/sarepost/internal/postflow/meta.go:97.2,97.17 1 1
github.com/saredigital/sarepost/internal/postflow/meta.go:100.117,101.27 1 5
github.com/saredigital/sarepost/internal/postflow/meta.go:101.27,103.3 1 1
github.com/saredigital/sarepost/internal/postflow/meta.go:104.2,104.26 1 4
github.com/saredigital/sarepost/internal/postflow/meta.go:104.26,106.3 1 1
github.com/saredigital/sarepost/internal/postflow/meta.go:107.2,107.74 1 3
github.com/saredigital/sarepost/internal/postflow/meta.go:107.74,109.3 1 1
github.com/saredigital/sarepost/internal/postflow/meta.go:110.2,110.17 1 2
github.com/saredigital/sarepost/internal/postflow/meta.go:113.174,116.18 3 5
github.com/saredigital/sarepost/internal/postflow/meta.go:116.18,118.3 1 0
github.com/saredigital/sarepost/internal/postflow/meta.go:119.2,119.18 1 5
github.com/saredigital/sarepost/internal/postflow/meta.go:119.18,121.3 1 0
github.com/saredigital/sarepost/internal/postflow/meta.go:122.2,122.54 1 5
github.com/saredigital/sarepost/internal/postflow/meta.go:122.54,124.3 1 0
github.com/saredigital/sarepost/internal/postflow/meta.go:125.2,125.37 1 5
github.com/saredigital/sarepost/internal/postflow/meta.go:125.37,126.26 1 3
github.com/saredigital/sarepost/internal/postflow/meta.go:126.26,128.4 1 1
github.com/saredigital/sarepost/internal/postflow/meta.go:129.3,130.29 2 2
github.com/saredigital/sarepost/internal/postflow/meta.go:130.29,132.4 1 1
github.com/saredigital/sarepost/internal/postflow/meta.go:133.3,138.17 6 1
github.com/saredigital/sarepost/internal/postflow/meta.go:138.17,140.4 1 0
github.com/saredigital/sarepost/internal/postflow/meta.go:141.3,143.17 3 1
github.com/saredigital/sarepost/internal/postflow/meta.go:143.17,145.4 1 0
github.com/saredigital/sarepost/internal/postflow/meta.go:146.3,148.29 3 1
github.com/saredigital/sarepost/internal/postflow/meta.go:148.29,150.4 1 0
github.com/saredigital/sarepost/internal/postflow/meta.go:151.3,154.52 2 1
github.com/saredigital/sarepost/internal/postflow/meta.go:154.52,156.4 1 0
github.com/saredigital/sarepost/internal/postflow/meta.go:157.3,157.38 1 1
github.com/saredigital/sarepost/internal/postflow/meta.go:157.38,159.4 1 0
github.com/saredigital/sarepost/internal/postflow/meta.go:160.3,160.67 1 1
github.com/saredigital/sarepost/internal/postflow/meta.go:162.2,162.26 1 2
github.com/saredigital/sarepost/internal/postflow/meta.go:162.26,164.3 1 0
github.com/saredigital/sarepost/internal/postflow/meta.go:165.2,167.34 3 2
github.com/saredigital/sarepost/internal/postflow/meta.go:167.34,168.25 1 2
github.com/saredigital/sarepost/internal/postflow/meta.go:168.25,170.12 2 1
github.com/saredigital/sarepost/internal/postflow/meta.go:172.3,172.25 1 1
github.com/saredigital/sarepost/internal/postflow/meta.go:172.25,174.12 2 1
github.com/saredigital/sarepost/internal/postflow/meta.go:176.3,176.79 1 0
github.com/saredigital/sarepost/internal/postflow/meta.go:178.2,178.20 1 2
github.com/saredigital/sarepost/internal/postflow/meta.go:178.20,180.3 1 0
github.com/saredigital/sarepost/internal/postflow/meta.go:181.2,181.38 1 2
github.com/saredigital/sarepost/internal/postflow/meta.go:181.38,183.3 1 0
github.com/saredigital/sarepost/internal/postflow/meta.go:184.2,184.21 1 2
github.com/saredigital/sarepost/internal/postflow/meta.go:184.21,185.36 1 1
github.com/saredigital/sarepost/internal/postflow/meta.go:185.36,186.28 1 1
github.com/saredigital/sarepost/internal/postflow/meta.go:186.28,187.13 1 0
github.com/saredigital/sarepost/internal/postflow/meta.go:189.4,190.18 2 1
github.com/saredigital/sarepost/internal/postflow/meta.go:190.18,192.5 1 0
github.com/saredigital/sarepost/internal/postflow/meta.go:193.4,197.10 2 1
github.com/saredigital/sarepost/internal/postflow/meta.go:200.2,201.35 2 1
github.com/saredigital/sarepost/internal/postflow/meta.go:201.35,202.27 1 1
github.com/saredigital/sarepost/internal/postflow/meta.go:202.27,204.4 1 0
github.com/saredigital/sarepost/internal/postflow/meta.go:205.3,206.17 2 1
github.com/saredigital/sarepost/internal/postflow/meta.go:206.17,208.4 1 0
github.com/saredigital/sarepost/internal/postflow/meta.go:209.3,209.49 1 1
github.com/saredigital/sarepost/internal/postflow/meta.go:211.2,214.40 4 1
github.com/saredigital/sarepost/internal/postflow/meta.go:214.40,216.3 1 1
github.com/saredigital/sarepost/internal/postflow/meta.go:217.2,219.16 3 1
github.com/saredigital/sarepost/internal/postflow/meta.go:219.16,221.3 1 0
github.com/saredigital/sarepost/internal/postflow/meta.go:222.2,224.16 3 1
github.com/saredigital/sarepost/internal/postflow/meta.go:224.16,226.3 1 0
github.com/saredigital/sarepost/internal/postflow/meta.go:227.2,229.28 3 1
github.com/saredigital/sarepost/internal/postflow/meta.go:229.28,231.3 1 0
github.com/saredigital/sarepost/internal/postflow/meta.go:232.2,235.51 2 1
github.com/saredigital/sarepost/internal/postflow/meta.go:235.51,237.3 1 0
github.com/saredigital/sarepost/internal/postflow/meta.go:238.2,238.37 1 1
github.com/saredigital/sarepost/internal/postflow/meta.go:238.37,240.3 1 0
github.com/saredigital/sarepost/internal/postflow/meta.go:241.2,245.8 2 1
github.com/saredigital/sarepost/internal/postflow/meta.go:248.175,251.20 3 8
github.com/saredigital/sarepost/internal/postflow/meta.go:251.20,253.3 1 0
github.com/saredigital/sarepost/internal/postflow/meta.go:254.2,254.20 1 8
github.com/saredigital/sarepost/internal/postflow/meta.go:254.20,256.3 1 0
github.com/saredigital/sarepost/internal/postflow/meta.go:257.2,257.54 1 8
github.com/saredigital/sarepost/internal/postflow/meta.go:257.54,259.3 1 0
github.com/saredigital/sarepost/internal/postflow/meta.go:260.2,260.37 1 8
github.com/saredigital/sarepost/internal/postflow/meta.go:260.37,261.26 1 2
github.com/saredigital/sarepost/internal/postflow/meta.go:261.26,263.4 1 1
github.com/saredigital/sarepost/internal/postflow/meta.go:264.3,265.29 2 1
github.com/saredigital/sarepost/internal/postflow/meta.go:265.29,267.4 1 1
github.com/saredigital/sarepost/internal/postflow/meta.go:268.3,273.17 6 0
github.com/saredigital/sarepost/internal/postflow/meta.go:273.17,275.4 1 0
github.com/saredigital/sarepost/internal/postflow/meta.go:276.3,278.17 3 0
github.com/saredigital/sarepost/internal/postflow/meta.go:278.17,280.4 1 0
github.com/saredigital/sarepost/internal/postflow/meta.go:281.3,283.29 3 0
github.com/saredigital/sarepost/internal/postflow/meta.go:283.29,285.4 1 0
github.com/saredigital/sarepost/internal/postflow/meta.go:286.3,289.52 2 0
github.com/saredigital/sarepost/internal/postflow/meta.go:289.52,291.4 1 0
github.com/saredigital/sarepost/internal/postflow/meta.go:292.3,292.38 1 0
github.com/saredigital/sarepost/internal/postflow/meta.go:292.38,294.4 1 0
github.com/saredigital/sarepost/internal/postflow/meta.go:295.3,295.67 1 0
github.com/saredigital/sarepost/internal/postflow/meta.go:297.2,297.26 1 6
github.com/saredigital/sarepost/internal/postflow/meta.go:297.26,299.3 1 0
github.com/saredigital/sarepost/internal/postflow/meta.go:300.2,300.25 1 6
github.com/saredigital/sarepost/internal/postflow/meta.go:300.25,302.3 1 0
github.com/saredigital/sarepost/internal/postflow/meta.go:303.2,303.73 1 6
github.com/saredigital/sarepost/internal/postflow/meta.go:303.73,305.3 1 0
github.com/saredigital/sarepost/internal/postflow/meta.go:306.2,309.13 4 6
github.com/saredigital/sarepost/internal/postflow/meta.go:309.13,312.3 2 2
github.com/saredigital/sarepost/internal/postflow/meta.go:313.2,314.16 2 6
github.com/saredigital/sarepost/internal/postflow/meta.go:314.16,316.3 1 1
github.com/saredigital/sarepost/internal/postflow/meta.go:317.2,317.20 1 5
github.com/saredigital/sarepost/internal/postflow/meta.go:317.20,319.3 1 1
github.com/saredigital/sarepost/internal/postflow/meta.go:320.2,322.13 3 4
github.com/saredigital/sarepost/internal/postflow/meta.go:322.13,324.3 1 2
github.com/saredigital/sarepost/internal/postflow/meta.go:325.2,329.16 5 4
github.com/saredigital/sarepost/internal/postflow/meta.go:329.16,331.3 1 0
github.com/saredigital/sarepost/internal/postflow/meta.go:332.2,334.16 3 4
github.com/saredigital/sarepost/internal/postflow/meta.go:334.16,336.3 1 0
github.com/saredigital/sarepost/internal/postflow/meta.go:337.2,339.34 3 4
github.com/saredigital/sarepost/internal/postflow/meta.go:339.34,346.3 1 0
github.com/saredigital/sarepost/internal/postflow/meta.go:347.2,350.63 2 4
github.com/saredigital/sarepost/internal/postflow/meta.go:350.63,352.3 1 0
github.com/saredigital/sarepost/internal/postflow/meta.go:353.2,353.43 1 4
github.com/saredigital/sarepost/internal/postflow/meta.go:353.43,355.3 1 0
github.com/saredigital/sarepost/internal/postflow/meta.go:356.2,356.13 1 4
github.com/saredigital/sarepost/internal/postflow/meta.go:356.13,357.140 1 2
github.com/saredigital/sarepost/internal/postflow/meta.go:357.140,359.4 1 1
github.com/saredigital/sarepost/internal/postflow/meta.go:362.2,367.16 6 3
github.com/saredigital/sarepost/internal/postflow/meta.go:367.16,369.3 1 0
github.com/saredigital/sarepost/internal/postflow/meta.go:370.2,372.16 3 3
github.com/saredigital/sarepost/internal/postflow/meta.go:372.16,374.3 1 0
github.com/saredigital/sarepost/internal/postflow/meta.go:375.2,377.35 3 3
github.com/saredigital/sarepost/internal/postflow/meta.go:377.35,379.3 1 0
github.com/saredigital/sarepost/internal/postflow/meta.go:380.2,383.65 2 3
github.com/saredigital/sarepost/internal/postflow/meta.go:383.65,385.3 1 0
github.com/saredigital/sarepost/internal/postflow/meta.go:386.2,386.44 1 3
github.com/saredigital/sarepost/internal/postflow/meta.go:386.44,388.3 1 0
github.com/saredigital/sarepost/internal/postflow/meta.go:389.2,393.8 2 3
github.com/saredigital/sarepost/internal/postflow/meta.go:396.116,398.22 2 2
github.com/saredigital/sarepost/internal/postflow/meta.go:398.22,400.3 1 0
github.com/saredigital/sarepost/internal/postflow/meta.go:401.2,406.16 6 2
github.com/saredigital/sarepost/internal/postflow/meta.go:406.16,408.3 1 0
github.com/saredigital/sarepost/internal/postflow/meta.go:409.2,410.16 2 2
github.com/saredigital/sarepost/internal/postflow/meta.go:410.16,412.3 1 0
github.com/saredigital/sarepost/internal/postflow/meta.go:413.2,414.28 2 2
github.com/saredigital/sarepost/internal/postflow/meta.go:414.28,416.3 1 1
github.com/saredigital/sarepost/internal/postflow/meta.go:417.2,421.51 3 1
github.com/saredigital/sarepost/internal/postflow/meta.go:421.51,423.3 1 0
github.com/saredigital/sarepost/internal/postflow/meta.go:424.2,424.44 1 1
github.com/saredigital/sarepost/internal/postflow/meta.go:427.118,429.22 2 3
github.com/saredigital/sarepost/internal/postflow/meta.go:429.22,431.3 1 0
github.com/saredigital/sarepost/internal/postflow/meta.go:432.2,437.16 6 3
github.com/saredigital/sarepost/internal/postflow/meta.go:437.16,439.3 1 0
github.com/saredigital/sarepost/internal/postflow/meta.go:440.2,441.16 2 3
github.com/saredigital/sarepost/internal/postflow/meta.go:441.16,443.3 1 0
github.com/saredigital/sarepost/internal/postflow/meta.go:444.2,445.28 2 3
github.com/saredigital/sarepost/internal/postflow/meta.go:445.28,447.3 1 2
github.com/saredigital/sarepost/internal/postflow/meta.go:448.2,452.51 3 1
github.com/saredigital/sarepost/internal/postflow/meta.go:452.51,454.3 1 0
github.com/saredigital/sarepost/internal/postflow/meta.go:455.2,455.41 1 1
github.com/saredigital/sarepost/internal/postflow/meta.go:458.120,460.23 2 2
github.com/saredigital/sarepost/internal/postflow/meta.go:460.23,462.3 1 0
github.com/saredigital/sarepost/internal/postflow/meta.go:463.2,464.23 2 2
github.com/saredigital/sarepost/internal/postflow/meta.go:464.23,466.3 1 0
github.com/saredigital/sarepost/internal/postflow/meta.go:467.2,468.6 2 2
github.com/saredigital/sarepost/internal/postflow/meta.go:468.6,469.35 1 2
github.com/saredigital/sarepost/internal/postflow/meta.go:469.35,471.4 1 0
github.com/saredigital/sarepost/internal/postflow/meta.go:472.3,477.17 6 2
github.com/saredigital/sarepost/internal/postflow/meta.go:477.17,479.4 1 0
github.com/saredigital/sarepost/internal/postflow/meta.go:480.3,481.17 2 2
github.com/saredigital/sarepost/internal/postflow/meta.go:481.17,483.4 1 0
github.com/saredigital/sarepost/internal/postflow/meta.go:484.3,486.29 3 2
github.com/saredigital/sarepost/internal/postflow/meta.go:486.29,488.4 1 0
github.com/saredigital/sarepost/internal/postflow/meta.go:489.3,493.52 2 2
github.com/saredigital/sarepost/internal/postflow/meta.go:493.52,495.4 1 0
github.com/saredigital/sarepost/internal/postflow/meta.go:496.3,498.10 3 2
github.com/saredigital/sarepost/internal/postflow/meta.go:499.33,500.14 1 1
github.com/saredigital/sarepost/internal/postflow/meta.go:501.101,502.106 1 1
github.com/saredigital/sarepost/internal/postflow/meta.go:503.41,504.59 1 0
github.com/saredigital/sarepost/internal/postflow/meta.go:506.3,506.39 1 0
github.com/saredigital/sarepost/internal/postflow/meta.go:506.39,508.4 1 0
github.com/saredigital/sarepost/internal/postflow/meta.go:509.3,510.10 2 0
github.com/saredigital/sarepost/internal/postflow/meta.go:511.21,513.20 2 0
github.com/saredigital/sarepost/internal/postflow/meta.go:514.18,514.18 0 0
github.com/saredigital/sarepost/internal/postflow/meta_auth.go:16.141,17.34 1 2
github.com/saredigital/sarepost/internal/postflow/meta_auth.go:17.34,19.3 1 0
github.com/saredigital/sarepost/internal/postflow/meta_auth.go:20.2,20.72 1 2
github.com/saredigital/sarepost/internal/postflow/meta_auth.go:20.72,22.3 1 1
github.com/saredigital/sarepost/internal/postflow/meta_auth.go:23.2,24.17 2 1
github.com/saredigital/sarepost/internal/postflow/meta_auth.go:24.17,26.3 1 0
github.com/saredigital/sarepost/internal/postflow/meta_auth.go:27.2,27.86 1 1
github.com/saredigital/sarepost/internal/postflow/meta_auth.go:27.86,29.3 1 0
github.com/saredigital/sarepost/internal/postflow/meta_auth.go:30.2,31.16 2 1
github.com/saredigital/sarepost/internal/postflow/meta_auth.go:31.16,33.3 1 0
github.com/saredigital/sarepost/internal/postflow/meta_auth.go:34.2,36.50 3 1
github.com/saredigital/sarepost/internal/postflow/meta_auth.go:36.50,38.3 1 1
github.com/saredigital/sarepost/internal/postflow/meta_auth.go:39.2,39.29 1 1
github.com/saredigital/sarepost/internal/postflow/meta_auth.go:39.29,42.3 2 1
github.com/saredigital/sarepost/internal/postflow/meta_auth.go:43.2,43.27 1 1
github.com/saredigital/sarepost/internal/postflow/meta_auth.go:46.148,49.2 2 1
github.com/saredigital/sarepost/internal/postflow/meta_auth.go:51.104,53.2 1 2
github.com/saredigital/sarepost/internal/postflow/meta_auth.go:55.105,57.2 1 2
github.com/saredigital/sarepost/internal/postflow/meta_auth.go:59.99,60.86 1 4
github.com/saredigital/sarepost/internal/postflow/meta_auth.go:60.86,62.3 1 2
github.com/saredigital/sarepost/internal/postflow/meta_auth.go:63.2,69.153 7 2
github.com/saredigital/sarepost/internal/postflow/meta_auth.go:72.100,75.2 2 2
github.com/saredigital/sarepost/internal/postflow/meta_auth.go:77.120,79.16 2 1
github.com/saredigital/sarepost/internal/postflow/meta_auth.go:79.16,81.3 1 0
github.com/saredigital/sarepost/internal/postflow/meta_auth.go:82.2,83.16 2 1
github.com/saredigital/sarepost/internal/postflow/meta_auth.go:83.16,85.3 1 0
github.com/saredigital/sarepost/internal/postflow/meta_auth.go:86.2,87.29 2 1
github.com/saredigital/sarepost/internal/postflow/meta_auth.go:87.29,89.68 2 2
github.com/saredigital/sarepost/internal/postflow/meta_auth.go:89.68,90.12 1 1
github.com/saredigital/sarepost/internal/postflow/meta_auth.go:92.3,99.26 2 1
github.com/saredigital/sarepost/internal/postflow/meta_auth.go:99.26,102.4 2 1
github.com/saredigital/sarepost/internal/postflow/meta_auth.go:103.3,108.5 1 1
github.com/saredigital/sarepost/internal/postflow/meta_auth.go:110.2,110.24 1 1
github.com/saredigital/sarepost/internal/postflow/meta_auth.go:110.24,112.3 1 0
github.com/saredigital/sarepost/internal/postflow/meta_auth.go:113.2,113.22 1 1
github.com/saredigital/sarepost/internal/postflow/meta_auth.go:116.121,118.16 2 1
github.com/saredigital/sarepost/internal/postflow/meta_auth.go:118.16,120.3 1 0
github.com/saredigital/sarepost/internal/postflow/meta_auth.go:121.2,122.16 2 1
github.com/saredigital/sarepost/internal/postflow/meta_auth.go:122.16,124.3 1 0
github.com/saredigital/sarepost/internal/postflow/meta_auth.go:125.2,126.29 2 1
github.com/saredigital/sarepost/internal/postflow/meta_auth.go:126.29,128.16 2 2
github.com/saredigital/sarepost/internal/postflow/meta_auth.go:128.16,129.12 1 1
github.com/saredigital/sarepost/internal/postflow/meta_auth.go:131.3,132.62 2 1
github.com/saredigital/sarepost/internal/postflow/meta_auth.go:132.62,133.12 1 0
github.com/saredigital/sarepost/internal/postflow/meta_auth.go:135.3,136.20 2 1
github.com/saredigital/sarepost/internal/postflow/meta_auth.go:136.20,138.4 1 0
github.com/saredigital/sarepost/internal/postflow/meta_auth.go:139.3,147.26 2 1
github.com/saredigital/sarepost/internal/postflow/meta_auth.go:147.26,150.4 2 1
github.com/saredigital/sarepost/internal/postflow/meta_auth.go:151.3,156.5 1 1
github.com/saredigital/sarepost/internal/postflow/meta_auth.go:158.2,158.24 1 1
github.com/saredigital/sarepost/internal/postflow/meta_auth.go:158.24,160.3 1 0
github.com/saredigital/sarepost/internal/postflow/meta_auth.go:161.2,161.22 1 1
github.com/saredigital/sarepost/internal/postflow/meta_auth.go:180.112,188.16 8 2
github.com/saredigital/sarepost/internal/postflow/meta_auth.go:188.16,190.3 1 0
github.com/saredigital/sarepost/internal/postflow/meta_auth.go:191.2,192.16 2 2
github.com/saredigital/sarepost/internal/postflow/meta_auth.go:192.16,194.3 1 0
github.com/saredigital/sarepost/internal/postflow/meta_auth.go:195.2,197.28 3 2
github.com/saredigital/sarepost/internal/postflow/meta_auth.go:197.28,199.3 1 0
github.com/saredigital/sarepost/internal/postflow/meta_auth.go:200.2,201.51 2 2
github.com/saredigital/sarepost/internal/postflow/meta_auth.go:201.51,203.3 1 0
github.com/saredigital/sarepost/internal/postflow/meta_auth.go:204.2,204.46 1 2
github.com/saredigital/sarepost/internal/postflow/meta_auth.go:204.46,206.3 1 0
github.com/saredigital/sarepost/internal/postflow/meta_auth.go:207.2,207.17 1 2
github.com/saredigital/sarepost/internal/postflow/meta_auth.go:210.113,213.2 2 1
github.com/saredigital/sarepost/internal/postflow/meta_auth.go:215.105,221.16 6 2
github.com/saredigital/sarepost/internal/postflow/meta_auth.go:221.16,223.3 1 0
github.com/saredigital/sarepost/internal/postflow/meta_auth.go:224.2,225.16 2 2
github.com/saredigital/sarepost/internal/postflow/meta_auth.go:225.16,227.3 1 0
github.com/saredigital/sarepost/internal/postflow/meta_auth.go:228.2,230.28 3 2
github.com/saredigital/sarepost/internal/postflow/meta_auth.go:230.28,232.3 1 0
github.com/saredigital/sarepost/internal/postflow/meta_auth.go:233.2,236.51 2 2
github.com/saredigital/sarepost/internal/postflow/meta_auth.go:236.51,238.3 1 0
github.com/saredigital/sarepost/internal/postflow/meta_auth.go:239.2,239.22 1 2
github.com/saredigital/sarepost/internal/postflow/meta_auth.go:242.106,245.2 2 1
github.com/saredigital/sarepost/internal/postflow/meta_auth.go:247.119,255.16 8 1
github.com/saredigital/sarepost/internal/postflow/meta_auth.go:255.16,257.3 1 0
github.com/saredigital/sarepost/internal/postflow/meta_auth.go:258.2,259.16 2 1
github.com/saredigital/sarepost/internal/postflow/meta_auth.go:259.16,261.3 1 0
github.com/saredigital/sarepost/internal/postflow/meta_auth.go:262.2,264.28 3 1
github.com/saredigital/sarepost/internal/postflow/meta_auth.go:264.28,266.3 1 0
github.com/saredigital/sarepost/internal/postflow/meta_auth.go:267.2,268.51 2 1
github.com/saredigital/sarepost/internal/postflow/meta_auth.go:268.51,270.3 1 0
github.com/saredigital/sarepost/internal/postflow/meta_auth.go:271.2,271.46 1 1
github.com/saredigital/sarepost/internal/postflow/meta_auth.go:271.46,273.3 1 0
github.com/saredigital/sarepost/internal/postflow/meta_auth.go:274.2,274.17 1 1
github.com/saredigital/sarepost/internal/postflow/meta_instagram.go:13.66,14.50 1 9
github.com/saredigital/sarepost/internal/postflow/meta_instagram.go:14.50,16.3 1 1
github.com/saredigital/sarepost/internal/postflow/meta_instagram.go:17.2,17.62 1 8
github.com/saredigital/sarepost/internal/postflow/meta_instagram.go:17.62,19.3 1 0
github.com/saredigital/sarepost/internal/postflow/meta_instagram.go:20.2,20.62 1 8
github.com/saredigital/sarepost/internal/postflow/meta_instagram.go:20.62,22.3 1 0
github.com/saredigital/sarepost/internal/postflow/meta_instagram.go:23.2,23.12 1 8
github.com/saredigital/sarepost/internal/postflow/meta_instagram.go:26.57,28.18 2 6
github.com/saredigital/sarepost/internal/postflow/meta_instagram.go:29.61,30.14 1 6
github.com/saredigital/sarepost/internal/postflow/meta_instagram.go:32.2,32.31 1 0
github.com/saredigital/sarepost/internal/postflow/meta_instagram.go:33.31,34.14 1 0
github.com/saredigital/sarepost/internal/postflow/meta_instagram.go:35.10,36.15 1 0
github.com/saredigital/sarepost/internal/postflow/meta_instagram.go:40.57,42.18 2 2
github.com/saredigital/sarepost/internal/postflow/meta_instagram.go:43.38,44.14 1 2
github.com/saredigital/sarepost/internal/postflow/meta_instagram.go:46.2,46.31 1 0
github.com/saredigital/sarepost/internal/postflow/meta_instagram.go:47.22,48.14 1 0
github.com/saredigital/sarepost/internal/postflow/meta_instagram.go:49.10,50.15 1 0
github.com/saredigital/sarepost/internal/postflow/meta_instagram.go:54.45,56.47 2 8
github.com/saredigital/sarepost/internal/postflow/meta_instagram.go:56.47,58.3 1 0
github.com/saredigital/sarepost/internal/postflow/meta_instagram.go:59.2,59.17 1 8
github.com/saredigital/sarepost/internal/postflow/meta_instagram.go:62.48,64.15 2 0
github.com/saredigital/sarepost/internal/postflow/meta_instagram.go:64.15,66.3 1 0
github.com/saredigital/sarepost/internal/postflow/meta_instagram.go:67.2,67.95 1 0
github.com/saredigital/sarepost/internal/postflow/meta_instagram.go:75.19,77.23 2 6
github.com/saredigital/sarepost/internal/postflow/meta_instagram.go:77.23,79.3 1 0
github.com/saredigital/sarepost/internal/postflow/meta_instagram.go:80.2,81.50 2 6
github.com/saredigital/sarepost/internal/postflow/meta_instagram.go:81.50,83.22 2 11
github.com/saredigital/sarepost/internal/postflow/meta_instagram.go:83.22,85.4 1 5
github.com/saredigital/sarepost/internal/postflow/meta_instagram.go:86.3,87.17 2 6
github.com/saredigital/sarepost/internal/postflow/meta_instagram.go:87.17,90.4 2 2
github.com/saredigital/sarepost/internal/postflow/meta_instagram.go:91.3,91.19 1 4
github.com/saredigital/sarepost/internal/postflow/meta_instagram.go:94.2,94.114 1 6
github.com/saredigital/sarepost/internal/postflow/meta_instagram.go:94.114,96.3 1 0
github.com/saredigital/sarepost/internal/postflow/meta_instagram.go:98.2,100.95 3 6
github.com/saredigital/sarepost/internal/postflow/meta_instagram.go:100.95,101.78 1 0
github.com/saredigital/sarepost/internal/postflow/meta_instagram.go:101.78,103.4 1 0
github.com/saredigital/sarepost/internal/postflow/meta_instagram.go:106.2,106.20 1 6
github.com/saredigital/sarepost/internal/postflow/meta_instagram.go:106.20,108.17 2 5
github.com/saredigital/sarepost/internal/postflow/meta_instagram.go:108.17,110.4 1 0
github.com/saredigital/sarepost/internal/postflow/meta_instagram.go:111.3,111.78 1 5
github.com/saredigital/sarepost/internal/postflow/meta_instagram.go:111.78,113.4 1 4
github.com/saredigital/sarepost/internal/postflow/meta_instagram.go:116.2,116.20 1 2
github.com/saredigital/sarepost/internal/postflow/meta_instagram.go:116.20,118.3 1 1
github.com/saredigital/sarepost/internal/postflow/meta_instagram.go:119.2,119.16 1 1
github.com/saredigital/sarepost/internal/postflow/meta_instagram.go:122.67,124.15 2 6
github.com/saredigital/sarepost/internal/postflow/meta_instagram.go:124.15,126.3 1 0
github.com/saredigital/sarepost/internal/postflow/meta_instagram.go:127.2,128.16 2 6
github.com/saredigital/sarepost/internal/postflow/meta_instagram.go:128.16,130.3 1 0
github.com/saredigital/sarepost/internal/postflow/meta_instagram.go:131.2,132.43 2 6
github.com/saredigital/sarepost/internal/postflow/meta_instagram.go:132.43,134.3 1 0
github.com/saredigital/sarepost/internal/postflow/meta_instagram.go:135.2,136.16 2 6
github.com/saredigital/sarepost/internal/postflow/meta_instagram.go:136.16,138.3 1 0
github.com/saredigital/sarepost/internal/postflow/meta_instagram.go:139.2,139.27 1 6
github.com/saredigital/sarepost/internal/postflow/meta_instagram.go:139.27,141.3 1 2
github.com/saredigital/sarepost/internal/postflow/meta_instagram.go:142.2,142.29 1 4
github.com/saredigital/sarepost/internal/postflow/meta_instagram.go:145.40,146.66 1 6
github.com/saredigital/sarepost/internal/postflow/meta_instagram.go:146.66,148.3 1 2
github.com/saredigital/sarepost/internal/postflow/meta_instagram.go:149.2,149.79 1 4
github.com/saredigital/sarepost/internal/postflow/meta_instagram.go:149.79,151.3 1 0
github.com/saredigital/sarepost/internal/postflow/meta_instagram.go:152.2,152.40 1 4
github.com/saredigital/sarepost/internal/postflow/meta_instagram.go:152.40,153.138 1 0
github.com/saredigital/sarepost/internal/postflow/meta_instagram.go:153.138,155.4 1 0
github.com/saredigital/sarepost/internal/postflow/meta_instagram.go:156.3,156.15 1 0
github.com/saredigital/sarepost/internal/postflow/meta_instagram.go:159.2,159.37 1 4
github.com/saredigital/sarepost/internal/postflow/meta_instagram.go:162.51,164.15 2 0
github.com/saredigital/sarepost/internal/postflow/meta_instagram.go:164.15,166.3 1 0
github.com/saredigital/sarepost/internal/postflow/meta_instagram.go:167.2,168.98 2 0
github.com/saredigital/sarepost/internal/postflow/meta_instagram.go:168.98,170.3 1 0
github.com/saredigital/sarepost/internal/postflow/meta_instagram.go:171.2,174.24 4 0
github.com/saredigital/sarepost/internal/postflow/meta_media.go:20.133,22.19 2 1
github.com/saredigital/sarepost/internal/postflow/meta_media.go:22.19,24.3 1 0
github.com/saredigital/sarepost/internal/postflow/meta_media.go:25.2,29.95 5 1
github.com/saredigital/sarepost/internal/postflow/meta_media.go:29.95,35.17 6 0
github.com/saredigital/sarepost/internal/postflow/meta_media.go:35.17,37.4 1 0
github.com/saredigital/sarepost/internal/postflow/meta_media.go:38.3,38.70 1 0
github.com/saredigital/sarepost/internal/postflow/meta_media.go:39.8,41.21 2 1
github.com/saredigital/sarepost/internal/postflow/meta_media.go:41.21,43.4 1 0
github.com/saredigital/sarepost/internal/postflow/meta_media.go:44.3,50.23 7 1
github.com/saredigital/sarepost/internal/postflow/meta_media.go:50.23,52.4 1 0
github.com/saredigital/sarepost/internal/postflow/meta_media.go:53.3,53.56 1 1
github.com/saredigital/sarepost/internal/postflow/meta_media.go:53.56,55.4 1 0
github.com/saredigital/sarepost/internal/postflow/meta_media.go:56.3,56.50 1 1
github.com/saredigital/sarepost/internal/postflow/meta_media.go:56.50,58.4 1 0
github.com/saredigital/sarepost/internal/postflow/meta_media.go:59.3,60.17 2 1
github.com/saredigital/sarepost/internal/postflow/meta_media.go:60.17,62.4 1 0
github.com/saredigital/sarepost/internal/postflow/meta_media.go:63.3,64.68 2 1
github.com/saredigital/sarepost/internal/postflow/meta_media.go:64.68,66.4 1 1
github.com/saredigital/sarepost/internal/postflow/meta_media.go:68.2,69.16 2 1
github.com/saredigital/sarepost/internal/postflow/meta_media.go:69.16,71.3 1 0
github.com/saredigital/sarepost/internal/postflow/meta_media.go:72.2,74.28 3 1
github.com/saredigital/sarepost/internal/postflow/meta_media.go:74.28,76.3 1 0
github.com/saredigital/sarepost/internal/postflow/meta_media.go:77.2,80.50 2 1
github.com/saredigital/sarepost/internal/postflow/meta_media.go:80.50,82.3 1 0
github.com/saredigital/sarepost/internal/postflow/meta_media.go:83.2,83.37 1 1
github.com/saredigital/sarepost/internal/postflow/meta_media.go:83.37,85.3 1 0
github.com/saredigital/sarepost/internal/postflow/meta_media.go:86.2,86.39 1 1
github.com/saredigital/sarepost/internal/postflow/meta_media.go:89.142,91.19 2 1
github.com/saredigital/sarepost/internal/postflow/meta_media.go:91.19,93.3 1 0
github.com/saredigital/sarepost/internal/postflow/meta_media.go:94.2,98.95 5 1
github.com/saredigital/sarepost/internal/postflow/meta_media.go:98.95,101.39 3 0
github.com/saredigital/sarepost/internal/postflow/meta_media.go:101.39,103.4 1 0
github.com/saredigital/sarepost/internal/postflow/meta_media.go:104.3,106.17 3 0
github.com/saredigital/sarepost/internal/postflow/meta_media.go:106.17,108.4 1 0
github.com/saredigital/sarepost/internal/postflow/meta_media.go:109.3,109.70 1 0
github.com/saredigital/sarepost/internal/postflow/meta_media.go:110.8,112.21 2 1
github.com/saredigital/sarepost/internal/postflow/meta_media.go:112.21,114.4 1 0
github.com/saredigital/sarepost/internal/postflow/meta_media.go:115.3,119.39 5 1
github.com/saredigital/sarepost/internal/postflow/meta_media.go:119.39,121.4 1 1
github.com/saredigital/sarepost/internal/postflow/meta_media.go:122.3,123.23 2 1
github.com/saredigital/sarepost/internal/postflow/meta_media.go:123.23,125.4 1 0
github.com/saredigital/sarepost/internal/postflow/meta_media.go:126.3,126.56 1 1
github.com/saredigital/sarepost/internal/postflow/meta_media.go:126.56,128.4 1 0
github.com/saredigital/sarepost/internal/postflow/meta_media.go:129.3,129.50 1 1
github.com/saredigital/sarepost/internal/postflow/meta_media.go:129.50,131.4 1 0
github.com/saredigital/sarepost/internal/postflow/meta_media.go:132.3,133.17 2 1
github.com/saredigital/sarepost/internal/postflow/meta_media.go:133.17,135.4 1 0
github.com/saredigital/sarepost/internal/postflow/meta_media.go:136.3,136.63 1 1
github.com/saredigital/sarepost/internal/postflow/meta_media.go:138.2,139.16 2 1
github.com/saredigital/sarepost/internal/postflow/meta_media.go:139.16,141.3 1 0
github.com/saredigital/sarepost/internal/postflow/meta_media.go:142.2,144.28 3 1
github.com/saredigital/sarepost/internal/postflow/meta_media.go:144.28,146.3 1 0
github.com/saredigital/sarepost/internal/postflow/meta_media.go:147.2,150.50 2 1
github.com/saredigital/sarepost/internal/postflow/meta_media.go:150.50,152.3 1 0
github.com/saredigital/sarepost/internal/postflow/meta_media.go:153.2,153.37 1 1
github.com/saredigital/sarepost/internal/postflow/meta_media.go:153.37,155.3 1 0
github.com/saredigital/sarepost/internal/postflow/meta_media.go:156.2,156.39 1 1
github.com/saredigital/sarepost/internal/postflow/meta_media.go:159.44,161.43 2 34
github.com/saredigital/sarepost/internal/postflow/meta_media.go:161.43,163.3 1 21
github.com/saredigital/sarepost/internal/postflow/meta_media.go:164.2,165.15 2 13
github.com/saredigital/sarepost/internal/postflow/meta_media.go:165.15,167.3 1 2
github.com/saredigital/sarepost/internal/postflow/meta_media.go:168.2,168.15 1 13
github.com/saredigital/sarepost/internal/postflow/meta_media.go:168.15,170.3 1 0
github.com/saredigital/sarepost/internal/postflow/meta_media.go:171.2,172.82 2 13
github.com/saredigital/sarepost/internal/postflow/meta_media.go:175.44,177.43 2 31
github.com/saredigital/sarepost/internal/postflow/meta_media.go:177.43,179.3 1 14
github.com/saredigital/sarepost/internal/postflow/meta_media.go:180.2,181.15 2 17
github.com/saredigital/sarepost/internal/postflow/meta_media.go:181.15,183.3 1 8
github.com/saredigital/sarepost/internal/postflow/meta_media.go:184.2,184.15 1 17
github.com/saredigital/sarepost/internal/postflow/meta_media.go:184.15,186.3 1 0
github.com/saredigital/sarepost/internal/postflow/meta_media.go:187.2,188.82 2 17
github.com/saredigital/sarepost/internal/postflow/meta_media.go:191.45,192.31 1 52
github.com/saredigital/sarepost/internal/postflow/meta_media.go:192.31,194.20 2 71
github.com/saredigital/sarepost/internal/postflow/meta_media.go:194.20,196.4 1 44
github.com/saredigital/sarepost/internal/postflow/meta_media.go:198.2,198.11 1 8
github.com/saredigital/sarepost/internal/postflow/meta_media.go:201.35,204.2 2 0
github.com/saredigital/sarepost/internal/postflow/text_format.go:10.50,12.19 2 36
github.com/saredigital/sarepost/internal/postflow/text_format.go:12.19,14.3 1 0
github.com/saredigital/sarepost/internal/postflow/text_format.go:15.2,15.27 1 36
github.com/saredigital/sarepost/internal/postflow/text_format.go:15.27,17.3 1 1
github.com/saredigital/sarepost/internal/postflow/text_format.go:18.2,18.49 1 36
github.com/saredigital/sarepost/internal/postflow/text_format.go:23.38,26.2 2 36
github.com/saredigital/sarepost/internal/postflow/text_format.go:28.40,38.2 9 1
github.com/saredigital/sarepost/internal/postflow/x.go:38.48,40.22 2 8
github.com/saredigital/sarepost/internal/postflow/x.go:40.22,42.3 1 0
github.com/saredigital/sarepost/internal/postflow/x.go:43.2,44.22 2 8
github.com/saredigital/sarepost/internal/postflow/x.go:44.22,46.3 1 3
github.com/saredigital/sarepost/internal/postflow/x.go:47.2,48.23 2 8
github.com/saredigital/sarepost/internal/postflow/x.go:48.23,50.3 1 0
github.com/saredigital/sarepost/internal/postflow/x.go:52.2,57.8 1 8
github.com/saredigital/sarepost/internal/postflow/x.go:60.103,63.35 3 3
github.com/saredigital/sarepost/internal/postflow/x.go:63.35,65.17 2 0
github.com/saredigital/sarepost/internal/postflow/x.go:65.17,67.4 1 0
github.com/saredigital/sarepost/internal/postflow/x.go:68.3,68.39 1 0
github.com/saredigital/sarepost/internal/postflow/x.go:70.2,71.16 2 3
github.com/saredigital/sarepost/internal/postflow/x.go:71.16,73.3 1 0
github.com/saredigital/sarepost/internal/postflow/x.go:74.2,74.16 1 3
github.com/saredigital/sarepost/internal/postflow/x.go:77.90,79.2 1 1
github.com/saredigital/sarepost/internal/postflow/x.go:81.122,85.23 2 6
github.com/saredigital/sarepost/internal/postflow/x.go:85.23,89.3 1 1
github.com/saredigital/sarepost/internal/postflow/x.go:90.2,90.85 1 6
github.com/saredigital/sarepost/internal/postflow/x.go:90.85,94.3 1 0
github.com/saredigital/sarepost/internal/postflow/x.go:95.2,96.16 2 6
github.com/saredigital/sarepost/internal/postflow/x.go:96.16,98.3 1 0
github.com/saredigital/sarepost/internal/postflow/x.go:100.2,101.16 2 6
github.com/saredigital/sarepost/internal/postflow/x.go:101.16,103.3 1 0
github.com/saredigital/sarepost/internal/postflow/x.go:104.2,108.16 4 6
github.com/saredigital/sarepost/internal/postflow/x.go:108.16,110.3 1 0
github.com/saredigital/sarepost/internal/postflow/x.go:111.2,114.28 3 6
github.com/saredigital/sarepost/internal/postflow/x.go:114.28,116.3 1 0
github.com/saredigital/sarepost/internal/postflow/x.go:117.2,124.51 2 6
github.com/saredigital/sarepost/internal/postflow/x.go:124.51,126.3 1 0
github.com/saredigital/sarepost/internal/postflow/x.go:127.2,127.23 1 6
github.com/saredigital/sarepost/internal/postflow/x.go:127.23,129.3 1 5
github.com/saredigital/sarepost/internal/postflow/x.go:130.2,130.21 1 1
github.com/saredigital/sarepost/internal/postflow/x.go:130.21,132.3 1 1
github.com/saredigital/sarepost/internal/postflow/x.go:133.2,133.19 1 0
github.com/saredigital/sarepost/internal/postflow/x.go:133.19,135.3 1 0
github.com/saredigital/sarepost/internal/postflow/x.go:136.2,136.61 1 0
github.com/saredigital/sarepost/internal/postflow/x.go:139.55,141.2 1 11
github.com/saredigital/sarepost/internal/postflow/x.go:143.46,144.9 1 1
github.com/saredigital/sarepost/internal/postflow/x.go:145.69,146.21 1 0
github.com/saredigital/sarepost/internal/postflow/x.go:147.66,148.23 1 1
github.com/saredigital/sarepost/internal/postflow/x.go:149.10,150.23 1 0
github.com/saredigital/sarepost/internal/postflow/x_auth.go:28.134,29.87 1 3
github.com/saredigital/sarepost/internal/postflow/x_auth.go:29.87,31.3 1 1
github.com/saredigital/sarepost/internal/postflow/x_auth.go:32.2,32.72 1 2
github.com/saredigital/sarepost/internal/postflow/x_auth.go:32.72,34.3 1 1
github.com/saredigital/sarepost/internal/postflow/x_auth.go:35.2,40.16 2 1
github.com/saredigital/sarepost/internal/postflow/x_auth.go:40.16,42.3 1 0
github.com/saredigital/sarepost/internal/postflow/x_auth.go:43.2,45.53 3 1
github.com/saredigital/sarepost/internal/postflow/x_auth.go:45.53,47.3 1 1
github.com/saredigital/sarepost/internal/postflow/x_auth.go:48.2,48.29 1 1
github.com/saredigital/sarepost/internal/postflow/x_auth.go:48.29,51.3 2 1
github.com/saredigital/sarepost/internal/postflow/x_auth.go:52.2,54.27 3 1
github.com/saredigital/sarepost/internal/postflow/x_auth.go:57.97,58.45 1 1
github.com/saredigital/sarepost/internal/postflow/x_auth.go:58.45,60.3 1 0
github.com/saredigital/sarepost/internal/postflow/x_auth.go:61.2,71.8 9 1
github.com/saredigital/sarepost/internal/postflow/x_auth.go:74.113,82.16 2 1
github.com/saredigital/sarepost/internal/postflow/x_auth.go:82.16,84.3 1 0
github.com/saredigital/sarepost/internal/postflow/x_auth.go:85.2,86.16 2 1
github.com/saredigital/sarepost/internal/postflow/x_auth.go:86.16,88.3 1 0
github.com/saredigital/sarepost/internal/postflow/x_auth.go:89.2,90.44 2 1
github.com/saredigital/sarepost/internal/postflow/x_auth.go:90.44,92.3 1 1
github.com/saredigital/sarepost/internal/postflow/x_auth.go:92.8,92.47 1 0
github.com/saredigital/sarepost/internal/postflow/x_auth.go:92.47,94.3 1 0
github.com/saredigital/sarepost/internal/postflow/x_auth.go:95.2,105.29 2 1
github.com/saredigital/sarepost/internal/postflow/x_auth.go:105.29,108.3 2 1
github.com/saredigital/sarepost/internal/postflow/x_auth.go:109.2,115.9 1 1
github.com/saredigital/sarepost/internal/postflow/x_auth.go:118.99,119.45 1 2
github.com/saredigital/sarepost/internal/postflow/x_auth.go:119.45,121.3 1 0
github.com/saredigital/sarepost/internal/postflow/x_auth.go:122.2,123.16 2 2
github.com/saredigital/sarepost/internal/postflow/x_auth.go:123.16,125.3 1 0
github.com/saredigital/sarepost/internal/postflow/x_auth.go:126.2,128.49 3 2
github.com/saredigital/sarepost/internal/postflow/x_auth.go:128.49,130.3 1 1
github.com/saredigital/sarepost/internal/postflow/x_auth.go:131.2,132.16 2 2
github.com/saredigital/sarepost/internal/postflow/x_auth.go:132.16,134.3 1 0
github.com/saredigital/sarepost/internal/postflow/x_auth.go:135.2,138.28 3 2
github.com/saredigital/sarepost/internal/postflow/x_auth.go:138.28,140.3 1 0
github.com/saredigital/sarepost/internal/postflow/x_auth.go:141.2,142.57 2 2
github.com/saredigital/sarepost/internal/postflow/x_auth.go:142.57,144.3 1 0
github.com/saredigital/sarepost/internal/postflow/x_auth.go:145.2,145.52 1 2
github.com/saredigital/sarepost/internal/postflow/x_auth.go:145.52,147.3 1 0
github.com/saredigital/sarepost/internal/postflow/x_auth.go:148.2,148.23 1 2
github.com/saredigital/sarepost/internal/postflow/x_auth.go:157.101,159.16 2 2
github.com/saredigital/sarepost/internal/postflow/x_auth.go:159.16,161.3 1 0
github.com/saredigital/sarepost/internal/postflow/x_auth.go:162.2,165.16 4 2
github.com/saredigital/sarepost/internal/postflow/x_auth.go:165.16,167.3 1 0
github.com/saredigital/sarepost/internal/postflow/x_auth.go:168.2,171.28 3 2
github.com/saredigital/sarepost/internal/postflow/x_auth.go:171.28,173.3 1 1
github.com/saredigital/sarepost/internal/postflow/x_auth.go:174.2,181.51 2 1
github.com/saredigital/sarepost/internal/postflow/x_auth.go:181.51,183.3 1 0
github.com/saredigital/sarepost/internal/postflow/x_auth.go:184.2,189.19 2 1
github.com/saredigital/sarepost/internal/postflow/x_auth.go:189.19,191.3 1 0
github.com/saredigital/sarepost/internal/postflow/x_auth.go:192.2,192.18 1 1
github.com/saredigital/sarepost/internal/postflow/x_auth.go:195.42,196.48 1 1
github.com/saredigital/sarepost/internal/postflow/x_auth.go:196.48,198.3 1 1
github.com/saredigital/sarepost/internal/postflow/x_auth.go:199.2,199.24 1 0
github.com/saredigital/sarepost/internal/postflow/x_auth.go:202.39,203.45 1 2
github.com/saredigital/sarepost/internal/postflow/x_auth.go:203.45,205.3 1 2
github.com/saredigital/sarepost/internal/postflow/x_auth.go:206.2,206.43 1 0
github.com/saredigital/sarepost/internal/postflow/x_auth.go:209.41,210.47 1 2
github.com/saredigital/sarepost/internal/postflow/x_auth.go:210.47,212.3 1 2
github.com/saredigital/sarepost/internal/postflow/x_auth.go:213.2,213.28 1 0
github.com/saredigital/sarepost/internal/postflow/x_auth.go:216.53,219.2 2 2
github.com/saredigital/sarepost/internal/postflow/x_media.go:31.43,33.2 1 1
github.com/saredigital/sarepost/internal/postflow/x_media.go:35.55,36.34 1 2
github.com/saredigital/sarepost/internal/postflow/x_media.go:36.34,38.3 1 2
github.com/saredigital/sarepost/internal/postflow/x_media.go:39.2,39.25 1 0
github.com/saredigital/sarepost/internal/postflow/x_media.go:52.96,54.16 2 1
github.com/saredigital/sarepost/internal/postflow/x_media.go:54.16,56.3 1 0
github.com/saredigital/sarepost/internal/postflow/x_media.go:57.2,57.66 1 1
github.com/saredigital/sarepost/internal/postflow/x_media.go:57.66,59.3 1 0
github.com/saredigital/sarepost/internal/postflow/x_media.go:60.2,61.16 2 1
github.com/saredigital/sarepost/internal/postflow/x_media.go:61.16,63.3 1 0
github.com/saredigital/sarepost/internal/postflow/x_media.go:64.2,64.111 1 1
github.com/saredigital/sarepost/internal/postflow/x_media.go:64.111,66.17 2 1
github.com/saredigital/sarepost/internal/postflow/x_media.go:66.17,68.4 1 0
github.com/saredigital/sarepost/internal/postflow/x_media.go:69.3,69.38 1 1
github.com/saredigital/sarepost/internal/postflow/x_media.go:70.17,72.3 1 0
github.com/saredigital/sarepost/internal/postflow/x_media.go:73.2,73.21 1 1
github.com/saredigital/sarepost/internal/postflow/x_media.go:76.99,83.16 3 1
github.com/saredigital/sarepost/internal/postflow/x_media.go:83.16,85.3 1 0
github.com/saredigital/sarepost/internal/postflow/x_media.go:86.2,87.16 2 1
github.com/saredigital/sarepost/internal/postflow/x_media.go:87.16,89.3 1 0
github.com/saredigital/sarepost/internal/postflow/x_media.go:90.2,93.16 4 1
github.com/saredigital/sarepost/internal/postflow/x_media.go:93.16,95.3 1 0
github.com/saredigital/sarepost/internal/postflow/x_media.go:96.2,97.19 2 1
github.com/saredigital/sarepost/internal/postflow/x_media.go:97.19,99.3 1 0
github.com/saredigital/sarepost/internal/postflow/x_media.go:100.2,100.21 1 1
github.com/saredigital/sarepost/internal/postflow/x_media.go:103.101,105.16 2 2
github.com/saredigital/sarepost/internal/postflow/x_media.go:105.16,107.3 1 0
github.com/saredigital/sarepost/internal/postflow/x_media.go:108.2,112.60 4 2
github.com/saredigital/sarepost/internal/postflow/x_media.go:112.60,114.3 1 0
github.com/saredigital/sarepost/internal/postflow/x_media.go:115.2,116.16 2 2
github.com/saredigital/sarepost/internal/postflow/x_media.go:116.16,118.3 1 0
github.com/saredigital/sarepost/internal/postflow/x_media.go:119.2,119.44 1 2
github.com/saredigital/sarepost/internal/postflow/x_media.go:119.44,121.3 1 0
github.com/saredigital/sarepost/internal/postflow/x_media.go:122.2,122.35 1 2
github.com/saredigital/sarepost/internal/postflow/x_media.go:122.35,124.3 1 0
github.com/saredigital/sarepost/internal/postflow/x_media.go:126.2,128.16 3 2
github.com/saredigital/sarepost/internal/postflow/x_media.go:128.16,130.3 1 0
github.com/saredigital/sarepost/internal/postflow/x_media.go:131.2,134.16 4 2
github.com/saredigital/sarepost/internal/postflow/x_media.go:134.16,136.3 1 0
github.com/saredigital/sarepost/internal/postflow/x_media.go:137.2,138.28 2 2
github.com/saredigital/sarepost/internal/postflow/x_media.go:138.28,141.3 2 0
github.com/saredigital/sarepost/internal/postflow/x_media.go:142.2,142.12 1 2
github.com/saredigital/sarepost/internal/postflow/x_media.go:145.102,147.16 2 1
github.com/saredigital/sarepost/internal/postflow/x_media.go:147.16,149.3 1 0
github.com/saredigital/sarepost/internal/postflow/x_media.go:150.2,151.59 2 1
github.com/saredigital/sarepost/internal/postflow/x_media.go:154.100,159.16 5 1
github.com/saredigital/sarepost/internal/postflow/x_media.go:159.16,161.3 1 0
github.com/saredigital/sarepost/internal/postflow/x_media.go:162.2,163.57 2 1
github.com/saredigital/sarepost/internal/postflow/x_media.go:166.97,168.16 2 3
github.com/saredigital/sarepost/internal/postflow/x_media.go:168.16,170.3 1 0
github.com/saredigital/sarepost/internal/postflow/x_media.go:171.2,174.28 3 3
github.com/saredigital/sarepost/internal/postflow/x_media.go:174.28,176.3 1 0
github.com/saredigital/sarepost/internal/postflow/x_media.go:177.2,177.37 1 3
github.com/saredigital/sarepost/internal/postflow/x_media.go:177.37,179.3 1 0
github.com/saredigital/sarepost/internal/postflow/x_media.go:180.2,181.51 2 3
github.com/saredigital/sarepost/internal/postflow/x_media.go:181.51,183.3 1 0
github.com/saredigital/sarepost/internal/postflow/x_media.go:184.2,184.17 1 3
github.com/saredigital/sarepost/internal/postflow/x_media.go:187.127,188.17 1 1
github.com/saredigital/sarepost/internal/postflow/x_media.go:188.17,190.3 1 0
github.com/saredigital/sarepost/internal/postflow/x_media.go:191.2,192.6 2 1
github.com/saredigital/sarepost/internal/postflow/x_media.go:192.6,193.43 1 2
github.com/saredigital/sarepost/internal/postflow/x_media.go:194.20,195.14 1 1
github.com/saredigital/sarepost/internal/postflow/x_media.go:196.17,197.28 1 0
github.com/saredigital/sarepost/internal/postflow/x_media.go:197.28,199.5 1 0
github.com/saredigital/sarepost/internal/postflow/x_media.go:200.4,200.44 1 0
github.com/saredigital/sarepost/internal/postflow/x_media.go:201.33,203.24 2 1
github.com/saredigital/sarepost/internal/postflow/x_media.go:203.24,205.5 1 0
github.com/saredigital/sarepost/internal/postflow/x_media.go:206.4,206.11 1 1
github.com/saredigital/sarepost/internal/postflow/x_media.go:207.22,208.21 1 0
github.com/saredigital/sarepost/internal/postflow/x_media.go:209.64,209.64 0 1
github.com/saredigital/sarepost/internal/postflow/x_media.go:211.4,212.18 2 1
github.com/saredigital/sarepost/internal/postflow/x_media.go:212.18,214.5 1 0
github.com/saredigital/sarepost/internal/postflow/x_media.go:215.4,215.19 1 1
github.com/saredigital/sarepost/internal/postflow/x_media.go:215.19,217.5 1 0
github.com/saredigital/sarepost/internal/postflow/x_media.go:218.4,218.18 1 1
github.com/saredigital/sarepost/internal/postflow/x_media.go:219.11,220.68 1 0
github.com/saredigital/sarepost/internal/postflow/x_media.go:225.44,227.31 2 0
github.com/saredigital/sarepost/internal/postflow/x_media.go:227.31,229.3 1 0
github.com/saredigital/sarepost/internal/postflow/x_media.go:230.2,230.16 1 0
github.com/saredigital/sarepost/internal/postflow/x_provider.go:18.43,23.2 1 11
github.com/saredigital/sarepost/internal/postflow/x_provider.go:25.48,27.2 1 1
github.com/saredigital/sarepost/internal/postflow/x_provider.go:29.115,32.22 3 3
github.com/saredigital/sarepost/internal/postflow/x_provider.go:32.22,34.3 1 2
github.com/saredigital/sarepost/internal/postflow/x_provider.go:35.2,35.59 1 3
github.com/saredigital/sarepost/internal/postflow/x_provider.go:35.59,37.3 1 2
github.com/saredigital/sarepost/internal/postflow/x_provider.go:38.2,38.26 1 3
github.com/saredigital/sarepost/internal/postflow/x_provider.go:38.26,40.3 1 0
github.com/saredigital/sarepost/internal/postflow/x_provider.go:41.2,41.22 1 3
github.com/saredigital/sarepost/internal/postflow/x_provider.go:44.161,46.133 2 4
github.com/saredigital/sarepost/internal/postflow/x_provider.go:46.133,48.3 1 1
github.com/saredigital/sarepost/internal/postflow/x_provider.go:49.2,49.17 1 3
github.com/saredigital/sarepost/internal/postflow/x_provider.go:49.17,51.3 1 0
github.com/saredigital/sarepost/internal/postflow/x_provider.go:52.2,57.16 2 3
github.com/saredigital/sarepost/internal/postflow/x_provider.go:57.16,59.3 1 0
github.com/saredigital/sarepost/internal/postflow/x_provider.go:60.2,61.16 2 3
github.com/saredigital/sarepost/internal/postflow/x_provider.go:61.16,63.3 1 0
github.com/saredigital/sarepost/internal/postflow/x_provider.go:64.2,65.34 2 3
github.com/saredigital/sarepost/internal/postflow/x_provider.go:65.34,67.55 2 2
github.com/saredigital/sarepost/internal/postflow/x_provider.go:67.55,68.73 1 1
github.com/saredigital/sarepost/internal/postflow/x_provider.go:68.73,70.5 1 0
github.com/saredigital/sarepost/internal/postflow/x_provider.go:72.3,72.48 1 2
github.com/saredigital/sarepost/internal/postflow/x_provider.go:72.48,74.4 1 1
github.com/saredigital/sarepost/internal/postflow/x_provider.go:76.2,76.20 1 3
github.com/saredigital/sarepost/internal/postflow/x_provider.go:79.47,80.33 1 4
github.com/saredigital/sarepost/internal/postflow/x_provider.go:80.33,82.3 1 4
github.com/saredigital/sarepost/internal/postflow/x_provider.go:83.2,83.48 1 0
github.com/saredigital/sarepost/internal/application/dlq/service.go:37.36,38.16 1 1
github.com/saredigital/sarepost/internal/application/dlq/service.go:38.16,40.3 1 0
github.com/saredigital/sarepost/internal/application/dlq/service.go:41.2,41.26 1 1
github.com/saredigital/sarepost/internal/application/dlq/service.go:41.26,43.3 1 1
github.com/saredigital/sarepost/internal/application/dlq/service.go:44.2,44.14 1 0
github.com/saredigital/sarepost/internal/application/dlq/service.go:47.42,50.26 3 5
github.com/saredigital/sarepost/internal/application/dlq/service.go:50.26,52.15 2 13
github.com/saredigital/sarepost/internal/application/dlq/service.go:52.15,53.12 1 4
github.com/saredigital/sarepost/internal/application/dlq/service.go:55.3,55.28 1 9
github.com/saredigital/sarepost/internal/application/dlq/service.go:55.28,56.12 1 3
github.com/saredigital/sarepost/internal/application/dlq/service.go:58.3,59.32 2 6
github.com/saredigital/sarepost/internal/application/dlq/service.go:61.2,61.16 1 5
github.com/saredigital/sarepost/internal/application/dlq/service.go:64.84,66.2 1 1
github.com/saredigital/sarepost/internal/application/dlq/service.go:68.89,70.24 2 1
github.com/saredigital/sarepost/internal/application/dlq/service.go:70.24,72.3 1 1
github.com/saredigital/sarepost/internal/application/dlq/service.go:73.2,73.53 1 0
github.com/saredigital/sarepost/internal/application/dlq/service.go:76.73,78.24 2 1
github.com/saredigital/sarepost/internal/application/dlq/service.go:78.24,80.3 1 1
github.com/saredigital/sarepost/internal/application/dlq/service.go:81.2,81.52 1 0
github.com/saredigital/sarepost/internal/application/dlq/service.go:84.85,86.23 2 2
github.com/saredigital/sarepost/internal/application/dlq/service.go:86.23,88.3 1 1
github.com/saredigital/sarepost/internal/application/dlq/service.go:89.2,90.29 2 1
github.com/saredigital/sarepost/internal/application/dlq/service.go:90.29,91.63 1 2
github.com/saredigital/sarepost/internal/application/dlq/service.go:91.63,93.12 2 1
github.com/saredigital/sarepost/internal/application/dlq/service.go:95.3,95.19 1 1
github.com/saredigital/sarepost/internal/application/dlq/service.go:97.2,97.20 1 1
github.com/saredigital/sarepost/internal/application/dlq/service.go:100.84,102.23 2 2
github.com/saredigital/sarepost/internal/application/dlq/service.go:102.23,104.3 1 1
github.com/saredigital/sarepost/internal/application/dlq/service.go:105.2,106.29 2 1
github.com/saredigital/sarepost/internal/application/dlq/service.go:106.29,107.59 1 2
github.com/saredigital/sarepost/internal/application/dlq/service.go:107.59,109.12 2 1
github.com/saredigital/sarepost/internal/application/dlq/service.go:111.3,111.19 1 1
github.com/saredigital/sarepost/internal/application/dlq/service.go:113.2,113.20 1 1
github.com/saredigital/sarepost/internal/config/config.go:55.29,56.37 1 4
github.com/saredigital/sarepost/internal/config/config.go:56.37,58.3 1 0
github.com/saredigital/sarepost/internal/config/config.go:60.2,61.60 2 4
github.com/saredigital/sarepost/internal/config/config.go:61.60,63.27 2 1
github.com/saredigital/sarepost/internal/config/config.go:63.27,65.4 1 0
github.com/saredigital/sarepost/internal/config/config.go:66.3,66.44 1 1
github.com/saredigital/sarepost/internal/config/config.go:69.2,70.58 2 4
github.com/saredigital/sarepost/internal/config/config.go:70.58,72.27 2 0
github.com/saredigital/sarepost/internal/config/config.go:72.27,74.4 1 0
github.com/saredigital/sarepost/internal/config/config.go:75.3,75.48 1 0
github.com/saredigital/sarepost/internal/config/config.go:78.2,79.56 2 4
github.com/saredigital/sarepost/internal/config/config.go:79.56,81.27 2 0
github.com/saredigital/sarepost/internal/config/config.go:81.27,83.4 1 0
github.com/saredigital/sarepost/internal/config/config.go:84.3,84.24 1 0
github.com/saredigital/sarepost/internal/config/config.go:86.2,87.51 2 4
github.com/saredigital/sarepost/internal/config/config.go:87.51,89.26 2 0
github.com/saredigital/sarepost/internal/config/config.go:89.26,91.4 1 0
github.com/saredigital/sarepost/internal/config/config.go:92.3,92.19 1 0
github.com/saredigital/sarepost/internal/config/config.go:95.2,129.31 2 4
github.com/saredigital/sarepost/internal/config/config.go:129.31,131.3 1 1
github.com/saredigital/sarepost/internal/config/config.go:132.2,132.29 1 3
github.com/saredigital/sarepost/internal/config/config.go:132.29,134.3 1 3
github.com/saredigital/sarepost/internal/config/config.go:135.2,135.17 1 3
github.com/saredigital/sarepost/internal/config/config.go:138.25,140.19 2 4
github.com/saredigital/sarepost/internal/config/config.go:140.19,142.3 1 0
github.com/saredigital/sarepost/internal/config/config.go:144.2,144.47 1 4
github.com/saredigital/sarepost/internal/config/config.go:144.47,145.37 1 2
github.com/saredigital/sarepost/internal/config/config.go:145.37,147.4 1 2
github.com/saredigital/sarepost/internal/config/config.go:148.3,148.49 1 0
github.com/saredigital/sarepost/internal/config/config.go:150.2,150.12 1 2
github.com/saredigital/sarepost/internal/config/config.go:153.42,154.34 1 36
github.com/saredigital/sarepost/internal/config/config.go:154.34,156.3 1 3
github.com/saredigital/sarepost/internal/config/config.go:157.2,157.17 1 33
github.com/saredigital/sarepost/internal/application/posts/create.go:75.41,76.18 1 5
github.com/saredigital/sarepost/internal/application/posts/create.go:76.18,78.3 1 0
github.com/saredigital/sarepost/internal/application/posts/create.go:79.2,79.22 1 5
github.com/saredigital/sarepost/internal/application/posts/create.go:82.41,84.2 1 4
github.com/saredigital/sarepost/internal/application/posts/create.go:86.40,89.2 2 4
github.com/saredigital/sarepost/internal/application/posts/create.go:91.66,94.26 3 7
github.com/saredigital/sarepost/internal/application/posts/create.go:94.26,96.15 2 15
github.com/saredigital/sarepost/internal/application/posts/create.go:96.15,98.4 1 7
github.com/saredigital/sarepost/internal/application/posts/create.go:99.3,99.28 1 8
github.com/saredigital/sarepost/internal/application/posts/create.go:99.28,101.4 1 0
github.com/saredigital/sarepost/internal/application/posts/create.go:102.3,103.24 2 8
github.com/saredigital/sarepost/internal/application/posts/create.go:105.2,105.26 1 7
github.com/saredigital/sarepost/internal/application/posts/create.go:105.26,107.3 1 8
github.com/saredigital/sarepost/internal/application/posts/create.go:108.2,109.12 2 7
github.com/saredigital/sarepost/internal/application/posts/create.go:112.90,113.20 1 7
github.com/saredigital/sarepost/internal/application/posts/create.go:113.20,115.3 1 0
github.com/saredigital/sarepost/internal/application/posts/create.go:116.2,116.23 1 7
github.com/saredigital/sarepost/internal/application/posts/create.go:116.23,118.3 1 0
github.com/saredigital/sarepost/internal/application/posts/create.go:120.2,121.26 2 7
github.com/saredigital/sarepost/internal/application/posts/create.go:121.26,123.3 1 1
github.com/saredigital/sarepost/internal/application/posts/create.go:125.2,126.16 2 6
github.com/saredigital/sarepost/internal/application/posts/create.go:126.16,128.3 1 2
github.com/saredigital/sarepost/internal/application/posts/create.go:130.2,131.22 2 4
github.com/saredigital/sarepost/internal/application/posts/create.go:131.22,133.23 2 4
github.com/saredigital/sarepost/internal/application/posts/create.go:133.23,135.4 1 0
github.com/saredigital/sarepost/internal/application/posts/create.go:138.2,139.31 2 4
github.com/saredigital/sarepost/internal/application/posts/create.go:139.31,141.3 1 1
github.com/saredigital/sarepost/internal/application/posts/create.go:143.2,144.39 2 3
github.com/saredigital/sarepost/internal/application/posts/create.go:144.39,146.17 2 5
github.com/saredigital/sarepost/internal/application/posts/create.go:146.17,148.4 1 0
github.com/saredigital/sarepost/internal/application/posts/create.go:149.3,149.54 1 5
github.com/saredigital/sarepost/internal/application/posts/create.go:149.54,151.4 1 0
github.com/saredigital/sarepost/internal/application/posts/create.go:152.3,153.10 2 5
github.com/saredigital/sarepost/internal/application/posts/create.go:153.10,155.4 1 0
github.com/saredigital/sarepost/internal/application/posts/create.go:156.3,156.101 1 5
github.com/saredigital/sarepost/internal/application/posts/create.go:156.101,158.4 1 1
github.com/saredigital/sarepost/internal/application/posts/create.go:159.3,159.51 1 4
github.com/saredigital/sarepost/internal/application/posts/create.go:162.2,166.41 3 2
github.com/saredigital/sarepost/internal/application/posts/create.go:166.41,168.24 2 4
github.com/saredigital/sarepost/internal/application/posts/create.go:168.24,170.18 2 2
github.com/saredigital/sarepost/internal/application/posts/create.go:170.18,172.98 2 0
github.com/saredigital/sarepost/internal/application/posts/create.go:172.98,174.6 1 0
github.com/saredigital/sarepost/internal/application/posts/create.go:175.5,176.19 2 0
github.com/saredigital/sarepost/internal/application/posts/create.go:176.19,178.6 1 0
github.com/saredigital/sarepost/internal/application/posts/create.go:179.5,179.41 1 0
github.com/saredigital/sarepost/internal/application/posts/create.go:179.41,181.6 1 0
github.com/saredigital/sarepost/internal/application/posts/create.go:182.5,182.13 1 0
github.com/saredigital/sarepost/internal/application/posts/create.go:184.4,184.38 1 2
github.com/saredigital/sarepost/internal/application/posts/create.go:184.38,186.5 1 0
github.com/saredigital/sarepost/internal/application/posts/create.go:189.3,190.17 2 4
github.com/saredigital/sarepost/internal/application/posts/create.go:190.17,192.4 1 0
github.com/saredigital/sarepost/internal/application/posts/create.go:193.3,195.38 3 4
github.com/saredigital/sarepost/internal/application/posts/create.go:195.38,213.18 3 4
github.com/saredigital/sarepost/internal/application/posts/create.go:213.18,214.83 1 1
github.com/saredigital/sarepost/internal/application/posts/create.go:214.83,216.6 1 0
github.com/saredigital/sarepost/internal/application/posts/create.go:217.5,217.31 1 1
github.com/saredigital/sarepost/internal/application/posts/create.go:219.4,219.26 1 3
github.com/saredigital/sarepost/internal/application/posts/create.go:219.26,222.5 2 3
github.com/saredigital/sarepost/internal/application/posts/create.go:223.4,223.21 1 3
github.com/saredigital/sarepost/internal/application/posts/create.go:223.21,225.5 1 3
github.com/saredigital/sarepost/internal/application/posts/create.go:226.4,230.6 2 3
github.com/saredigital/sarepost/internal/application/posts/create.go:234.2,234.17 1 1
github.com/saredigital/sarepost/internal/application/posts/create.go:237.52,238.24 1 7
github.com/saredigital/sarepost/internal/application/posts/create.go:238.24,240.3 1 6
github.com/saredigital/sarepost/internal/application/posts/create.go:241.2,242.31 2 1
github.com/saredigital/sarepost/internal/application/posts/create.go:242.31,244.15 2 1
github.com/saredigital/sarepost/internal/application/posts/create.go:244.15,245.12 1 0
github.com/saredigital/sarepost/internal/application/posts/create.go:247.3,247.24 1 1
github.com/saredigital/sarepost/internal/application/posts/create.go:249.2,249.12 1 1
github.com/saredigital/sarepost/internal/application/posts/create.go:252.70,253.27 1 6
github.com/saredigital/sarepost/internal/application/posts/create.go:253.27,255.17 2 5
github.com/saredigital/sarepost/internal/application/posts/create.go:255.17,257.4 1 1
github.com/saredigital/sarepost/internal/application/posts/create.go:258.3,261.10 1 4
github.com/saredigital/sarepost/internal/application/posts/create.go:263.2,263.42 1 1
github.com/saredigital/sarepost/internal/application/posts/create.go:263.42,265.3 1 1
github.com/saredigital/sarepost/internal/application/posts/create.go:266.2,267.36 2 0
github.com/saredigital/sarepost/internal/application/posts/create.go:267.36,269.17 2 0
github.com/saredigital/sarepost/internal/application/posts/create.go:269.17,271.4 1 0
github.com/saredigital/sarepost/internal/application/posts/create.go:272.3,275.5 1 0
github.com/saredigital/sarepost/internal/application/posts/create.go:277.2,277.22 1 0
github.com/saredigital/sarepost/internal/application/posts/create.go:280.68,283.35 3 6
github.com/saredigital/sarepost/internal/application/posts/create.go:283.35,284.44 1 7
github.com/saredigital/sarepost/internal/application/posts/create.go:284.44,286.21 2 1
github.com/saredigital/sarepost/internal/application/posts/create.go:286.21,287.13 1 0
github.com/saredigital/sarepost/internal/application/posts/create.go:289.4,289.34 1 1
github.com/saredigital/sarepost/internal/application/posts/create.go:289.34,290.13 1 0
github.com/saredigital/sarepost/internal/application/posts/create.go:292.4,293.30 2 1
github.com/saredigital/sarepost/internal/application/posts/create.go:296.2,296.12 1 6
github.com/saredigital/sarepost/internal/application/posts/create.go:299.105,300.24 1 7
github.com/saredigital/sarepost/internal/application/posts/create.go:300.24,302.3 1 6
github.com/saredigital/sarepost/internal/application/posts/create.go:303.2,304.31 2 1
github.com/saredigital/sarepost/internal/application/posts/create.go:304.31,306.20 2 1
github.com/saredigital/sarepost/internal/application/posts/create.go:306.20,307.12 1 0
github.com/saredigital/sarepost/internal/application/posts/create.go:309.3,310.10 2 1
github.com/saredigital/sarepost/internal/application/posts/create.go:310.10,312.4 1 0
github.com/saredigital/sarepost/internal/application/posts/create.go:313.3,313.31 1 1
github.com/saredigital/sarepost/internal/application/posts/create.go:315.2,315.19 1 1
github.com/saredigital/sarepost/internal/application/posts/create.go:318.84,319.18 1 1
github.com/saredigital/sarepost/internal/application/posts/create.go:320.24,321.21 1 0
github.com/saredigital/sarepost/internal/application/posts/create.go:321.21,323.4 1 0
github.com/saredigital/sarepost/internal/application/posts/create.go:324.3,324.13 1 0
github.com/saredigital/sarepost/internal/application/posts/create.go:325.31,326.21 1 1
github.com/saredigital/sarepost/internal/application/posts/create.go:326.21,328.4 1 1
github.com/saredigital/sarepost/internal/application/posts/create.go:329.3,329.13 1 0
github.com/saredigital/sarepost/internal/application/posts/create.go:330.31,331.21 1 0
github.com/saredigital/sarepost/internal/application/posts/create.go:331.21,333.4 1 0
github.com/saredigital/sarepost/internal/application/posts/create.go:334.3,334.13 1 0
github.com/saredigital/sarepost/internal/application/posts/create.go:335.32,336.21 1 0
github.com/saredigital/sarepost/internal/application/posts/create.go:336.21,338.4 1 0
github.com/saredigital/sarepost/internal/application/posts/create.go:339.3,339.13 1 0
github.com/saredigital/sarepost/internal/application/posts/create.go:340.10,341.21 1 0
github.com/saredigital/sarepost/internal/application/posts/create.go:341.21,343.4 1 0
github.com/saredigital/sarepost/internal/application/posts/create.go:344.3,344.13 1 0
github.com/saredigital/sarepost/internal/application/posts/create.go:348.75,349.26 1 4
github.com/saredigital/sarepost/internal/application/posts/create.go:349.26,351.3 1 2
github.com/saredigital/sarepost/internal/application/posts/create.go:352.2,352.35 1 2
github.com/saredigital/sarepost/internal/application/posts/create.go:355.90,357.33 2 1
github.com/saredigital/sarepost/internal/application/posts/create.go:357.33,359.19 2 1
github.com/saredigital/sarepost/internal/application/posts/create.go:359.19,360.12 1 0
github.com/saredigital/sarepost/internal/application/posts/create.go:362.3,362.65 1 1
github.com/saredigital/sarepost/internal/application/posts/create.go:362.65,364.4 1 0
github.com/saredigital/sarepost/internal/application/posts/create.go:366.2,366.29 1 1
github.com/saredigital/sarepost/internal/application/posts/create.go:366.29,368.3 1 0
github.com/saredigital/sarepost/internal/application/posts/create.go:369.2,369.12 1 1
github.com/saredigital/sarepost/internal/application/posts/create.go:372.71,375.48 3 8
github.com/saredigital/sarepost/internal/application/posts/create.go:375.48,377.3 1 4
github.com/saredigital/sarepost/internal/application/posts/create.go:378.2,379.24 2 4
github.com/saredigital/sarepost/internal/application/posts/create.go:379.24,381.3 1 4
github.com/saredigital/sarepost/internal/application/posts/create.go:382.2,385.19 4 0
github.com/saredigital/sarepost/internal/application/posts/create.go:385.19,387.3 1 0
github.com/saredigital/sarepost/internal/application/posts/create.go:388.2,388.27 1 0
github.com/saredigital/sarepost/internal/application/posts/create.go:388.27,390.3 1 0
github.com/saredigital/sarepost/internal/application/posts/create.go:391.2,391.28 1 0
github.com/saredigital/sarepost/internal/application/posts/create.go:394.40,396.19 2 7
github.com/saredigital/sarepost/internal/application/posts/create.go:396.19,398.3 1 4
github.com/saredigital/sarepost/internal/application/posts/create.go:399.2,399.17 1 3
github.com/saredigital/sarepost/internal/application/posts/mutations.go:57.141,59.16 2 15
github.com/saredigital/sarepost/internal/application/posts/mutations.go:60.15,61.26 1 1
github.com/saredigital/sarepost/internal/application/posts/mutations.go:62.21,63.17 1 3
github.com/saredigital/sarepost/internal/application/posts/mutations.go:63.17,65.4 1 0
github.com/saredigital/sarepost/internal/application/posts/mutations.go:66.3,66.26 1 3
github.com/saredigital/sarepost/internal/application/posts/mutations.go:67.18,68.27 1 3
github.com/saredigital/sarepost/internal/application/posts/mutations.go:68.27,70.4 1 2
github.com/saredigital/sarepost/internal/application/posts/mutations.go:72.2,72.26 1 9
github.com/saredigital/sarepost/internal/application/posts/mutations.go:72.26,73.19 1 8
github.com/saredigital/sarepost/internal/application/posts/mutations.go:73.19,74.35 1 8
github.com/saredigital/sarepost/internal/application/posts/mutations.go:74.35,76.5 1 6
github.com/saredigital/sarepost/internal/application/posts/mutations.go:77.4,77.40 1 2
github.com/saredigital/sarepost/internal/application/posts/mutations.go:79.3,79.26 1 0
github.com/saredigital/sarepost/internal/application/posts/mutations.go:81.2,81.31 1 1
github.com/saredigital/sarepost/internal/application/posts/mutations.go:84.76,86.18 2 1
github.com/saredigital/sarepost/internal/application/posts/mutations.go:86.18,88.3 1 1
github.com/saredigital/sarepost/internal/application/posts/mutations.go:89.2,89.40 1 0
github.com/saredigital/sarepost/internal/application/posts/mutations.go:92.84,94.18 2 1
github.com/saredigital/sarepost/internal/application/posts/mutations.go:94.18,96.3 1 1
github.com/saredigital/sarepost/internal/application/posts/mutations.go:97.2,97.48 1 0
github.com/saredigital/sarepost/internal/application/posts/mutations.go:100.121,102.18 2 2
github.com/saredigital/sarepost/internal/application/posts/mutations.go:102.18,104.3 1 1
github.com/saredigital/sarepost/internal/application/posts/mutations.go:105.2,105.26 1 1
github.com/saredigital/sarepost/internal/application/posts/mutations.go:105.26,107.3 1 0
github.com/saredigital/sarepost/internal/application/posts/mutations.go:108.2,108.82 1 1
github.com/saredigital/sarepost/internal/application/posts/mutations.go:108.82,110.3 1 0
github.com/saredigital/sarepost/internal/application/posts/mutations.go:111.2,111.37 1 1
github.com/saredigital/sarepost/internal/application/posts/mutations.go:114.120,116.16 2 10
github.com/saredigital/sarepost/internal/application/posts/mutations.go:116.16,118.3 1 6
github.com/saredigital/sarepost/internal/application/posts/mutations.go:119.2,119.21 1 4
github.com/saredigital/sarepost/internal/application/posts/mutations.go:119.21,121.3 1 0
github.com/saredigital/sarepost/internal/application/posts/mutations.go:122.2,122.22 1 4
github.com/saredigital/sarepost/internal/application/posts/mutations.go:125.126,127.23 2 10
github.com/saredigital/sarepost/internal/application/posts/mutations.go:127.23,129.3 1 1
github.com/saredigital/sarepost/internal/application/posts/mutations.go:131.2,132.33 2 9
github.com/saredigital/sarepost/internal/application/posts/mutations.go:132.33,134.17 2 9
github.com/saredigital/sarepost/internal/application/posts/mutations.go:134.17,136.4 1 5
github.com/saredigital/sarepost/internal/application/posts/mutations.go:137.3,137.36 1 4
github.com/saredigital/sarepost/internal/application/posts/mutations.go:140.2,141.32 2 4
github.com/saredigital/sarepost/internal/application/posts/mutations.go:141.32,142.26 1 4
github.com/saredigital/sarepost/internal/application/posts/mutations.go:142.26,143.91 1 0
github.com/saredigital/sarepost/internal/application/posts/mutations.go:143.91,145.5 1 0
github.com/saredigital/sarepost/internal/application/posts/mutations.go:146.4,147.18 2 0
github.com/saredigital/sarepost/internal/application/posts/mutations.go:147.18,149.5 1 0
github.com/saredigital/sarepost/internal/application/posts/mutations.go:150.4,151.12 2 0
github.com/saredigital/sarepost/internal/application/posts/mutations.go:154.3,154.133 1 4
github.com/saredigital/sarepost/internal/application/posts/mutations.go:154.133,156.4 1 0
github.com/saredigital/sarepost/internal/application/posts/mutations.go:157.3,158.17 2 4
github.com/saredigital/sarepost/internal/application/posts/mutations.go:158.17,160.4 1 0
github.com/saredigital/sarepost/internal/application/posts/mutations.go:161.3,161.34 1 4
github.com/saredigital/sarepost/internal/application/posts/mutations.go:164.2,164.21 1 4
github.com/saredigital/sarepost/internal/application/posts/mutations.go:167.143,169.18 2 9
github.com/saredigital/sarepost/internal/application/posts/mutations.go:169.18,171.3 1 0
github.com/saredigital/sarepost/internal/application/posts/mutations.go:172.2,173.16 2 9
github.com/saredigital/sarepost/internal/application/posts/mutations.go:173.16,175.3 1 0
github.com/saredigital/sarepost/internal/application/posts/mutations.go:176.2,177.16 2 9
github.com/saredigital/sarepost/internal/application/posts/mutations.go:177.16,179.3 1 1
github.com/saredigital/sarepost/internal/application/posts/mutations.go:181.2,181.26 1 8
github.com/saredigital/sarepost/internal/application/posts/mutations.go:181.26,182.43 1 2
github.com/saredigital/sarepost/internal/application/posts/mutations.go:182.43,184.4 1 1
github.com/saredigital/sarepost/internal/application/posts/mutations.go:185.3,185.77 1 1
github.com/saredigital/sarepost/internal/application/posts/mutations.go:185.77,187.4 1 1
github.com/saredigital/sarepost/internal/application/posts/mutations.go:188.3,189.39 2 0
github.com/saredigital/sarepost/internal/application/posts/mutations.go:189.39,191.18 2 0
github.com/saredigital/sarepost/internal/application/posts/mutations.go:191.18,193.5 1 0
github.com/saredigital/sarepost/internal/application/posts/mutations.go:194.4,198.6 1 0
github.com/saredigital/sarepost/internal/application/posts/mutations.go:200.3,201.80 2 0
github.com/saredigital/sarepost/internal/application/posts/mutations.go:201.80,203.4 1 0
github.com/saredigital/sarepost/internal/application/posts/mutations.go:204.3,209.9 1 0
github.com/saredigital/sarepost/internal/application/posts/mutations.go:212.2,213.16 2 6
github.com/saredigital/sarepost/internal/application/posts/mutations.go:213.16,215.3 1 1
github.com/saredigital/sarepost/internal/application/posts/mutations.go:217.2,218.21 2 5
github.com/saredigital/sarepost/internal/application/posts/mutations.go:218.21,220.3 1 3
github.com/saredigital/sarepost/internal/application/posts/mutations.go:221.2,221.95 1 5
github.com/saredigital/sarepost/internal/application/posts/mutations.go:221.95,223.3 1 1
github.com/saredigital/sarepost/internal/application/posts/mutations.go:225.2,232.8 1 4
github.com/saredigital/sarepost/internal/application/posts/mutations.go:235.71,238.26 3 10
github.com/saredigital/sarepost/internal/application/posts/mutations.go:238.26,240.15 2 10
github.com/saredigital/sarepost/internal/application/posts/mutations.go:240.15,242.4 1 1
github.com/saredigital/sarepost/internal/application/posts/mutations.go:243.3,243.36 1 9
github.com/saredigital/sarepost/internal/application/posts/mutations.go:243.36,245.4 1 0
github.com/saredigital/sarepost/internal/application/posts/mutations.go:246.3,247.24 2 9
github.com/saredigital/sarepost/internal/application/posts/mutations.go:249.2,249.26 1 10
github.com/saredigital/sarepost/internal/application/posts/mutations.go:249.26,251.3 1 0
github.com/saredigital/sarepost/internal/application/posts/mutations.go:252.2,253.12 2 10
github.com/saredigital/sarepost/internal/application/posts/mutations.go:256.126,257.23 1 1
github.com/saredigital/sarepost/internal/application/posts/mutations.go:257.23,259.3 1 0
github.com/saredigital/sarepost/internal/application/posts/mutations.go:261.2,262.16 2 1
github.com/saredigital/sarepost/internal/application/posts/mutations.go:262.16,264.3 1 0
github.com/saredigital/sarepost/internal/application/posts/mutations.go:265.2,266.9 2 1
github.com/saredigital/sarepost/internal/application/posts/mutations.go:266.9,268.3 1 0
github.com/saredigital/sarepost/internal/application/posts/mutations.go:269.2,269.100 1 1
github.com/saredigital/sarepost/internal/application/posts/mutations.go:269.100,271.3 1 1
github.com/saredigital/sarepost/internal/application/posts/mutations.go:272.2,272.12 1 0
github.com/saredigital/sarepost/internal/application/posts/mutations.go:275.145,276.23 1 5
github.com/saredigital/sarepost/internal/application/posts/mutations.go:276.23,278.3 1 2
github.com/saredigital/sarepost/internal/application/posts/mutations.go:280.2,281.16 2 3
github.com/saredigital/sarepost/internal/application/posts/mutations.go:281.16,283.3 1 0
github.com/saredigital/sarepost/internal/application/posts/mutations.go:284.2,285.9 2 3
github.com/saredigital/sarepost/internal/application/posts/mutations.go:285.9,287.3 1 0
github.com/saredigital/sarepost/internal/application/posts/mutations.go:289.2,290.18 2 3
github.com/saredigital/sarepost/internal/application/posts/mutations.go:290.18,292.17 2 3
github.com/saredigital/sarepost/internal/application/posts/mutations.go:292.17,294.4 1 0
github.com/saredigital/sarepost/internal/application/posts/mutations.go:296.2,299.17 1 3
github.com/saredigital/sarepost/internal/application/posts/mutations.go:299.17,301.3 1 1
github.com/saredigital/sarepost/internal/application/posts/mutations.go:302.2,302.12 1 2
github.com/saredigital/sarepost/internal/application/posts/mutations.go:305.54,306.21 1 5
github.com/saredigital/sarepost/internal/application/posts/mutations.go:306.21,308.3 1 3
github.com/saredigital/sarepost/internal/application/posts/mutations.go:309.2,310.29 2 2
github.com/saredigital/sarepost/internal/application/posts/mutations.go:310.29,312.15 2 2
github.com/saredigital/sarepost/internal/application/posts/mutations.go:312.15,313.12 1 0
github.com/saredigital/sarepost/internal/application/posts/mutations.go:315.3,315.24 1 2
github.com/saredigital/sarepost/internal/application/posts/mutations.go:317.2,317.12 1 2
github.com/saredigital/sarepost/internal/application/posts/schedule_list.go:60.66,61.49 1 3
github.com/saredigital/sarepost/internal/application/posts/schedule_list.go:62.48,63.43 1 1
github.com/saredigital/sarepost/internal/application/posts/schedule_list.go:64.37,65.36 1 1
github.com/saredigital/sarepost/internal/application/posts/schedule_list.go:66.10,67.40 1 1
github.com/saredigital/sarepost/internal/application/posts/schedule_list.go:71.127,72.20 1 2
github.com/saredigital/sarepost/internal/application/posts/schedule_list.go:72.20,74.3 1 0
github.com/saredigital/sarepost/internal/application/posts/schedule_list.go:75.2,75.75 1 2
github.com/saredigital/sarepost/internal/application/posts/schedule_list.go:75.75,77.3 1 0
github.com/saredigital/sarepost/internal/application/posts/schedule_list.go:79.2,80.16 2 2
github.com/saredigital/sarepost/internal/application/posts/schedule_list.go:80.16,82.3 1 0
github.com/saredigital/sarepost/internal/application/posts/schedule_list.go:83.2,83.35 1 2
github.com/saredigital/sarepost/internal/application/posts/schedule_list.go:83.35,88.3 1 1
github.com/saredigital/sarepost/internal/application/posts/schedule_list.go:90.2,93.33 4 1
github.com/saredigital/sarepost/internal/application/posts/schedule_list.go:93.33,95.28 2 3
github.com/saredigital/sarepost/internal/application/posts/schedule_list.go:95.28,98.18 3 0
github.com/saredigital/sarepost/internal/application/posts/schedule_list.go:98.18,100.5 1 0
github.com/saredigital/sarepost/internal/application/posts/schedule_list.go:102.3,102.86 1 3
github.com/saredigital/sarepost/internal/application/posts/schedule_list.go:105.2,108.8 1 1
github.com/saredigital/sarepost/internal/application/posts/schedule_list.go:111.51,112.21 1 1
github.com/saredigital/sarepost/internal/application/posts/schedule_list.go:112.21,114.3 1 0
github.com/saredigital/sarepost/internal/application/posts/schedule_list.go:115.2,117.29 3 1
github.com/saredigital/sarepost/internal/application/posts/schedule_list.go:117.29,119.19 2 6
github.com/saredigital/sarepost/internal/application/posts/schedule_list.go:119.19,120.12 1 0
github.com/saredigital/sarepost/internal/application/posts/schedule_list.go:122.3,122.32 1 6
github.com/saredigital/sarepost/internal/application/posts/schedule_list.go:122.32,123.12 1 3
github.com/saredigital/sarepost/internal/application/posts/schedule_list.go:125.3,126.28 2 3
github.com/saredigital/sarepost/internal/application/posts/schedule_list.go:128.2,128.12 1 1
github.com/saredigital/sarepost/internal/application/posts/schedule_list.go:131.72,133.29 2 1
github.com/saredigital/sarepost/internal/application/posts/schedule_list.go:133.29,135.19 2 6
github.com/saredigital/sarepost/internal/application/posts/schedule_list.go:135.19,136.12 1 0
github.com/saredigital/sarepost/internal/application/posts/schedule_list.go:138.3,138.42 1 6
github.com/saredigital/sarepost/internal/application/posts/schedule_list.go:140.2,140.12 1 1
github.com/saredigital/sarepost/internal/application/posts/schedule_list.go:143.95,150.22 3 3
github.com/saredigital/sarepost/internal/application/posts/schedule_list.go:150.22,152.3 1 0
github.com/saredigital/sarepost/internal/application/posts/schedule_list.go:154.2,164.30 10 3
github.com/saredigital/sarepost/internal/application/posts/schedule_list.go:164.30,175.3 4 6
github.com/saredigital/sarepost/internal/application/posts/schedule_list.go:176.2,177.20 2 3
github.com/saredigital/sarepost/internal/application/posts/schedule_list.go:180.64,181.21 1 3
github.com/saredigital/sarepost/internal/application/posts/schedule_list.go:181.21,183.3 1 0
github.com/saredigital/sarepost/internal/application/posts/schedule_list.go:184.2,185.44 2 3
github.com/saredigital/sarepost/internal/application/posts/schedule_list.go:185.44,188.26 3 3
github.com/saredigital/sarepost/internal/application/posts/schedule_list.go:188.26,190.4 1 3
github.com/saredigital/sarepost/internal/application/posts/schedule_list.go:191.3,191.48 1 0
github.com/saredigital/sarepost/internal/application/posts/schedule_list.go:191.48,193.4 1 0
github.com/saredigital/sarepost/internal/application/posts/schedule_list.go:194.3,194.69 1 0
github.com/saredigital/sarepost/internal/application/posts/schedule_list.go:196.2,196.12 1 3
github.com/saredigital/sarepost/internal/application/posts/schedule_list.go:199.53,200.29 1 12
github.com/saredigital/sarepost/internal/application/posts/schedule_list.go:200.29,202.3 1 12
github.com/saredigital/sarepost/internal/application/posts/schedule_list.go:203.2,203.10 1 0
github.com/saredigital/sarepost/internal/application/posts/schedule_list.go:206.50,207.73 1 12
github.com/saredigital/sarepost/internal/application/posts/schedule_list.go:207.73,209.3 1 6
github.com/saredigital/sarepost/internal/application/posts/schedule_list.go:210.2,210.35 1 6
github.com/saredigital/sarepost/internal/application/posts/schedule_list.go:213.72,218.29 5 3
github.com/saredigital/sarepost/internal/application/posts/schedule_list.go:218.29,219.22 1 6
github.com/saredigital/sarepost/internal/application/posts/schedule_list.go:220.32,221.34 1 0
github.com/saredigital/sarepost/internal/application/posts/schedule_list.go:222.36,223.24 1 0
github.com/saredigital/sarepost/internal/application/posts/schedule_list.go:224.35,225.23 1 0
github.com/saredigital/sarepost/internal/application/posts/schedule_list.go:226.35,227.23 1 6
github.com/saredigital/sarepost/internal/application/posts/schedule_list.go:228.31,229.19 1 0
github.com/saredigital/sarepost/internal/application/posts/schedule_list.go:232.2,232.9 1 3
github.com/saredigital/sarepost/internal/application/posts/schedule_list.go:233.21,234.37 1 0
github.com/saredigital/sarepost/internal/application/posts/schedule_list.go:235.50,236.37 1 0
github.com/saredigital/sarepost/internal/application/posts/schedule_list.go:237.20,238.36 1 0
github.com/saredigital/sarepost/internal/application/posts/schedule_list.go:239.20,240.36 1 3
github.com/saredigital/sarepost/internal/application/posts/schedule_list.go:241.16,242.32 1 0
github.com/saredigital/sarepost/internal/application/posts/schedule_list.go:243.10,244.36 1 0
github.com/saredigital/sarepost/internal/application/posts/schedule_list.go:248.55,249.21 1 6
github.com/saredigital/sarepost/internal/application/posts/schedule_list.go:249.21,251.3 1 5
github.com/saredigital/sarepost/internal/application/posts/schedule_list.go:252.2,253.29 2 1
github.com/saredigital/sarepost/internal/application/posts/schedule_list.go:253.29,255.15 2 1
github.com/saredigital/sarepost/internal/application/posts/schedule_list.go:255.15,256.12 1 0
github.com/saredigital/sarepost/internal/application/posts/schedule_list.go:258.3,258.24 1 1
github.com/saredigital/sarepost/internal/application/posts/schedule_list.go:260.2,260.12 1 1
github.com/saredigital/sarepost/internal/application/posts/thread_validation.go:14.143,16.24 2 6
github.com/saredigital/sarepost/internal/application/posts/thread_validation.go:16.24,18.3 1 5
github.com/saredigital/sarepost/internal/application/posts/thread_validation.go:19.2,20.16 2 1
github.com/saredigital/sarepost/internal/application/posts/thread_validation.go:20.16,22.3 1 0
github.com/saredigital/sarepost/internal/application/posts/thread_validation.go:23.2,24.34 2 1
github.com/saredigital/sarepost/internal/application/posts/thread_validation.go:24.34,26.3 1 1
github.com/saredigital/sarepost/internal/application/posts/thread_validation.go:27.2,27.23 1 1
github.com/saredigital/sarepost/internal/application/posts/thread_validation.go:30.180,32.16 2 6
github.com/saredigital/sarepost/internal/application/posts/thread_validation.go:32.16,34.3 1 0
github.com/saredigital/sarepost/internal/application/posts/thread_validation.go:35.2,35.37 1 6
github.com/saredigital/sarepost/internal/application/posts/thread_validation.go:35.37,37.17 2 7
github.com/saredigital/sarepost/internal/application/posts/thread_validation.go:37.17,39.4 1 0
github.com/saredigital/sarepost/internal/application/posts/thread_validation.go:40.3,40.15 1 7
github.com/saredigital/sarepost/internal/application/posts/thread_validation.go:40.15,41.120 1 6
github.com/saredigital/sarepost/internal/application/posts/thread_validation.go:41.120,43.5 1 1
github.com/saredigital/sarepost/internal/application/posts/thread_validation.go:44.4,44.12 1 5
github.com/saredigital/sarepost/internal/application/posts/thread_validation.go:46.3,46.78 1 1
github.com/saredigital/sarepost/internal/application/posts/thread_validation.go:46.78,48.4 1 1
github.com/saredigital/sarepost/internal/application/posts/thread_validation.go:50.2,50.12 1 4
github.com/saredigital/sarepost/internal/textfmt/format.go:9.49,18.23 8 4
github.com/saredigital/sarepost/internal/textfmt/format.go:18.23,19.23 1 13
github.com/saredigital/sarepost/internal/textfmt/format.go:19.23,21.4 1 1
github.com/saredigital/sarepost/internal/textfmt/format.go:22.3,23.16 2 12
github.com/saredigital/sarepost/internal/textfmt/format.go:26.2,27.30 2 4
github.com/saredigital/sarepost/internal/textfmt/format.go:27.30,28.35 1 113
github.com/saredigital/sarepost/internal/textfmt/format.go:28.35,31.12 3 0
github.com/saredigital/sarepost/internal/textfmt/format.go:33.3,33.23 1 113
github.com/saredigital/sarepost/internal/textfmt/format.go:33.23,37.12 4 1
github.com/saredigital/sarepost/internal/textfmt/format.go:39.3,39.91 1 112
github.com/saredigital/sarepost/internal/textfmt/format.go:39.91,45.12 6 2
github.com/saredigital/sarepost/internal/textfmt/format.go:47.3,47.133 1 110
github.com/saredigital/sarepost/internal/textfmt/format.go:47.133,53.12 6 2
github.com/saredigital/sarepost/internal/textfmt/format.go:55.3,60.52 1 108
github.com/saredigital/sarepost/internal/textfmt/format.go:60.52,66.12 6 2
github.com/saredigital/sarepost/internal/textfmt/format.go:68.3,71.52 1 106
github.com/saredigital/sarepost/internal/textfmt/format.go:71.52,77.12 6 2
github.com/saredigital/sarepost/internal/textfmt/format.go:79.3,80.6 2 104
github.com/saredigital/sarepost/internal/textfmt/format.go:83.2,84.16 2 4
github.com/saredigital/sarepost/internal/textfmt/format.go:84.16,86.3 1 0
github.com/saredigital/sarepost/internal/textfmt/format.go:87.2,87.14 1 4
github.com/saredigital/sarepost/internal/textfmt/format.go:87.14,89.3 1 0
github.com/saredigital/sarepost/internal/textfmt/format.go:90.2,90.21 1 4
github.com/saredigital/sarepost/internal/textfmt/format.go:93.41,104.23 9 3
github.com/saredigital/sarepost/internal/textfmt/format.go:104.23,105.23 1 12
github.com/saredigital/sarepost/internal/textfmt/format.go:105.23,107.4 1 1
github.com/saredigital/sarepost/internal/textfmt/format.go:108.3,109.16 2 11
github.com/saredigital/sarepost/internal/textfmt/format.go:112.2,113.30 2 3
github.com/saredigital/sarepost/internal/textfmt/format.go:113.30,114.35 1 66
github.com/saredigital/sarepost/internal/textfmt/format.go:114.35,117.12 3 0
github.com/saredigital/sarepost/internal/textfmt/format.go:119.3,119.23 1 66
github.com/saredigital/sarepost/internal/textfmt/format.go:119.23,123.12 4 1
github.com/saredigital/sarepost/internal/textfmt/format.go:125.3,125.91 1 65
github.com/saredigital/sarepost/internal/textfmt/format.go:125.91,131.12 6 2
github.com/saredigital/sarepost/internal/textfmt/format.go:133.3,133.133 1 63
github.com/saredigital/sarepost/internal/textfmt/format.go:133.133,139.12 6 2
github.com/saredigital/sarepost/internal/textfmt/format.go:141.3,146.52 1 61
github.com/saredigital/sarepost/internal/textfmt/format.go:146.52,152.12 6 2
github.com/saredigital/sarepost/internal/textfmt/format.go:154.3,157.52 1 59
github.com/saredigital/sarepost/internal/textfmt/format.go:157.52,163.12 6 2
github.com/saredigital/sarepost/internal/textfmt/format.go:165.3,166.6 2 57
github.com/saredigital/sarepost/internal/textfmt/format.go:169.2,170.16 2 3
github.com/saredigital/sarepost/internal/textfmt/format.go:170.16,172.3 1 0
github.com/saredigital/sarepost/internal/textfmt/format.go:173.2,173.14 1 3
github.com/saredigital/sarepost/internal/textfmt/format.go:173.14,175.3 1 0
github.com/saredigital/sarepost/internal/textfmt/format.go:176.2,177.21 2 3
github.com/saredigital/sarepost/internal/textfmt/format.go:180.51,189.23 8 2
github.com/saredigital/sarepost/internal/textfmt/format.go:189.23,190.23 1 6
github.com/saredigital/sarepost/internal/textfmt/format.go:190.23,192.4 1 1
github.com/saredigital/sarepost/internal/textfmt/format.go:193.3,194.16 2 5
github.com/saredigital/sarepost/internal/textfmt/format.go:197.2,198.30 2 2
github.com/saredigital/sarepost/internal/textfmt/format.go:198.30,199.35 1 50
github.com/saredigital/sarepost/internal/textfmt/format.go:199.35,202.12 3 4
github.com/saredigital/sarepost/internal/textfmt/format.go:204.3,204.23 1 46
github.com/saredigital/sarepost/internal/textfmt/format.go:204.23,208.12 4 0
github.com/saredigital/sarepost/internal/textfmt/format.go:210.3,210.91 1 46
github.com/saredigital/sarepost/internal/textfmt/format.go:210.91,215.12 5 1
github.com/saredigital/sarepost/internal/textfmt/format.go:217.3,217.133 1 45
github.com/saredigital/sarepost/internal/textfmt/format.go:217.133,222.12 5 1
github.com/saredigital/sarepost/internal/textfmt/format.go:224.3,229.52 1 44
github.com/saredigital/sarepost/internal/textfmt/format.go:229.52,234.12 5 1
github.com/saredigital/sarepost/internal/textfmt/format.go:236.3,239.52 1 43
github.com/saredigital/sarepost/internal/textfmt/format.go:239.52,244.12 5 1
github.com/saredigital/sarepost/internal/textfmt/format.go:246.3,247.6 2 42
github.com/saredigital/sarepost/internal/textfmt/format.go:250.2,251.21 2 2
github.com/saredigital/sarepost/internal/textfmt/format.go:254.62,255.22 1 5
github.com/saredigital/sarepost/internal/textfmt/format.go:255.22,257.3 1 3
github.com/saredigital/sarepost/internal/textfmt/format.go:258.2,259.26 2 2
github.com/saredigital/sarepost/internal/textfmt/format.go:259.26,261.3 1 11
github.com/saredigital/sarepost/internal/textfmt/format.go:262.2,262.21 1 2
github.com/saredigital/sarepost/internal/textfmt/format.go:265.58,266.9 1 11
github.com/saredigital/sarepost/internal/textfmt/format.go:267.22,268.44 1 0
github.com/saredigital/sarepost/internal/textfmt/format.go:268.44,270.4 1 0
github.com/saredigital/sarepost/internal/textfmt/format.go:271.12,272.38 1 5
github.com/saredigital/sarepost/internal/textfmt/format.go:272.38,274.4 1 5
github.com/saredigital/sarepost/internal/textfmt/format.go:275.14,276.40 1 6
github.com/saredigital/sarepost/internal/textfmt/format.go:276.40,278.4 1 6
github.com/saredigital/sarepost/internal/textfmt/format.go:280.2,280.10 1 0
github.com/saredigital/sarepost/internal/textfmt/format.go:283.38,284.9 1 5
github.com/saredigital/sarepost/internal/textfmt/format.go:285.28,286.41 1 0
github.com/saredigital/sarepost/internal/textfmt/format.go:287.28,288.41 1 5
github.com/saredigital/sarepost/internal/textfmt/format.go:289.28,290.41 1 0
github.com/saredigital/sarepost/internal/textfmt/format.go:291.10,292.18 1 0
github.com/saredigital/sarepost/internal/textfmt/format.go:296.40,297.9 1 6
github.com/saredigital/sarepost/internal/textfmt/format.go:298.28,299.41 1 0
github.com/saredigital/sarepost/internal/textfmt/format.go:300.28,301.15 1 6
github.com/saredigital/sarepost/internal/textfmt/format.go:301.15,303.4 1 0
github.com/saredigital/sarepost/internal/textfmt/format.go:304.3,304.41 1 6
github.com/saredigital/sarepost/internal/textfmt/format.go:305.10,306.18 1 0
github.com/saredigital/sarepost/internal/textfmt/format.go:310.44,311.9 1 0
github.com/saredigital/sarepost/internal/textfmt/format.go:312.28,313.41 1 0
github.com/saredigital/sarepost/internal/textfmt/format.go:314.28,315.41 1 0
github.com/saredigital/sarepost/internal/textfmt/format.go:316.10,317.18 1 0
github.com/saredigital/sarepost/internal/textfmt/format.go:321.50,323.2 1 9
github.com/saredigital/sarepost/internal/textfmt/format.go:325.75,326.40 1 5
github.com/saredigital/sarepost/internal/textfmt/format.go:326.40,327.35 1 30
github.com/saredigital/sarepost/internal/textfmt/format.go:327.35,329.12 2 0
github.com/saredigital/sarepost/internal/textfmt/format.go:331.3,331.89 1 30
github.com/saredigital/sarepost/internal/textfmt/format.go:331.89,333.4 1 5
github.com/saredigital/sarepost/internal/textfmt/format.go:335.2,335.14 1 0
github.com/saredigital/sarepost/internal/textfmt/format.go:338.75,339.38 1 5
github.com/saredigital/sarepost/internal/textfmt/format.go:339.38,340.35 1 35
github.com/saredigital/sarepost/internal/textfmt/format.go:340.35,342.12 2 0
github.com/saredigital/sarepost/internal/textfmt/format.go:344.3,344.65 1 35
github.com/saredigital/sarepost/internal/textfmt/format.go:344.65,346.4 1 5
github.com/saredigital/sarepost/internal/textfmt/format.go:348.2,348.14 1 0
github.com/saredigital/sarepost/internal/textfmt/format.go:351.51,352.43 1 294
github.com/saredigital/sarepost/internal/textfmt/format.go:352.43,354.3 1 290
github.com/saredigital/sarepost/internal/textfmt/format.go:355.2,355.33 1 4
github.com/saredigital/sarepost/internal/textfmt/format.go:358.32,360.2 1 365
github.com/saredigital/sarepost/internal/textfmt/format.go:362.74,363.19 1 11
github.com/saredigital/sarepost/internal/textfmt/format.go:363.19,365.3 1 5
github.com/saredigital/sarepost/internal/textfmt/format.go:366.2,367.62 2 6
github.com/saredigital/sarepost/internal/textfmt/format.go:367.62,369.3 1 0
github.com/saredigital/sarepost/internal/textfmt/format.go:370.2,370.14 1 6
github.com/saredigital/sarepost/internal/textfmt/format.go:370.14,372.3 1 0
github.com/saredigital/sarepost/internal/textfmt/format.go:373.2,373.34 1 6
github.com/saredigital/sarepost/internal/textfmt/format.go:376.74,377.19 1 20
github.com/saredigital/sarepost/internal/textfmt/format.go:377.19,379.3 1 10
github.com/saredigital/sarepost/internal/textfmt/format.go:380.2,381.52 2 10
github.com/saredigital/sarepost/internal/textfmt/format.go:381.52,383.3 1 0
github.com/saredigital/sarepost/internal/textfmt/format.go:384.2,385.27 2 10
github.com/saredigital/sarepost/internal/textfmt/format.go:385.27,387.3 1 6
github.com/saredigital/sarepost/internal/textfmt/format.go:388.2,388.36 1 4
github.com/saredigital/sarepost/internal/textfmt/format.go:391.30,393.2 1 10
github.com/saredigital/sarepost/internal/textfmt/format.go:395.38,404.2 2 12
github.com/saredigital/sarepost/internal/textfmt/format.go:406.41,408.26 2 11
github.com/saredigital/sarepost/internal/textfmt/format.go:408.26,409.12 1 57
github.com/saredigital/sarepost/internal/textfmt/format.go:410.13,411.27 1 0
github.com/saredigital/sarepost/internal/textfmt/format.go:412.12,413.26 1 1
github.com/saredigital/sarepost/internal/textfmt/format.go:414.12,415.26 1 1
github.com/saredigital/sarepost/internal/textfmt/format.go:416.11,417.27 1 55
github.com/saredigital/sarepost/internal/textfmt/format.go:417.27,419.13 2 53
github.com/saredigital/sarepost/internal/textfmt/format.go:421.4,423.22 3 2
github.com/saredigital/sarepost/internal/textfmt/format.go:426.2,426.21 1 11
github.com/saredigital/sarepost/internal/worker/worker.go:25.44,30.6 4 1
github.com/saredigital/sarepost/internal/worker/worker.go:30.6,31.10 1 1
github.com/saredigital/sarepost/internal/worker/worker.go:32.21,33.10 1 1
github.com/saredigital/sarepost/internal/worker/worker.go:34.19,35.18 1 0
github.com/saredigital/sarepost/internal/worker/worker.go:40.46,42.16 2 2
github.com/saredigital/sarepost/internal/worker/worker.go:42.16,44.3 1 1
github.com/saredigital/sarepost/internal/worker/worker.go:44.8,44.26 1 1
github.com/saredigital/sarepost/internal/worker/worker.go:44.26,46.3 1 0
github.com/saredigital/sarepost/internal/worker/worker.go:48.2,56.21 2 2
github.com/saredigital/sarepost/internal/worker/worker.go:59.102,61.16 2 16
github.com/saredigital/sarepost/internal/worker/worker.go:61.16,62.36 1 14
github.com/saredigital/sarepost/internal/worker/worker.go:62.36,64.4 1 14
github.com/saredigital/sarepost/internal/worker/worker.go:65.3,65.37 1 0
github.com/saredigital/sarepost/internal/worker/worker.go:67.2,68.98 2 2
github.com/saredigital/sarepost/internal/worker/worker.go:68.98,70.3 1 1
github.com/saredigital/sarepost/internal/worker/worker.go:71.2,71.30 1 1
github.com/saredigital/sarepost/internal/worker/worker.go:71.30,73.3 1 0
github.com/saredigital/sarepost/internal/worker/worker.go:74.2,74.25 1 1
github.com/saredigital/sarepost/internal/worker/worker.go:81.118,83.2 1 13
github.com/saredigital/sarepost/internal/worker/worker.go:85.128,87.16 2 2
github.com/saredigital/sarepost/internal/worker/worker.go:87.16,89.3 1 0
github.com/saredigital/sarepost/internal/worker/worker.go:90.2,95.4 1 2
